pdb_id,chain_id,pocket_id,n_candidates,posebusters_pass_rate,reliability_proxy_rate
2gns,A,2gns-A-rec-4qer-stl-lig-tt-min-0-pocket10_2gns-A-rec-4qer-stl-lig-tt-min-0,100,0.69,0.7
1jn2,P,1jn2-P-rec-1val-png-lig-tt-docked-11-pocket10_1jn2-P-rec-1val-png-lig-tt-docked-11,100,0.68,0.97
1dxo,C,1dxo-C-rec-1gg5-e09-lig-tt-min-0-pocket10_1dxo-C-rec-1gg5-e09-lig-tt-min-0,100,0.68,0.98
14gs,A,14gs-A-rec-20gs-cbd-lig-tt-min-0-pocket10_14gs-A-rec-20gs-cbd-lig-tt-min-0,100,0.74,0.92
2pqw,A,2pqw-A-rec-2rhy-mlz-lig-tt-min-0-pocket10_2pqw-A-rec-2rhy-mlz-lig-tt-min-0,100,0.71,0.99
1a2g,A,1a2g-A-rec-4jmv-1ly-lig-tt-min-0-pocket10_1a2g-A-rec-4jmv-1ly-lig-tt-min-0,100,0.74,0.99
2rhy,A,2rhy-A-rec-2rhy-mlz-lig-tt-min-0-pocket10_2rhy-A-rec-2rhy-mlz-lig-tt-min-0,100,0.43,0.59
1d7j,A,1d7j-A-rec-1tco-fk5-lig-tt-docked-0-pocket10_1d7j-A-rec-1tco-fk5-lig-tt-docked-0,100,0.44,0.87
2e6d,A,2e6d-A-rec-2e6d-fum-lig-tt-min-0-pocket10_2e6d-A-rec-2e6d-fum-lig-tt-min-0,100,0.51,0.91
2azy,A,2azy-A-rec-2azy-chd-lig-tt-docked-0-pocket10_2azy-A-rec-2azy-chd-lig-tt-docked-0,100,0.52,1.0
2hcj,B,2hcj-B-rec-2hcj-gdp-lig-tt-docked-0-pocket10_2hcj-B-rec-2hcj-gdp-lig-tt-docked-0,100,0.59,0.88
2e24,A,2e24-A-rec-1j0n-ceg-lig-tt-docked-14-pocket10_2e24-A-rec-1j0n-ceg-lig-tt-docked-14,100,0.63,0.99
2f2c,B,2f2c-B-rec-1xo2-fse-lig-tt-min-0-pocket10_2f2c-B-rec-1xo2-fse-lig-tt-min-0,100,0.64,0.99
2cy0,A,2cy0-A-rec-2d5c-skm-lig-tt-min-0-pocket10_2cy0-A-rec-2d5c-skm-lig-tt-min-0,100,0.49,0.84
1afs,A,1afs-A-rec-1afs-tes-lig-tt-min-0-pocket10_1afs-A-rec-1afs-tes-lig-tt-min-0,100,0.6,0.98
1rs9,A,1rs9-A-rec-1dmk-itu-lig-tt-min-0-pocket10_1rs9-A-rec-1dmk-itu-lig-tt-min-0,100,0.62,0.99
2pc8,A,2pc8-A-rec-1eqc-cts-lig-tt-docked-6-pocket10_2pc8-A-rec-1eqc-cts-lig-tt-docked-6,100,0.26,0.79
1k9t,A,1k9t-A-rec-2wlz-dio-lig-tt-min-0-pocket10_1k9t-A-rec-2wlz-dio-lig-tt-min-0,100,0.54,0.69
1gg5,A,1gg5-A-rec-1kbo-340-lig-tt-min-0-pocket10_1gg5-A-rec-1kbo-340-lig-tt-min-0,100,0.59,0.99
1h0i,A,1h0i-A-rec-1e6z-ngo-lig-it2-tt-docked-15-pocket10_1h0i-A-rec-1e6z-ngo-lig-it2-tt-docked-15,100,0.44,0.91
1ai4,A,1ai4-A-rec-1ai5-mnp-lig-tt-docked-0-pocket10_1ai4-A-rec-1ai5-mnp-lig-tt-docked-0,100,0.49,0.89
1djy,A,1djy-A-rec-1djz-ip2-lig-tt-min-0-pocket10_1djy-A-rec-1djz-ip2-lig-tt-min-0,100,0.61,0.97
1coy,A,1coy-A-rec-1coy-and-lig-tt-docked-0-pocket10_1coy-A-rec-1coy-and-lig-tt-docked-0,100,0.33,1.0
2jjg,A,2jjg-A-rec-2jjg-plp-lig-tt-min-0-pocket10_2jjg-A-rec-2jjg-plp-lig-tt-min-0,100,0.49,0.93
1r1h,A,1r1h-A-rec-1r1h-bir-lig-tt-docked-1-pocket10_1r1h-A-rec-1r1h-bir-lig-tt-docked-1,100,0.53,0.96
1l3l,A,1l3l-A-rec-1l3l-lae-lig-tt-min-0-pocket10_1l3l-A-rec-1l3l-lae-lig-tt-min-0,100,0.38,0.51
1phk,A,1phk-A-rec-1phk-atp-lig-tt-min-0-pocket10_1phk-A-rec-1phk-atp-lig-tt-min-0,100,0.58,0.98
1umd,B,1umd-B-rec-1umb-tdp-lig-tt-docked-1-pocket10_1umd-B-rec-1umb-tdp-lig-tt-docked-1,100,0.53,0.97
1fmc,B,1fmc-B-rec-1fmc-cho-lig-tt-docked-1-pocket10_1fmc-B-rec-1fmc-cho-lig-tt-docked-1,100,0.64,0.99
1h36,A,1h36-A-rec-1o79-r23-lig-tt-docked-5-pocket10_1h36-A-rec-1o79-r23-lig-tt-docked-5,100,0.51,0.91
2rma,A,2rma-A-rec-3rdd-ea4-lig-tt-docked-0-pocket10_2rma-A-rec-3rdd-ea4-lig-tt-docked-0,100,0.62,0.91
1e8h,A,1e8h-A-rec-1e8h-adp-lig-tt-min-0-pocket10_1e8h-A-rec-1e8h-adp-lig-tt-min-0,100,0.41,0.95
2v3r,A,2v3r-A-rec-1dy4-snp-lig-tt-docked-1-pocket10_2v3r-A-rec-1dy4-snp-lig-tt-docked-1,100,0.61,0.99
3chc,B,3chc-B-rec-3ch9-xrg-lig-tt-min-0-pocket10_3chc-B-rec-3ch9-xrg-lig-tt-min-0,100,0.48,0.87
2zen,A,2zen-A-rec-2afx-1bn-lig-tt-docked-7-pocket10_2zen-A-rec-2afx-1bn-lig-tt-docked-7,100,0.73,0.98
3ej8,A,3ej8-A-rec-2nsi-itu-lig-tt-min-0-pocket10_3ej8-A-rec-2nsi-itu-lig-tt-min-0,100,0.68,0.98
2z3h,A,2z3h-A-rec-1wn6-bst-lig-tt-docked-3-pocket10_2z3h-A-rec-1wn6-bst-lig-tt-docked-3,100,0.49,0.93
3gs6,A,3gs6-A-rec-2oxn-oan-lig-tt-docked-4-pocket10_3gs6-A-rec-2oxn-oan-lig-tt-docked-4,100,0.43,0.99
3g51,A,3g51-A-rec-3g51-anp-lig-tt-min-0-pocket10_3g51-A-rec-3g51-anp-lig-tt-min-0,100,0.64,0.98
3l3n,A,3l3n-A-rec-2iux-nxa-lig-tt-docked-2-pocket10_3l3n-A-rec-2iux-nxa-lig-tt-docked-2,100,0.56,0.98
3hy9,B,3hy9-B-rec-3hyg-099-lig-tt-min-0-pocket10_3hy9-B-rec-3hyg-099-lig-tt-min-0,100,0.62,0.96
3b6h,A,3b6h-A-rec-3b6h-mxd-lig-tt-min-0-pocket10_3b6h-A-rec-3b6h-mxd-lig-tt-min-0,100,0.52,0.99
3af2,A,3af2-A-rec-3af4-gcp-lig-tt-min-0-pocket10_3af2-A-rec-3af4-gcp-lig-tt-min-0,100,0.51,0.99
3li4,A,3li4-A-rec-2gvv-di9-lig-tt-min-0-pocket10_3li4-A-rec-2gvv-di9-lig-tt-min-0,100,0.5,0.95
3pnm,A,3pnm-A-rec-3pnq-2ha-lig-tt-docked-10-pocket10_3pnm-A-rec-3pnq-2ha-lig-tt-docked-10,100,0.48,0.89
3kc1,A,3kc1-A-rec-3kc1-2t6-lig-tt-min-0-pocket10_3kc1-A-rec-3kc1-2t6-lig-tt-min-0,100,0.7,0.98
3pdh,A,3pdh-A-rec-4buz-ocz-lig-tt-min-0-pocket10_3pdh-A-rec-4buz-ocz-lig-tt-min-0,100,0.52,0.97
3dzh,A,3dzh-A-rec-3u4i-cvr-lig-tt-docked-0-pocket10_3dzh-A-rec-3u4i-cvr-lig-tt-docked-0,100,0.55,1.0
4aua,A,4aua-A-rec-4aua-4au-lig-it2-tt-docked-7-pocket10_4aua-A-rec-4aua-4au-lig-it2-tt-docked-7,100,0.77,1.0
3daf,A,3daf-A-rec-3daf-feg-lig-tt-docked-0-pocket10_3daf-A-rec-3daf-feg-lig-tt-docked-0,100,0.51,0.92
3jyh,A,3jyh-A-rec-3n0t-opy-lig-tt-min-0-pocket10_3jyh-A-rec-3n0t-opy-lig-tt-min-0,100,0.57,0.95
3w83,B,3w83-B-rec-2e6d-fum-lig-tt-min-0-pocket10_3w83-B-rec-2e6d-fum-lig-tt-min-0,100,0.7,1.0
3tym,A,3tym-A-rec-3n5v-xfh-lig-tt-min-0-pocket10_3tym-A-rec-3n5v-xfh-lig-tt-min-0,100,0.55,0.99
3o96,A,3o96-A-rec-3o96-iqo-lig-tt-docked-2-pocket10_3o96-A-rec-3o96-iqo-lig-tt-docked-2,100,0.57,0.91
3nfb,A,3nfb-A-rec-3nfb-oae-lig-tt-docked-2-pocket10_3nfb-A-rec-3nfb-oae-lig-tt-docked-2,100,0.6,1.0
3u9f,C,3u9f-C-rec-3u9f-clm-lig-tt-min-0-pocket10_3u9f-C-rec-3u9f-clm-lig-tt-min-0,100,0.41,0.98
4azf,A,4azf-A-rec-5lxc-7aa-lig-tt-min-0-pocket10_4azf-A-rec-5lxc-7aa-lig-tt-min-0,100,0.62,0.99
4d7o,A,4d7o-A-rec-3n5z-xfm-lig-tt-min-0-pocket10_4d7o-A-rec-3n5z-xfm-lig-tt-min-0,100,0.63,1.0
4bel,A,4bel-A-rec-2ewy-dbo-lig-tt-min-0-pocket10_4bel-A-rec-2ewy-dbo-lig-tt-min-0,100,0.59,0.96
4aaw,A,4aaw-A-rec-4ac3-r83-lig-tt-min-0-pocket10_4aaw-A-rec-4ac3-r83-lig-tt-min-0,100,0.61,0.99
3v4t,A,3v4t-A-rec-4e7f-udp-lig-tt-min-0-pocket10_3v4t-A-rec-4e7f-udp-lig-tt-min-0,100,0.57,0.99
4f1m,A,4f1m-A-rec-4f1m-acp-lig-tt-min-0-pocket10_4f1m-A-rec-4f1m-acp-lig-tt-min-0,100,0.61,0.99
3u5y,B,3u5y-B-rec-3u57-dh8-lig-tt-min-0-pocket10_3u5y-B-rec-3u57-dh8-lig-tt-min-0,100,0.49,0.95
4g3d,B,4g3d-B-rec-4idv-13v-lig-tt-min-0-pocket10_4g3d-B-rec-4idv-13v-lig-tt-min-0,100,0.58,0.96
4gvd,A,4gvd-A-rec-4nxr-ans-lig-tt-min-0-pocket10_4gvd-A-rec-4nxr-ans-lig-tt-min-0,100,0.73,0.96
4h3c,A,4h3c-A-rec-5cqj-53q-lig-tt-docked-2-pocket10_4h3c-A-rec-5cqj-53q-lig-tt-docked-2,100,0.48,0.96
4q8b,B,4q8b-B-rec-4q8b-sxx-lig-tt-min-0-pocket10_4q8b-B-rec-4q8b-sxx-lig-tt-min-0,100,0.85,0.96
4u5s,A,4u5s-A-rec-4u54-3c5-lig-tt-min-0-pocket10_4u5s-A-rec-4u54-3c5-lig-tt-min-0,100,0.61,0.86
4rn0,B,4rn0-B-rec-4rn1-l8g-lig-tt-min-0-pocket10_4rn0-B-rec-4rn1-l8g-lig-tt-min-0,100,0.71,0.85
4iiy,A,4iiy-A-rec-3tle-gsu-lig-tt-docked-12-pocket10_4iiy-A-rec-3tle-gsu-lig-tt-docked-12,100,0.47,0.99
4tqr,A,4tqr-A-rec-2xca-doc-lig-tt-min-0-pocket10_4tqr-A-rec-2xca-doc-lig-tt-min-0,100,0.68,0.72
4rv4,A,4rv4-A-rec-4rv4-prp-lig-tt-docked-2-pocket10_4rv4-A-rec-4rv4-prp-lig-tt-docked-2,100,0.65,1.0
4lfu,A,4lfu-A-rec-4y13-480-lig-tt-min-0-pocket10_4lfu-A-rec-4y13-480-lig-tt-min-0,100,0.54,0.98
4pxz,A,4pxz-A-rec-4pxz-6ad-lig-tt-min-0-pocket10_4pxz-A-rec-4pxz-6ad-lig-tt-min-0,100,0.52,0.91
4iwq,A,4iwq-A-rec-4jlc-su6-lig-tt-min-0-pocket10_4iwq-A-rec-4jlc-su6-lig-tt-min-0,100,0.65,0.99
4p6p,A,4p6p-A-rec-4p77-5rp-lig-tt-docked-0-pocket10_4p6p-A-rec-4p77-5rp-lig-tt-docked-0,100,0.43,0.66
4kcq,A,4kcq-A-rec-4cwv-hw8-lig-tt-min-0-pocket10_4kcq-A-rec-4cwv-hw8-lig-tt-min-0,100,0.48,0.97
4m7t,A,4m7t-A-rec-4m7t-sam-lig-tt-min-0-pocket10_4m7t-A-rec-4m7t-sam-lig-tt-min-0,100,0.35,0.93
4keu,A,4keu-A-rec-4ket-pg4-lig-tt-min-0-pocket10_4keu-A-rec-4ket-pg4-lig-tt-min-0,100,0.57,0.98
4tos,A,4tos-A-rec-4tos-355-lig-tt-min-0-pocket10_4tos-A-rec-4tos-355-lig-tt-min-0,100,0.65,1.0
4qlk,A,4qlk-A-rec-4qlk-ctt-lig-tt-docked-0-pocket10_4qlk-A-rec-4qlk-ctt-lig-tt-docked-0,100,0.64,0.95
4xli,B,4xli-B-rec-4xli-1n1-lig-tt-min-0-pocket10_4xli-B-rec-4xli-1n1-lig-tt-min-0,100,0.68,1.0
4ja8,B,4ja8-B-rec-4ja8-1k9-lig-tt-docked-0-pocket10_4ja8-B-rec-4ja8-1k9-lig-tt-docked-0,100,0.53,0.89
4rlu,A,4rlu-A-rec-4rlu-hcc-lig-tt-min-0-pocket10_4rlu-A-rec-4rlu-hcc-lig-tt-min-0,100,0.51,0.94
5d7n,D,5d7n-D-rec-4jt9-1ns-lig-tt-min-0-pocket10_5d7n-D-rec-4jt9-1ns-lig-tt-min-0,100,0.63,0.98
5b08,A,5b08-A-rec-5b09-4mx-lig-tt-min-0-pocket10_5b08-A-rec-5b09-4mx-lig-tt-min-0,100,0.51,0.92
5aeh,A,5aeh-A-rec-5aeh-8ir-lig-tt-docked-0-pocket10_5aeh-A-rec-5aeh-8ir-lig-tt-docked-0,100,0.57,1.0
4z2g,A,4z2g-A-rec-4z2g-m6v-lig-tt-docked-16-pocket10_4z2g-A-rec-4z2g-m6v-lig-tt-docked-16,100,0.53,0.94
5l1v,A,5l1v-A-rec-5l1v-7pf-lig-tt-docked-0-pocket10_5l1v-A-rec-5l1v-7pf-lig-tt-docked-0,100,0.47,0.96
5i0b,A,5i0b-A-rec-5vef-m77-lig-tt-min-0-pocket10_5i0b-A-rec-5vef-m77-lig-tt-min-0,100,0.66,0.96
4zfa,A,4zfa-A-rec-1smj-pam-lig-tt-min-0-pocket10_4zfa-A-rec-1smj-pam-lig-tt-min-0,100,0.45,0.91
5bur,A,5bur-A-rec-5x8f-amp-lig-tt-docked-7-pocket10_5bur-A-rec-5x8f-amp-lig-tt-docked-7,100,0.64,0.8
5liu,X,5liu-X-rec-4gq0-qap-lig-tt-min-0-pocket10_5liu-X-rec-4gq0-qap-lig-tt-min-0,100,0.59,0.94
4yhj,A,4yhj-A-rec-4yhj-an2-lig-tt-min-0-pocket10_4yhj-A-rec-4yhj-an2-lig-tt-min-0,100,0.6,0.98
5mgl,A,5mgl-A-rec-5mgl-7mu-lig-tt-min-0-pocket10_5mgl-A-rec-5mgl-7mu-lig-tt-min-0,100,0.68,0.94
5mma,A,5mma-A-rec-4ztf-x2p-lig-tt-min-0-pocket10_5mma-A-rec-4ztf-x2p-lig-tt-min-0,100,0.78,0.61
5ngz,A,5ngz-A-rec-5ngz-2bg-lig-tt-min-0-pocket10_5ngz-A-rec-5ngz-2bg-lig-tt-min-0,100,0.7,0.79
5tjn,A,5tjn-A-rec-1zj1-nlc-lig-tt-docked-4-pocket10_5tjn-A-rec-1zj1-nlc-lig-tt-docked-4,100,0.68,0.96
5w2g,A,5w2g-A-rec-5w2i-adp-lig-tt-min-0-pocket10_5w2g-A-rec-5w2i-adp-lig-tt-min-0,100,0.57,0.95
5q0k,A,5q0k-A-rec-5q0q-9ld-lig-tt-docked-0-pocket10_5q0k-A-rec-5q0q-9ld-lig-tt-docked-0,100,0.47,0.95
