split_kind,method,topk_frac,reliable_proxy_rate_mean,reliable_proxy_rate_std,chemical_pass_rate_mean,chemical_pass_rate_std,geometry_pass_rate_mean,geometry_pass_rate_std,pocket_pass_rate_mean,pocket_pass_rate_std,clash_free_rate_mean,clash_free_rate_std,synthetic_pass_rate_mean,synthetic_pass_rate_std,diversity_proxy_mean,diversity_proxy_std,median_vina_minimize_affinity_mean,median_vina_minimize_affinity_std
pocket_cv,qed,0.1,0.9534686844979949,0.010820456769581177,0.9927173843869533,0.006650443361353031,0.9617759759860616,0.010891255101629449,1.0,0.0,0.9994793665917266,0.0006601713928282735,0.9971778821045052,0.004477988017589539,37.41,0.7796977436343973,-6.5276000000000005,0.36532823792936037
pocket_cv,qed,0.2,0.9540683185152512,0.009609870594044478,0.993325389717916,0.005480395758622628,0.9622930315371772,0.00985038229455378,1.0,0.0,0.9997378306807545,0.0003324399610832998,0.9966420154266407,0.005356838557704868,73.88000000000001,1.442814709418464,-6.4779333333333335,0.3892177992308357
pocket_cv,qed,0.5,0.9481279805460809,0.00849422298720689,0.9904689821570395,0.007305214833477435,0.9589571634896126,0.008468618742258474,1.0,0.0,0.9996825772700965,0.00033917701781810633,0.9958920502458891,0.006529027755980363,182.71,3.587289067965235,-6.403133333333333,0.410014741314551
pocket_cv,qed_sa,0.1,0.9475085602358106,0.010311639931875843,0.9854630421784342,0.009702774530131294,0.9610073277469813,0.011998438334182756,1.0,0.0,0.9997426889512567,0.0005327119541534828,0.9994853779025135,0.0010654239083069525,37.440000000000005,0.7521872867083801,-6.207833333333334,0.3493917503864327
pocket_cv,qed_sa,0.2,0.9466106550124913,0.007912102047980051,0.9843141264223,0.009804265967500397,0.9622905196729602,0.009460277278598998,0.9998698268573704,0.0002695118138741758,0.9997378306807545,0.0003324399610832998,0.9979309885824336,0.0035547498011221056,73.78,1.4248809474077873,-6.172,0.36664745620671796
pocket_cv,qed_sa,0.5,0.9437780221235269,0.007673097791184874,0.9852246930292651,0.008529631795823393,0.9596431021052493,0.008801703879375709,0.999895215215527,0.0002169484684636816,0.9996840744690851,0.0003027341255924722,0.9963073094306771,0.005912236503021719,182.32999999999998,3.616667763879579,-6.237766666666667,0.38769013154223836
pocket_cv,vina_score_only,0.1,0.9387068625771122,0.012681981915623398,0.9968722288666103,0.0032989650232516116,0.9433876292366009,0.012385888368886074,1.0,0.0,1.0,0.0,0.9948612570728572,0.006639698694787674,38.18,0.635497555351037,-8.284033333333333,0.6159646750848472
pocket_cv,vina_score_only,0.2,0.9410154533256819,0.011817166309723955,0.9959358341148766,0.003991315780919092,0.947288087814345,0.01139995302554842,1.0,0.0,1.0,0.0,0.9945667879624303,0.007029586249310956,75.35,1.2661809845809109,-7.8827,0.567627449502375
pocket_cv,vina_score_only,0.5,0.9393204234843335,0.010399520088925682,0.9933613157193112,0.005855172516012596,0.948208110194265,0.010520751505495066,1.0,0.0,1.0,0.0,0.994265416156594,0.006664202407710794,185.21,3.5621622646926228,-7.1988,0.527699413898264
pocket_cv,vina_minimize,0.1,0.9423274390299667,0.011871800870879242,0.9963551429944993,0.003810411901341074,0.9488120867927285,0.011035217361878971,1.0,0.0,1.0,0.0,0.995113345949746,0.0057177629747319075,38.13,0.6198502123209163,-8.465033333333333,0.6446188925765879
pocket_cv,vina_minimize,0.2,0.9415467168439599,0.011694477272649786,0.9956734684825778,0.0043714891633928705,0.9476914786453415,0.011760016579771212,1.0,0.0,1.0,0.0,0.9948234486790306,0.006400802529610299,75.26,1.3449907062875934,-8.047166666666666,0.5813558249799302
pocket_cv,vina_minimize,0.5,0.941422257446419,0.010424951395877437,0.9938328575282789,0.005685316586104107,0.9500463615939412,0.010616810659812723,1.0,0.0,0.999894878491266,0.00016713352123415154,0.9943177781930758,0.00651906955880967,184.94,3.5978763577580466,-7.3197,0.5430417900256713
pocket_cv,qed_sa_vina,0.1,0.95137206657509,0.011070526346139422,0.9924378118716721,0.008648174387493048,0.958675698160953,0.011989878281226019,1.0,0.0,1.0,0.0,0.9987184269406922,0.0020549468048702774,37.6,0.6915303939193735,-7.097833333333333,0.41587440869753445
pocket_cv,qed_sa_vina,0.2,0.9519605008027358,0.009295054305766727,0.9923988747279535,0.007220023776178248,0.9602070133014977,0.009785088608010379,1.0,0.0,0.9998673749488073,0.0002745966722335496,0.9975451284317329,0.003979197792411701,74.11999999999999,1.371886084400389,-6.9071,0.41447773505598934
pocket_cv,qed_sa_vina,0.5,0.9468678688509731,0.009000436597068548,0.9902554957922718,0.007301532085560906,0.9576480410737632,0.009082774815899903,0.999895215215527,0.0002169484684636816,0.9998944648098321,0.0001338238267695697,0.9962554769326233,0.005983038452550629,182.98999999999998,3.586442726236045,-6.642833333333333,0.41554351958208496
pocket_cv,mlp_ligand_descriptor,0.1,0.95926049180377,0.014178707099596595,0.9987100326004209,0.0024748925169914985,0.9616724152729479,0.014196577503000147,1.0,0.0,0.9996525099527751,0.0005966540675555159,0.9988847410431408,0.002169778704868803,37.6,0.757816411992849,-7.0866999999999996,0.5514721790677334
pocket_cv,mlp_ligand_descriptor,0.2,0.9566185778419897,0.012013595129675907,0.9975637407104199,0.003621444054213186,0.9600968530686658,0.011897741137962804,1.0,0.0,0.999693377104541,0.0004219130307582658,0.9978454625494435,0.003490372131155728,74.16333333333334,1.5332582797366379,-6.958333333333333,0.5293852454453545
pocket_cv,mlp_ligand_descriptor,0.5,0.9524133078420655,0.010424928864625224,0.9959989351953197,0.005049295913645604,0.9581522668015588,0.00928717779157737,1.0,0.0,0.9995272042895227,0.0004481817376653436,0.996272468001514,0.005889592337813402,183.34,3.5570955246420612,-6.683166666666667,0.48576337812129233
pocket_cv,mlp_pose_shape,0.1,0.9934062370866766,0.007519862723185002,0.9982794096659034,0.0029803982022733456,0.9988886374717612,0.0017382019141411386,1.0,0.0,1.0,0.0,0.9960670303426793,0.006350192865041406,38.123333333333335,0.6651709411515058,-6.208833333333333,0.3115478446784852
pocket_cv,mlp_pose_shape,0.2,0.9917907733241169,0.00815224910702877,0.9971733157790265,0.003995909821536033,0.9981040621686833,0.0022712919514309283,1.0,0.0,1.0,0.0,0.9956958639020735,0.0068769601295431545,75.12333333333332,1.3259587726119832,-6.266933333333333,0.3421660972323793
pocket_cv,mlp_pose_shape,0.5,0.985205233808602,0.009268485577449283,0.995979439496551,0.005072371698104031,0.9918799812053665,0.0054304838581605815,1.0,0.0,0.9999825296995107,6.766218284780079e-05,0.9955262091471259,0.006718470150991589,184.81666666666666,3.609890514102826,-6.3562666666666665,0.3769888150418611
pocket_cv,mlp_reliamol_novinascore,0.1,0.9933180726328522,0.007537763718408805,0.9983658774566514,0.002972050628886845,0.9982059220729654,0.0025515452464878823,1.0,0.0,0.999912510936133,0.0003388436873322264,0.9963222457045667,0.005940422790345842,38.21,0.6156297588648549,-6.182166666666666,0.27892284306050025
pocket_cv,mlp_reliamol_novinascore,0.2,0.991658125708881,0.007684781349201869,0.9974787571204052,0.003974123188177429,0.9975383277840586,0.002518531406291706,1.0,0.0,0.999912190614313,0.00023173361429105555,0.9960834155683096,0.006277886921185102,75.23666666666666,1.3082794954042647,-6.217833333333333,0.31327986499218846
pocket_cv,mlp_reliamol_novinascore,0.5,0.9853219869099912,0.00908192558756453,0.9960338152327136,0.004897265518386538,0.9917871132923859,0.005350117699831966,1.0,0.0,0.999964687323834,9.31928725089648e-05,0.995717505191776,0.006561717914646113,185.14,3.5338768674482317,-6.329233333333334,0.3545562551912434
pocket_cv,rf_reliamol_novinascore,0.1,0.9946919557743575,0.007056206321898931,0.9997423126469784,0.0005335498638272982,0.9976864975680451,0.0029215857613701735,1.0,0.0,0.999913532209252,0.0003348883135501446,0.9964937611288218,0.005770013536748923,37.89,0.7479018270181861,-5.478633333333334,0.3122732015094352
pocket_cv,rf_reliamol_novinascore,0.2,0.992623252151907,0.007972698060141134,0.9985723078477737,0.002956068757274193,0.9971059506961383,0.003070410889411229,1.0,0.0,0.999956568946797,0.00016820774576363826,0.9958688312022553,0.006547088181162841,74.84333333333333,1.460414161739582,-5.782033333333334,0.34133066637722986
pocket_cv,rf_reliamol_novinascore,0.5,0.9855757384303234,0.009237425463195389,0.9962631841912123,0.004821808617403139,0.991897302991401,0.005359625160490426,0.9999475627010312,0.00014640515496911038,0.999947217023345,0.00010927536081187268,0.9954570248658888,0.007011776183231278,184.47666666666666,3.5902579825066057,-6.1664666666666665,0.39475279184151046
pocket_cv,hgb_reliamol_novinascore,0.1,0.9946920725677119,0.007476049512878447,0.9997423126469784,0.0005335498638272982,0.9972601173878104,0.003689096594193798,0.999827150287392,0.0004561891367604401,1.0,0.0,0.9969222859734935,0.006131119793036328,37.940000000000005,0.7590407480121587,-5.759399999999999,0.4051653189924897
pocket_cv,hgb_reliamol_novinascore,0.2,0.9924050515229215,0.008016868739304323,0.9985723078477737,0.002956068757274193,0.9962881984806367,0.0037882082961455212,0.9997826644674289,0.00047261681429470624,0.999956369982548,0.00016897833098636477,0.9965125844517608,0.0061855596228307585,74.93,1.5044932701743803,-5.936166666666667,0.37140575937273546
pocket_cv,hgb_reliamol_novinascore,0.5,0.9858559087659058,0.009046496610632922,0.9962983181393897,0.00479108898128501,0.9917373121584024,0.005536956469143421,0.999895215215527,0.0002169484684636816,0.9999824745881528,6.787562821955425e-05,0.9957013704457048,0.006985151101575985,184.63333333333333,3.7289249057041816,-6.188533333333334,0.39775479105791295
leave_generator_out,qed,0.1,0.9548815278975643,0.07722490239905608,0.9929658414252343,0.010308817662116098,0.9629315485698465,0.06578258114891593,1.0,0.0,0.9994689312064259,0.0005546846723668915,0.9972472472472472,0.004979917102635728,9.437603092783505,0.40683092116911185,-6.56075,0.47389375967039854
leave_generator_out,qed,0.2,0.9555876083323381,0.07560622502766406,0.9935414858870414,0.008314618493408747,0.9635626193001913,0.0649559375016787,1.0,0.0,0.999731314132328,0.0002806469299488496,0.996735308890005,0.005906048437233929,18.637242268041238,1.0162913618188225,-6.492375,0.48532211070212283
leave_generator_out,qed,0.5,0.9499114246691329,0.08056219022440207,0.9907204402471518,0.008398482669822929,0.9604692124093455,0.07061134867952272,1.0,0.0,0.9996727762895823,0.0003801748828056472,0.9960189477927837,0.007201994422992335,46.147654639175265,2.8475727358483245,-6.3905,0.4757486444828536
leave_generator_out,qed_sa,0.1,0.948800183839443,0.07411340546832118,0.9856175389193034,0.012170258364525323,0.9621650906225375,0.06653530423153005,1.0,0.0,0.9997348886532343,0.00047960447175675455,0.9994994994994996,0.0009054394732064818,9.442680412371134,0.3992376623282959,-6.189625,0.5734982810864311
leave_generator_out,qed_sa,0.2,0.9480941742466739,0.07239809674336305,0.9845491107287704,0.010442694651931813,0.9635547798604929,0.06465115577539418,0.9998665955176094,0.00024133778914977263,0.999731314132328,0.0002806469299488496,0.9979909593169262,0.0036344913459901247,18.619742268041236,1.0269281733650848,-6.1754999999999995,0.5841621039029866
leave_generator_out,qed_sa,0.5,0.9455210346972479,0.07713041872279842,0.9854705871116772,0.008324648340643167,0.96112755425394,0.0695489744431755,0.99989274989275,0.00019402274425852004,0.9996755573326318,0.0003466203672932178,0.9964220923200968,0.00647267853205638,46.07015463917526,2.918110191300339,-6.238875,0.5285570892447753
leave_generator_out,vina_score_only,0.1,0.9405909581655841,0.1006060261041226,0.9969584010580378,0.002681083343078867,0.9451794879986369,0.09853356837109381,1.0,0.0,1.0,0.0,0.994949565605406,0.007258497766311744,9.622680412371134,0.1631280700976687,-8.1175,0.9623782331476353
leave_generator_out,vina_score_only,0.2,0.9430212220193693,0.09709443977073554,0.9960858557014003,0.004406197944849923,0.9491304788302967,0.09138399199802137,1.0,0.0,1.0,0.0,0.9946657614203693,0.0074296681051516985,18.992396907216495,0.5348249563543745,-7.803999999999999,0.8049106105084536
leave_generator_out,vina_score_only,0.5,0.9414860681149994,0.09673562946291209,0.9935839539018668,0.006237772137234436,0.9501469615129147,0.08966717080478925,1.0,0.0,1.0,0.0,0.994378817283971,0.007436372010587624,46.75038659793815,2.011771431896794,-7.12225,0.6020669511245099
leave_generator_out,vina_minimize,0.1,0.944098276459488,0.09486885719887833,0.9964774225444958,0.0039547780154887534,0.9504347432538922,0.0890265654086405,1.0,0.0,1.0,0.0,0.9951841086590979,0.006216646667227503,9.612680412371134,0.17017684351626705,-8.292250000000001,0.9028564896533061
leave_generator_out,vina_minimize,0.2,0.9435279126674515,0.09618889536882792,0.9958410329962207,0.004957258697901416,0.9495150133980714,0.09100927786423697,1.0,0.0,1.0,0.0,0.9949071751631644,0.006684035778040218,18.979896907216496,0.553152875917926,-7.933875,0.7842446025258369
leave_generator_out,vina_minimize,0.5,0.9435077572427772,0.09429715353588762,0.9940590782827683,0.0069319098411684795,0.9519139508076201,0.08659973494975554,1.0,0.0,0.9998941625886325,0.00011071335235217137,0.994415409345252,0.006974073426184055,46.68296391752577,2.110311693076791,-7.24725,0.5719267077964707
leave_generator_out,qed_sa_vina,0.1,0.9528791278304771,0.07907433014982719,0.9927003320133835,0.00874613003628984,0.9599285455668435,0.07121474072197213,1.0,0.0,1.0,0.0,0.9987487487487487,0.002263598683016238,9.482680412371133,0.34148401072094625,-7.097,0.5704089442113998
leave_generator_out,qed_sa_vina,0.2,0.9535470441893023,0.07710688425116857,0.9926212907856452,0.0074998981278050466,0.9615535786171175,0.06859023879038897,1.0,0.0,0.9998665955176094,0.00024133778914977263,0.9976142641888498,0.004315958473363271,18.704742268041237,0.9092365418283787,-6.897749999999999,0.5325805316825549
leave_generator_out,qed_sa_vina,0.5,0.948706111641877,0.08240728804182004,0.9905059555458342,0.008060513083036496,0.959219081724625,0.07325897656305423,0.99989274989275,0.00019402274425852004,0.999891381545583,0.00011346627879298916,0.9963716992541826,0.006563843018423395,46.23273195876288,2.702332891780832,-6.648625,0.5297737992852146
leave_generator_out,mlp_ligand_descriptor,0.1,0.955092066262091,0.07999539073639791,0.9986653319986654,0.0026079637528686047,0.9571237904571238,0.07757811574829207,1.0,0.0,0.9994697773064688,0.000959208943513551,0.9994160827494162,0.0010847093788296579,9.5693470790378,0.2082865234355194,-7.063791666666667,0.7656144727167405
leave_generator_out,mlp_ligand_descriptor,0.2,0.9549370730678609,0.08045847481148377,0.9976142641888499,0.004384490954587004,0.9582286957977565,0.07558544038586612,1.0,0.0,0.9995545182377922,0.000685106094834716,0.9983257994307718,0.003031265689877372,18.89323024054983,0.6466284150869139,-6.876791666666667,0.6055397088673472
leave_generator_out,mlp_ligand_descriptor,0.5,0.952084714199326,0.08513229531002385,0.9962516601454681,0.006614235465954069,0.9573945976385,0.07683136078226531,1.0,0.0,0.9995669684440253,0.0006012906653464623,0.9963518346756262,0.006512628377665365,46.537783505154636,2.2792349712617925,-6.620833333333334,0.4818118424397137
leave_generator_out,mlp_pose_shape,0.1,0.9855689022355688,0.02652681268879118,0.9968301634968301,0.005755590898157482,0.9924090757424091,0.014917378024956168,1.0,0.0,1.0,0.0,0.9956623289956624,0.00787418131228472,9.5793470790378,0.2041774485197384,-6.185833333333334,0.26975875866927435
leave_generator_out,mlp_pose_shape,0.2,0.9840113845638707,0.029177369193858733,0.9965260338188515,0.006285857530652348,0.9902477816842458,0.018048941716853777,1.0,0.0,1.0,0.0,0.9958144985769296,0.007587993072162627,18.904037800687288,0.6422418603314999,-6.236041666666666,0.2987258897333299
leave_generator_out,mlp_pose_shape,0.5,0.9773041879454955,0.041044614581620176,0.9959343580900449,0.007196884507402871,0.9835382651347174,0.030085119489170715,1.0,0.0,1.0,0.0,0.9955974721318733,0.007923766875407945,46.57030927835052,2.267836921869863,-6.329041666666666,0.32333584132891735
leave_generator_out,mlp_reliamol_novinascore,0.1,0.9892342855404008,0.0192761408585914,0.9974140807474141,0.004761734288212383,0.9928261594928262,0.01299433292010562,1.0,0.0,0.999911629551078,0.0003061242148407241,0.9978311644978312,0.004067951748703468,9.608513745704467,0.17407455212286616,-6.155458333333333,0.25145535102798267
leave_generator_out,mlp_reliamol_novinascore,0.2,0.9868510479698326,0.023591110188283547,0.9967771639042358,0.005839500663390522,0.9912941570400134,0.015773227965498415,1.0,0.0,0.9999098124098125,0.00021063283121251623,0.9969864389753892,0.005451737018985188,18.96906357388316,0.5642230384295935,-6.200875,0.2610667038586813
leave_generator_out,mlp_reliamol_novinascore,0.5,0.9799679544736968,0.03599022139579777,0.9962037223678021,0.006872742679770053,0.9855539877712826,0.026140084760320016,1.0,0.0,0.9999266754656109,0.00014327737511636083,0.9959654878369512,0.007216649876645363,46.67452749140893,2.1173865990490786,-6.320833333333333,0.301353638026016
leave_generator_out,rf_reliamol_novinascore,0.1,0.994994994994995,0.009064449587725136,0.9997497497497497,0.00045271973660323536,0.9957457457457458,0.007743434036103176,1.0,0.0,1.0,0.0,0.9991658324991658,0.0016438892110097077,9.556821305841924,0.22838448228837613,-5.786416666666667,1.11124475320028
leave_generator_out,rf_reliamol_novinascore,0.2,0.9917545621965512,0.014923218954567065,0.9986187845303868,0.002498712800368194,0.9940984429934706,0.010695633257940141,1.0,0.0,1.0,0.0,0.9980328143311569,0.0035609201729331448,18.870678694158077,0.6791876462485692,-5.9543333333333335,0.8678632153778962
leave_generator_out,rf_reliamol_novinascore,0.5,0.9845066883138168,0.02781293478546767,0.996522878451925,0.006290349559322403,0.9897366122421555,0.018570615038678153,0.9999284999285,0.0001397123439036833,0.9999816688664027,6.350090950172598e-05,0.9963549015655446,0.006594417894720297,46.523565292096215,2.310577826096716,-6.211458333333334,0.5455356607931051
leave_generator_out,hgb_reliamol_novinascore,0.1,0.9846408465202791,0.02739538373617043,0.9997497497497497,0.00045271973660323536,0.9861528194861529,0.025066244452768095,0.9998226950354611,0.00041409518306464267,1.0,0.0,0.9972472472472473,0.004998175338409843,9.566013745704467,0.21901234238427095,-6.012583333333333,1.1783923916878785
leave_generator_out,hgb_reliamol_novinascore,0.2,0.9769248214260507,0.04121911973155336,0.9986187845303868,0.002498712800368194,0.9794910430269547,0.037112193593071004,0.9997776591960156,0.0004231384530943021,1.0,0.0,0.9969445839611586,0.005528838403297138,18.887396907216495,0.6593492163089583,-6.104541666666666,0.9951574443348908
leave_generator_out,hgb_reliamol_novinascore,0.5,0.9626018811162935,0.06741543218288285,0.996522878451925,0.006290349559322403,0.9672445071558154,0.05928010010848911,0.99989274989275,0.00019402274425852004,1.0,0.0,0.9963213061882685,0.006655562516571679,46.552809278350516,2.2667491676733276,-6.234750000000001,0.6334059986224546
