pocket_id,if3_member,pocket_pdb,pocket_pdb_exists
2gns-A-rec-4qer-stl-lig-tt-min-0-pocket10_2gns-A-rec-4qer-stl-lig-tt-min-0,crossdocked_pocket10/PA2B8_DABRR_1_121_0/2gns_A_rec_4qer_stl_lig_tt_min_0_pocket10.pdb,/home/test/wsk/public_generators/if3_crossdocked2020/selected_pockets/crossdocked_pocket10/PA2B8_DABRR_1_121_0/2gns_A_rec_4qer_stl_lig_tt_min_0_pocket10.pdb,True
1jn2-P-rec-1val-png-lig-tt-docked-11-pocket10_1jn2-P-rec-1val-png-lig-tt-docked-11,crossdocked_pocket10/CONA_CANCT_1_237_0/1jn2_P_rec_1val_png_lig_tt_docked_11_pocket10.pdb,/home/test/wsk/public_generators/if3_crossdocked2020/selected_pockets/crossdocked_pocket10/CONA_CANCT_1_237_0/1jn2_P_rec_1val_png_lig_tt_docked_11_pocket10.pdb,True
1dxo-C-rec-1gg5-e09-lig-tt-min-0-pocket10_1dxo-C-rec-1gg5-e09-lig-tt-min-0,crossdocked_pocket10/NQO1_HUMAN_2_274_0/1dxo_C_rec_1gg5_e09_lig_tt_min_0_pocket10.pdb,/home/test/wsk/public_generators/if3_crossdocked2020/selected_pockets/crossdocked_pocket10/NQO1_HUMAN_2_274_0/1dxo_C_rec_1gg5_e09_lig_tt_min_0_pocket10.pdb,True
14gs-A-rec-20gs-cbd-lig-tt-min-0-pocket10_14gs-A-rec-20gs-cbd-lig-tt-min-0,crossdocked_pocket10/GSTP1_HUMAN_2_210_0/14gs_A_rec_20gs_cbd_lig_tt_min_0_pocket10.pdb,/home/test/wsk/public_generators/if3_crossdocked2020/selected_pockets/crossdocked_pocket10/GSTP1_HUMAN_2_210_0/14gs_A_rec_20gs_cbd_lig_tt_min_0_pocket10.pdb,True
2pqw-A-rec-2rhy-mlz-lig-tt-min-0-pocket10_2pqw-A-rec-2rhy-mlz-lig-tt-min-0,crossdocked_pocket10/LMBL1_HUMAN_198_526_0/2pqw_A_rec_2rhy_mlz_lig_tt_min_0_pocket10.pdb,/home/test/wsk/public_generators/if3_crossdocked2020/selected_pockets/crossdocked_pocket10/LMBL1_HUMAN_198_526_0/2pqw_A_rec_2rhy_mlz_lig_tt_min_0_pocket10.pdb,True
1a2g-A-rec-4jmv-1ly-lig-tt-min-0-pocket10_1a2g-A-rec-4jmv-1ly-lig-tt-min-0,crossdocked_pocket10/CCPR_YEAST_69_361_0/1a2g_A_rec_4jmv_1ly_lig_tt_min_0_pocket10.pdb,/home/test/wsk/public_generators/if3_crossdocked2020/selected_pockets/crossdocked_pocket10/CCPR_YEAST_69_361_0/1a2g_A_rec_4jmv_1ly_lig_tt_min_0_pocket10.pdb,True
2rhy-A-rec-2rhy-mlz-lig-tt-min-0-pocket10_2rhy-A-rec-2rhy-mlz-lig-tt-min-0,crossdocked_pocket10/LMBL1_HUMAN_198_526_0/2rhy_A_rec_2rhy_mlz_lig_tt_min_0_pocket10.pdb,/home/test/wsk/public_generators/if3_crossdocked2020/selected_pockets/crossdocked_pocket10/LMBL1_HUMAN_198_526_0/2rhy_A_rec_2rhy_mlz_lig_tt_min_0_pocket10.pdb,True
1d7j-A-rec-1tco-fk5-lig-tt-docked-0-pocket10_1d7j-A-rec-1tco-fk5-lig-tt-docked-0,crossdocked_pocket10/FKB1A_HUMAN_2_108_0/1d7j_A_rec_1tco_fk5_lig_tt_docked_0_pocket10.pdb,/home/test/wsk/public_generators/if3_crossdocked2020/selected_pockets/crossdocked_pocket10/FKB1A_HUMAN_2_108_0/1d7j_A_rec_1tco_fk5_lig_tt_docked_0_pocket10.pdb,True
2e6d-A-rec-2e6d-fum-lig-tt-min-0-pocket10_2e6d-A-rec-2e6d-fum-lig-tt-min-0,crossdocked_pocket10/PYRD_TRYCC_2_314_catalytic_0/2e6d_A_rec_2e6d_fum_lig_tt_min_0_pocket10.pdb,/home/test/wsk/public_generators/if3_crossdocked2020/selected_pockets/crossdocked_pocket10/PYRD_TRYCC_2_314_catalytic_0/2e6d_A_rec_2e6d_fum_lig_tt_min_0_pocket10.pdb,True
2azy-A-rec-2azy-chd-lig-tt-docked-0-pocket10_2azy-A-rec-2azy-chd-lig-tt-docked-0,crossdocked_pocket10/PA21B_PIG_23_146_0/2azy_A_rec_2azy_chd_lig_tt_docked_0_pocket10.pdb,/home/test/wsk/public_generators/if3_crossdocked2020/selected_pockets/crossdocked_pocket10/PA21B_PIG_23_146_0/2azy_A_rec_2azy_chd_lig_tt_docked_0_pocket10.pdb,True
2hcj-B-rec-2hcj-gdp-lig-tt-docked-0-pocket10_2hcj-B-rec-2hcj-gdp-lig-tt-docked-0,crossdocked_pocket10/EFTU1_ECOLI_2_178_0/2hcj_B_rec_2hcj_gdp_lig_tt_docked_0_pocket10.pdb,/home/test/wsk/public_generators/if3_crossdocked2020/selected_pockets/crossdocked_pocket10/EFTU1_ECOLI_2_178_0/2hcj_B_rec_2hcj_gdp_lig_tt_docked_0_pocket10.pdb,True
2e24-A-rec-1j0n-ceg-lig-tt-docked-14-pocket10_2e24-A-rec-1j0n-ceg-lig-tt-docked-14,crossdocked_pocket10/XANLY_BACGL_26_777_0/2e24_A_rec_1j0n_ceg_lig_tt_docked_14_pocket10.pdb,/home/test/wsk/public_generators/if3_crossdocked2020/selected_pockets/crossdocked_pocket10/XANLY_BACGL_26_777_0/2e24_A_rec_1j0n_ceg_lig_tt_docked_14_pocket10.pdb,True
2f2c-B-rec-1xo2-fse-lig-tt-min-0-pocket10_2f2c-B-rec-1xo2-fse-lig-tt-min-0,crossdocked_pocket10/CDK6_HUMAN_1_312_0/2f2c_B_rec_1xo2_fse_lig_tt_min_0_pocket10.pdb,/home/test/wsk/public_generators/if3_crossdocked2020/selected_pockets/crossdocked_pocket10/CDK6_HUMAN_1_312_0/2f2c_B_rec_1xo2_fse_lig_tt_min_0_pocket10.pdb,True
2cy0-A-rec-2d5c-skm-lig-tt-min-0-pocket10_2cy0-A-rec-2d5c-skm-lig-tt-min-0,crossdocked_pocket10/AROE_THET8_1_263_0/2cy0_A_rec_2d5c_skm_lig_tt_min_0_pocket10.pdb,/home/test/wsk/public_generators/if3_crossdocked2020/selected_pockets/crossdocked_pocket10/AROE_THET8_1_263_0/2cy0_A_rec_2d5c_skm_lig_tt_min_0_pocket10.pdb,True
1afs-A-rec-1afs-tes-lig-tt-min-0-pocket10_1afs-A-rec-1afs-tes-lig-tt-min-0,crossdocked_pocket10/DIDH_RAT_1_319_0/1afs_A_rec_1afs_tes_lig_tt_min_0_pocket10.pdb,/home/test/wsk/public_generators/if3_crossdocked2020/selected_pockets/crossdocked_pocket10/DIDH_RAT_1_319_0/1afs_A_rec_1afs_tes_lig_tt_min_0_pocket10.pdb,True
1rs9-A-rec-1dmk-itu-lig-tt-min-0-pocket10_1rs9-A-rec-1dmk-itu-lig-tt-min-0,crossdocked_pocket10/NOS3_HUMAN_65_480_0/1rs9_A_rec_1dmk_itu_lig_tt_min_0_pocket10.pdb,/home/test/wsk/public_generators/if3_crossdocked2020/selected_pockets/crossdocked_pocket10/NOS3_HUMAN_65_480_0/1rs9_A_rec_1dmk_itu_lig_tt_min_0_pocket10.pdb,True
2pc8-A-rec-1eqc-cts-lig-tt-docked-6-pocket10_2pc8-A-rec-1eqc-cts-lig-tt-docked-6,crossdocked_pocket10/EXG1_CANAL_41_438_0/2pc8_A_rec_1eqc_cts_lig_tt_docked_6_pocket10.pdb,/home/test/wsk/public_generators/if3_crossdocked2020/selected_pockets/crossdocked_pocket10/EXG1_CANAL_41_438_0/2pc8_A_rec_1eqc_cts_lig_tt_docked_6_pocket10.pdb,True
1k9t-A-rec-2wlz-dio-lig-tt-min-0-pocket10_1k9t-A-rec-2wlz-dio-lig-tt-min-0,crossdocked_pocket10/CHIA_SERMA_19_563_0/1k9t_A_rec_2wlz_dio_lig_tt_min_0_pocket10.pdb,/home/test/wsk/public_generators/if3_crossdocked2020/selected_pockets/crossdocked_pocket10/CHIA_SERMA_19_563_0/1k9t_A_rec_2wlz_dio_lig_tt_min_0_pocket10.pdb,True
1gg5-A-rec-1kbo-340-lig-tt-min-0-pocket10_1gg5-A-rec-1kbo-340-lig-tt-min-0,crossdocked_pocket10/NQO1_HUMAN_2_274_0/1gg5_A_rec_1kbo_340_lig_tt_min_0_pocket10.pdb,/home/test/wsk/public_generators/if3_crossdocked2020/selected_pockets/crossdocked_pocket10/NQO1_HUMAN_2_274_0/1gg5_A_rec_1kbo_340_lig_tt_min_0_pocket10.pdb,True
1h0i-A-rec-1e6z-ngo-lig-it2-tt-docked-15-pocket10_1h0i-A-rec-1e6z-ngo-lig-it2-tt-docked-15,crossdocked_pocket10/CHIB_SERMA_1_499_0/1h0i_A_rec_1e6z_ngo_lig_it2_tt_docked_15_pocket10.pdb,/home/test/wsk/public_generators/if3_crossdocked2020/selected_pockets/crossdocked_pocket10/CHIB_SERMA_1_499_0/1h0i_A_rec_1e6z_ngo_lig_it2_tt_docked_15_pocket10.pdb,True
1ai4-A-rec-1ai5-mnp-lig-tt-docked-0-pocket10_1ai4-A-rec-1ai5-mnp-lig-tt-docked-0,crossdocked_pocket10/PAC_ECOLX_27_846_0/1ai4_A_rec_1ai5_mnp_lig_tt_docked_0_pocket10.pdb,/home/test/wsk/public_generators/if3_crossdocked2020/selected_pockets/crossdocked_pocket10/PAC_ECOLX_27_846_0/1ai4_A_rec_1ai5_mnp_lig_tt_docked_0_pocket10.pdb,True
1djy-A-rec-1djz-ip2-lig-tt-min-0-pocket10_1djy-A-rec-1djz-ip2-lig-tt-min-0,crossdocked_pocket10/PLCD1_RAT_134_756_0/1djy_A_rec_1djz_ip2_lig_tt_min_0_pocket10.pdb,/home/test/wsk/public_generators/if3_crossdocked2020/selected_pockets/crossdocked_pocket10/PLCD1_RAT_134_756_0/1djy_A_rec_1djz_ip2_lig_tt_min_0_pocket10.pdb,True
1coy-A-rec-1coy-and-lig-tt-docked-0-pocket10_1coy-A-rec-1coy-and-lig-tt-docked-0,crossdocked_pocket10/CHOD_BREST_46_552_0/1coy_A_rec_1coy_and_lig_tt_docked_0_pocket10.pdb,/home/test/wsk/public_generators/if3_crossdocked2020/selected_pockets/crossdocked_pocket10/CHOD_BREST_46_552_0/1coy_A_rec_1coy_and_lig_tt_docked_0_pocket10.pdb,True
2jjg-A-rec-2jjg-plp-lig-tt-min-0-pocket10_2jjg-A-rec-2jjg-plp-lig-tt-min-0,crossdocked_pocket10/LAT_MYCTU_1_449_0/2jjg_A_rec_2jjg_plp_lig_tt_min_0_pocket10.pdb,/home/test/wsk/public_generators/if3_crossdocked2020/selected_pockets/crossdocked_pocket10/LAT_MYCTU_1_449_0/2jjg_A_rec_2jjg_plp_lig_tt_min_0_pocket10.pdb,True
1r1h-A-rec-1r1h-bir-lig-tt-docked-1-pocket10_1r1h-A-rec-1r1h-bir-lig-tt-docked-1,crossdocked_pocket10/NEP_HUMAN_54_750_0/1r1h_A_rec_1r1h_bir_lig_tt_docked_1_pocket10.pdb,/home/test/wsk/public_generators/if3_crossdocked2020/selected_pockets/crossdocked_pocket10/NEP_HUMAN_54_750_0/1r1h_A_rec_1r1h_bir_lig_tt_docked_1_pocket10.pdb,True
1l3l-A-rec-1l3l-lae-lig-tt-min-0-pocket10_1l3l-A-rec-1l3l-lae-lig-tt-min-0,crossdocked_pocket10/TRAR_RHIRD_1_234_0/1l3l_A_rec_1l3l_lae_lig_tt_min_0_pocket10.pdb,/home/test/wsk/public_generators/if3_crossdocked2020/selected_pockets/crossdocked_pocket10/TRAR_RHIRD_1_234_0/1l3l_A_rec_1l3l_lae_lig_tt_min_0_pocket10.pdb,True
1phk-A-rec-1phk-atp-lig-tt-min-0-pocket10_1phk-A-rec-1phk-atp-lig-tt-min-0,crossdocked_pocket10/PHKG1_RABIT_6_296_ATPsite_0/1phk_A_rec_1phk_atp_lig_tt_min_0_pocket10.pdb,/home/test/wsk/public_generators/if3_crossdocked2020/selected_pockets/crossdocked_pocket10/PHKG1_RABIT_6_296_ATPsite_0/1phk_A_rec_1phk_atp_lig_tt_min_0_pocket10.pdb,True
1umd-B-rec-1umb-tdp-lig-tt-docked-1-pocket10_1umd-B-rec-1umb-tdp-lig-tt-docked-1,crossdocked_pocket10/ODBB_THET8_1_324_0/1umd_B_rec_1umb_tdp_lig_tt_docked_1_pocket10.pdb,/home/test/wsk/public_generators/if3_crossdocked2020/selected_pockets/crossdocked_pocket10/ODBB_THET8_1_324_0/1umd_B_rec_1umb_tdp_lig_tt_docked_1_pocket10.pdb,True
1fmc-B-rec-1fmc-cho-lig-tt-docked-1-pocket10_1fmc-B-rec-1fmc-cho-lig-tt-docked-1,crossdocked_pocket10/HDHA_ECOLI_1_255_0/1fmc_B_rec_1fmc_cho_lig_tt_docked_1_pocket10.pdb,/home/test/wsk/public_generators/if3_crossdocked2020/selected_pockets/crossdocked_pocket10/HDHA_ECOLI_1_255_0/1fmc_B_rec_1fmc_cho_lig_tt_docked_1_pocket10.pdb,True
1h36-A-rec-1o79-r23-lig-tt-docked-5-pocket10_1h36-A-rec-1o79-r23-lig-tt-docked-5,crossdocked_pocket10/SQHC_ALIAD_1_631_0/1h36_A_rec_1o79_r23_lig_tt_docked_5_pocket10.pdb,/home/test/wsk/public_generators/if3_crossdocked2020/selected_pockets/crossdocked_pocket10/SQHC_ALIAD_1_631_0/1h36_A_rec_1o79_r23_lig_tt_docked_5_pocket10.pdb,True
2rma-A-rec-3rdd-ea4-lig-tt-docked-0-pocket10_2rma-A-rec-3rdd-ea4-lig-tt-docked-0,crossdocked_pocket10/PPIA_HUMAN_1_165_0/2rma_A_rec_3rdd_ea4_lig_tt_docked_0_pocket10.pdb,/home/test/wsk/public_generators/if3_crossdocked2020/selected_pockets/crossdocked_pocket10/PPIA_HUMAN_1_165_0/2rma_A_rec_3rdd_ea4_lig_tt_docked_0_pocket10.pdb,True
1e8h-A-rec-1e8h-adp-lig-tt-min-0-pocket10_1e8h-A-rec-1e8h-adp-lig-tt-min-0,crossdocked_pocket10/VAOX_PENSI_1_560_0/1e8h_A_rec_1e8h_adp_lig_tt_min_0_pocket10.pdb,/home/test/wsk/public_generators/if3_crossdocked2020/selected_pockets/crossdocked_pocket10/VAOX_PENSI_1_560_0/1e8h_A_rec_1e8h_adp_lig_tt_min_0_pocket10.pdb,True
2v3r-A-rec-1dy4-snp-lig-tt-docked-1-pocket10_2v3r-A-rec-1dy4-snp-lig-tt-docked-1,crossdocked_pocket10/GUX1_HYPJE_18_451_0/2v3r_A_rec_1dy4_snp_lig_tt_docked_1_pocket10.pdb,/home/test/wsk/public_generators/if3_crossdocked2020/selected_pockets/crossdocked_pocket10/GUX1_HYPJE_18_451_0/2v3r_A_rec_1dy4_snp_lig_tt_docked_1_pocket10.pdb,True
3chc-B-rec-3ch9-xrg-lig-tt-min-0-pocket10_3chc-B-rec-3ch9-xrg-lig-tt-min-0,crossdocked_pocket10/CHIB1_ASPFM_39_433_0/3chc_B_rec_3ch9_xrg_lig_tt_min_0_pocket10.pdb,/home/test/wsk/public_generators/if3_crossdocked2020/selected_pockets/crossdocked_pocket10/CHIB1_ASPFM_39_433_0/3chc_B_rec_3ch9_xrg_lig_tt_min_0_pocket10.pdb,True
2zen-A-rec-2afx-1bn-lig-tt-docked-7-pocket10_2zen-A-rec-2afx-1bn-lig-tt-docked-7,crossdocked_pocket10/QPCT_HUMAN_33_361_0/2zen_A_rec_2afx_1bn_lig_tt_docked_7_pocket10.pdb,/home/test/wsk/public_generators/if3_crossdocked2020/selected_pockets/crossdocked_pocket10/QPCT_HUMAN_33_361_0/2zen_A_rec_2afx_1bn_lig_tt_docked_7_pocket10.pdb,True
3ej8-A-rec-2nsi-itu-lig-tt-min-0-pocket10_3ej8-A-rec-2nsi-itu-lig-tt-min-0,crossdocked_pocket10/NOS2_HUMAN_78_505_0/3ej8_A_rec_2nsi_itu_lig_tt_min_0_pocket10.pdb,/home/test/wsk/public_generators/if3_crossdocked2020/selected_pockets/crossdocked_pocket10/NOS2_HUMAN_78_505_0/3ej8_A_rec_2nsi_itu_lig_tt_min_0_pocket10.pdb,True
2z3h-A-rec-1wn6-bst-lig-tt-docked-3-pocket10_2z3h-A-rec-1wn6-bst-lig-tt-docked-3,crossdocked_pocket10/BSD_ASPTE_1_130_0/2z3h_A_rec_1wn6_bst_lig_tt_docked_3_pocket10.pdb,/home/test/wsk/public_generators/if3_crossdocked2020/selected_pockets/crossdocked_pocket10/BSD_ASPTE_1_130_0/2z3h_A_rec_1wn6_bst_lig_tt_docked_3_pocket10.pdb,True
3gs6-A-rec-2oxn-oan-lig-tt-docked-4-pocket10_3gs6-A-rec-2oxn-oan-lig-tt-docked-4,crossdocked_pocket10/NAGZ_VIBCH_1_330_0/3gs6_A_rec_2oxn_oan_lig_tt_docked_4_pocket10.pdb,/home/test/wsk/public_generators/if3_crossdocked2020/selected_pockets/crossdocked_pocket10/NAGZ_VIBCH_1_330_0/3gs6_A_rec_2oxn_oan_lig_tt_docked_4_pocket10.pdb,True
3g51-A-rec-3g51-anp-lig-tt-min-0-pocket10_3g51-A-rec-3g51-anp-lig-tt-min-0,crossdocked_pocket10/KS6A3_HUMAN_41_357_0/3g51_A_rec_3g51_anp_lig_tt_min_0_pocket10.pdb,/home/test/wsk/public_generators/if3_crossdocked2020/selected_pockets/crossdocked_pocket10/KS6A3_HUMAN_41_357_0/3g51_A_rec_3g51_anp_lig_tt_min_0_pocket10.pdb,True
3l3n-A-rec-2iux-nxa-lig-tt-docked-2-pocket10_3l3n-A-rec-2iux-nxa-lig-tt-docked-2,crossdocked_pocket10/ACE_HUMAN_650_1230_0/3l3n_A_rec_2iux_nxa_lig_tt_docked_2_pocket10.pdb,/home/test/wsk/public_generators/if3_crossdocked2020/selected_pockets/crossdocked_pocket10/ACE_HUMAN_650_1230_0/3l3n_A_rec_2iux_nxa_lig_tt_docked_2_pocket10.pdb,True
3hy9-B-rec-3hyg-099-lig-tt-min-0-pocket10_3hy9-B-rec-3hyg-099-lig-tt-min-0,crossdocked_pocket10/ATS5_HUMAN_262_480_0/3hy9_B_rec_3hyg_099_lig_tt_min_0_pocket10.pdb,/home/test/wsk/public_generators/if3_crossdocked2020/selected_pockets/crossdocked_pocket10/ATS5_HUMAN_262_480_0/3hy9_B_rec_3hyg_099_lig_tt_min_0_pocket10.pdb,True
3b6h-A-rec-3b6h-mxd-lig-tt-min-0-pocket10_3b6h-A-rec-3b6h-mxd-lig-tt-min-0,crossdocked_pocket10/PTGIS_HUMAN_20_500_0/3b6h_A_rec_3b6h_mxd_lig_tt_min_0_pocket10.pdb,/home/test/wsk/public_generators/if3_crossdocked2020/selected_pockets/crossdocked_pocket10/PTGIS_HUMAN_20_500_0/3b6h_A_rec_3b6h_mxd_lig_tt_min_0_pocket10.pdb,True
3af2-A-rec-3af4-gcp-lig-tt-min-0-pocket10_3af2-A-rec-3af4-gcp-lig-tt-min-0,crossdocked_pocket10/COAA_MYCTU_1_312_0/3af2_A_rec_3af4_gcp_lig_tt_min_0_pocket10.pdb,/home/test/wsk/public_generators/if3_crossdocked2020/selected_pockets/crossdocked_pocket10/COAA_MYCTU_1_312_0/3af2_A_rec_3af4_gcp_lig_tt_min_0_pocket10.pdb,True
3li4-A-rec-2gvv-di9-lig-tt-min-0-pocket10_3li4-A-rec-2gvv-di9-lig-tt-min-0,crossdocked_pocket10/DFPA_LOLVU_2_314_0/3li4_A_rec_2gvv_di9_lig_tt_min_0_pocket10.pdb,/home/test/wsk/public_generators/if3_crossdocked2020/selected_pockets/crossdocked_pocket10/DFPA_LOLVU_2_314_0/3li4_A_rec_2gvv_di9_lig_tt_min_0_pocket10.pdb,True
3pnm-A-rec-3pnq-2ha-lig-tt-docked-10-pocket10_3pnm-A-rec-3pnq-2ha-lig-tt-docked-10,crossdocked_pocket10/DHAK_ECOLI_1_356_0/3pnm_A_rec_3pnq_2ha_lig_tt_docked_10_pocket10.pdb,/home/test/wsk/public_generators/if3_crossdocked2020/selected_pockets/crossdocked_pocket10/DHAK_ECOLI_1_356_0/3pnm_A_rec_3pnq_2ha_lig_tt_docked_10_pocket10.pdb,True
3kc1-A-rec-3kc1-2t6-lig-tt-min-0-pocket10_3kc1-A-rec-3kc1-2t6-lig-tt-min-0,crossdocked_pocket10/F16P1_HUMAN_1_338_0/3kc1_A_rec_3kc1_2t6_lig_tt_min_0_pocket10.pdb,/home/test/wsk/public_generators/if3_crossdocked2020/selected_pockets/crossdocked_pocket10/F16P1_HUMAN_1_338_0/3kc1_A_rec_3kc1_2t6_lig_tt_min_0_pocket10.pdb,True
3pdh-A-rec-4buz-ocz-lig-tt-min-0-pocket10_3pdh-A-rec-4buz-ocz-lig-tt-min-0,crossdocked_pocket10/NPD_THEMA_1_246_0/3pdh_A_rec_4buz_ocz_lig_tt_min_0_pocket10.pdb,/home/test/wsk/public_generators/if3_crossdocked2020/selected_pockets/crossdocked_pocket10/NPD_THEMA_1_246_0/3pdh_A_rec_4buz_ocz_lig_tt_min_0_pocket10.pdb,True
3dzh-A-rec-3u4i-cvr-lig-tt-docked-0-pocket10_3dzh-A-rec-3u4i-cvr-lig-tt-docked-0,crossdocked_pocket10/CD38_HUMAN_44_300_0/3dzh_A_rec_3u4i_cvr_lig_tt_docked_0_pocket10.pdb,/home/test/wsk/public_generators/if3_crossdocked2020/selected_pockets/crossdocked_pocket10/CD38_HUMAN_44_300_0/3dzh_A_rec_3u4i_cvr_lig_tt_docked_0_pocket10.pdb,True
4aua-A-rec-4aua-4au-lig-it2-tt-docked-7-pocket10_4aua-A-rec-4aua-4au-lig-it2-tt-docked-7,crossdocked_pocket10/CDK6_HUMAN_1_312_0/4aua_A_rec_4aua_4au_lig_it2_tt_docked_7_pocket10.pdb,/home/test/wsk/public_generators/if3_crossdocked2020/selected_pockets/crossdocked_pocket10/CDK6_HUMAN_1_312_0/4aua_A_rec_4aua_4au_lig_it2_tt_docked_7_pocket10.pdb,True
3daf-A-rec-3daf-feg-lig-tt-docked-0-pocket10_3daf-A-rec-3daf-feg-lig-tt-docked-0,crossdocked_pocket10/HMD_METJA_1_358_0/3daf_A_rec_3daf_feg_lig_tt_docked_0_pocket10.pdb,/home/test/wsk/public_generators/if3_crossdocked2020/selected_pockets/crossdocked_pocket10/HMD_METJA_1_358_0/3daf_A_rec_3daf_feg_lig_tt_docked_0_pocket10.pdb,True
3jyh-A-rec-3n0t-opy-lig-tt-min-0-pocket10_3jyh-A-rec-3n0t-opy-lig-tt-min-0,crossdocked_pocket10/DPP2_HUMAN_27_492_0/3jyh_A_rec_3n0t_opy_lig_tt_min_0_pocket10.pdb,/home/test/wsk/public_generators/if3_crossdocked2020/selected_pockets/crossdocked_pocket10/DPP2_HUMAN_27_492_0/3jyh_A_rec_3n0t_opy_lig_tt_min_0_pocket10.pdb,True
3w83-B-rec-2e6d-fum-lig-tt-min-0-pocket10_3w83-B-rec-2e6d-fum-lig-tt-min-0,crossdocked_pocket10/PYRD_TRYCC_2_314_catalytic_0/3w83_B_rec_2e6d_fum_lig_tt_min_0_pocket10.pdb,/home/test/wsk/public_generators/if3_crossdocked2020/selected_pockets/crossdocked_pocket10/PYRD_TRYCC_2_314_catalytic_0/3w83_B_rec_2e6d_fum_lig_tt_min_0_pocket10.pdb,True
3tym-A-rec-3n5v-xfh-lig-tt-min-0-pocket10_3tym-A-rec-3n5v-xfh-lig-tt-min-0,crossdocked_pocket10/NOS1_HUMAN_302_723_0/3tym_A_rec_3n5v_xfh_lig_tt_min_0_pocket10.pdb,/home/test/wsk/public_generators/if3_crossdocked2020/selected_pockets/crossdocked_pocket10/NOS1_HUMAN_302_723_0/3tym_A_rec_3n5v_xfh_lig_tt_min_0_pocket10.pdb,True
3o96-A-rec-3o96-iqo-lig-tt-docked-2-pocket10_3o96-A-rec-3o96-iqo-lig-tt-docked-2,crossdocked_pocket10/AKT1_HUMAN_1_137_0/3o96_A_rec_3o96_iqo_lig_tt_docked_2_pocket10.pdb,/home/test/wsk/public_generators/if3_crossdocked2020/selected_pockets/crossdocked_pocket10/AKT1_HUMAN_1_137_0/3o96_A_rec_3o96_iqo_lig_tt_docked_2_pocket10.pdb,True
3nfb-A-rec-3nfb-oae-lig-tt-docked-2-pocket10_3nfb-A-rec-3nfb-oae-lig-tt-docked-2,crossdocked_pocket10/BAPA_SPHXN_30_402_0/3nfb_A_rec_3nfb_oae_lig_tt_docked_2_pocket10.pdb,/home/test/wsk/public_generators/if3_crossdocked2020/selected_pockets/crossdocked_pocket10/BAPA_SPHXN_30_402_0/3nfb_A_rec_3nfb_oae_lig_tt_docked_2_pocket10.pdb,True
3u9f-C-rec-3u9f-clm-lig-tt-min-0-pocket10_3u9f-C-rec-3u9f-clm-lig-tt-min-0,crossdocked_pocket10/CAT_ECOLX_1_219_0/3u9f_C_rec_3u9f_clm_lig_tt_min_0_pocket10.pdb,/home/test/wsk/public_generators/if3_crossdocked2020/selected_pockets/crossdocked_pocket10/CAT_ECOLX_1_219_0/3u9f_C_rec_3u9f_clm_lig_tt_min_0_pocket10.pdb,True
4azf-A-rec-5lxc-7aa-lig-tt-min-0-pocket10_4azf-A-rec-5lxc-7aa-lig-tt-min-0,crossdocked_pocket10/DYRK2_HUMAN_145_550_0/4azf_A_rec_5lxc_7aa_lig_tt_min_0_pocket10.pdb,/home/test/wsk/public_generators/if3_crossdocked2020/selected_pockets/crossdocked_pocket10/DYRK2_HUMAN_145_550_0/4azf_A_rec_5lxc_7aa_lig_tt_min_0_pocket10.pdb,True
4d7o-A-rec-3n5z-xfm-lig-tt-min-0-pocket10_4d7o-A-rec-3n5z-xfm-lig-tt-min-0,crossdocked_pocket10/NOS1_HUMAN_302_723_0/4d7o_A_rec_3n5z_xfm_lig_tt_min_0_pocket10.pdb,/home/test/wsk/public_generators/if3_crossdocked2020/selected_pockets/crossdocked_pocket10/NOS1_HUMAN_302_723_0/4d7o_A_rec_3n5z_xfm_lig_tt_min_0_pocket10.pdb,True
4bel-A-rec-2ewy-dbo-lig-tt-min-0-pocket10_4bel-A-rec-2ewy-dbo-lig-tt-min-0,crossdocked_pocket10/BACE2_HUMAN_76_460_0/4bel_A_rec_2ewy_dbo_lig_tt_min_0_pocket10.pdb,/home/test/wsk/public_generators/if3_crossdocked2020/selected_pockets/crossdocked_pocket10/BACE2_HUMAN_76_460_0/4bel_A_rec_2ewy_dbo_lig_tt_min_0_pocket10.pdb,True
4aaw-A-rec-4ac3-r83-lig-tt-min-0-pocket10_4aaw-A-rec-4ac3-r83-lig-tt-min-0,crossdocked_pocket10/GLMU_STRPN_2_459_0/4aaw_A_rec_4ac3_r83_lig_tt_min_0_pocket10.pdb,/home/test/wsk/public_generators/if3_crossdocked2020/selected_pockets/crossdocked_pocket10/GLMU_STRPN_2_459_0/4aaw_A_rec_4ac3_r83_lig_tt_min_0_pocket10.pdb,True
3v4t-A-rec-4e7f-udp-lig-tt-min-0-pocket10_3v4t-A-rec-4e7f-udp-lig-tt-min-0,crossdocked_pocket10/MURA_ECOLI_1_419_catalytic_0/3v4t_A_rec_4e7f_udp_lig_tt_min_0_pocket10.pdb,/home/test/wsk/public_generators/if3_crossdocked2020/selected_pockets/crossdocked_pocket10/MURA_ECOLI_1_419_catalytic_0/3v4t_A_rec_4e7f_udp_lig_tt_min_0_pocket10.pdb,True
4f1m-A-rec-4f1m-acp-lig-tt-min-0-pocket10_4f1m-A-rec-4f1m-acp-lig-tt-min-0,crossdocked_pocket10/ROCO4_DICDI_1009_1292_0/4f1m_A_rec_4f1m_acp_lig_tt_min_0_pocket10.pdb,/home/test/wsk/public_generators/if3_crossdocked2020/selected_pockets/crossdocked_pocket10/ROCO4_DICDI_1009_1292_0/4f1m_A_rec_4f1m_acp_lig_tt_min_0_pocket10.pdb,True
3u5y-B-rec-3u57-dh8-lig-tt-min-0-pocket10_3u5y-B-rec-3u57-dh8-lig-tt-min-0,crossdocked_pocket10/RG1_RAUSE_1_513_0/3u5y_B_rec_3u57_dh8_lig_tt_min_0_pocket10.pdb,/home/test/wsk/public_generators/if3_crossdocked2020/selected_pockets/crossdocked_pocket10/RG1_RAUSE_1_513_0/3u5y_B_rec_3u57_dh8_lig_tt_min_0_pocket10.pdb,True
4g3d-B-rec-4idv-13v-lig-tt-min-0-pocket10_4g3d-B-rec-4idv-13v-lig-tt-min-0,crossdocked_pocket10/M3K14_HUMAN_321_678_0/4g3d_B_rec_4idv_13v_lig_tt_min_0_pocket10.pdb,/home/test/wsk/public_generators/if3_crossdocked2020/selected_pockets/crossdocked_pocket10/M3K14_HUMAN_321_678_0/4g3d_B_rec_4idv_13v_lig_tt_min_0_pocket10.pdb,True
4gvd-A-rec-4nxr-ans-lig-tt-min-0-pocket10_4gvd-A-rec-4nxr-ans-lig-tt-min-0,crossdocked_pocket10/TIAM1_HUMAN_840_931_0/4gvd_A_rec_4nxr_ans_lig_tt_min_0_pocket10.pdb,/home/test/wsk/public_generators/if3_crossdocked2020/selected_pockets/crossdocked_pocket10/TIAM1_HUMAN_840_931_0/4gvd_A_rec_4nxr_ans_lig_tt_min_0_pocket10.pdb,True
4h3c-A-rec-5cqj-53q-lig-tt-docked-2-pocket10_4h3c-A-rec-5cqj-53q-lig-tt-docked-2,crossdocked_pocket10/UPPS_ECOLI_1_253_0/4h3c_A_rec_5cqj_53q_lig_tt_docked_2_pocket10.pdb,/home/test/wsk/public_generators/if3_crossdocked2020/selected_pockets/crossdocked_pocket10/UPPS_ECOLI_1_253_0/4h3c_A_rec_5cqj_53q_lig_tt_docked_2_pocket10.pdb,True
4q8b-B-rec-4q8b-sxx-lig-tt-min-0-pocket10_4q8b-B-rec-4q8b-sxx-lig-tt-min-0,crossdocked_pocket10/COTA_BACSU_1_513_0/4q8b_B_rec_4q8b_sxx_lig_tt_min_0_pocket10.pdb,/home/test/wsk/public_generators/if3_crossdocked2020/selected_pockets/crossdocked_pocket10/COTA_BACSU_1_513_0/4q8b_B_rec_4q8b_sxx_lig_tt_min_0_pocket10.pdb,True
4u5s-A-rec-4u54-3c5-lig-tt-min-0-pocket10_4u5s-A-rec-4u54-3c5-lig-tt-min-0,crossdocked_pocket10/IMA1_HUMAN_68_497_0/4u5s_A_rec_4u54_3c5_lig_tt_min_0_pocket10.pdb,/home/test/wsk/public_generators/if3_crossdocked2020/selected_pockets/crossdocked_pocket10/IMA1_HUMAN_68_497_0/4u5s_A_rec_4u54_3c5_lig_tt_min_0_pocket10.pdb,True
4rn0-B-rec-4rn1-l8g-lig-tt-min-0-pocket10_4rn0-B-rec-4rn1-l8g-lig-tt-min-0,crossdocked_pocket10/HDAC8_HUMAN_1_377_0/4rn0_B_rec_4rn1_l8g_lig_tt_min_0_pocket10.pdb,/home/test/wsk/public_generators/if3_crossdocked2020/selected_pockets/crossdocked_pocket10/HDAC8_HUMAN_1_377_0/4rn0_B_rec_4rn1_l8g_lig_tt_min_0_pocket10.pdb,True
4iiy-A-rec-3tle-gsu-lig-tt-docked-12-pocket10_4iiy-A-rec-3tle-gsu-lig-tt-docked-12,crossdocked_pocket10/MCCF_ECOLX_1_344_0/4iiy_A_rec_3tle_gsu_lig_tt_docked_12_pocket10.pdb,/home/test/wsk/public_generators/if3_crossdocked2020/selected_pockets/crossdocked_pocket10/MCCF_ECOLX_1_344_0/4iiy_A_rec_3tle_gsu_lig_tt_docked_12_pocket10.pdb,True
4tqr-A-rec-2xca-doc-lig-tt-min-0-pocket10_4tqr-A-rec-2xca-doc-lig-tt-min-0,crossdocked_pocket10/DPO4_SULSO_1_347_0/4tqr_A_rec_2xca_doc_lig_tt_min_0_pocket10.pdb,/home/test/wsk/public_generators/if3_crossdocked2020/selected_pockets/crossdocked_pocket10/DPO4_SULSO_1_347_0/4tqr_A_rec_2xca_doc_lig_tt_min_0_pocket10.pdb,True
4rv4-A-rec-4rv4-prp-lig-tt-docked-2-pocket10_4rv4-A-rec-4rv4-prp-lig-tt-docked-2,crossdocked_pocket10/PYRE_BACAN_1_210_0/4rv4_A_rec_4rv4_prp_lig_tt_docked_2_pocket10.pdb,/home/test/wsk/public_generators/if3_crossdocked2020/selected_pockets/crossdocked_pocket10/PYRE_BACAN_1_210_0/4rv4_A_rec_4rv4_prp_lig_tt_docked_2_pocket10.pdb,True
4lfu-A-rec-4y13-480-lig-tt-min-0-pocket10_4lfu-A-rec-4y13-480-lig-tt-min-0,crossdocked_pocket10/SDIA_ECOLI_1_171_0/4lfu_A_rec_4y13_480_lig_tt_min_0_pocket10.pdb,/home/test/wsk/public_generators/if3_crossdocked2020/selected_pockets/crossdocked_pocket10/SDIA_ECOLI_1_171_0/4lfu_A_rec_4y13_480_lig_tt_min_0_pocket10.pdb,True
4pxz-A-rec-4pxz-6ad-lig-tt-min-0-pocket10_4pxz-A-rec-4pxz-6ad-lig-tt-min-0,crossdocked_pocket10/P2Y12_HUMAN_1_342_0/4pxz_A_rec_4pxz_6ad_lig_tt_min_0_pocket10.pdb,/home/test/wsk/public_generators/if3_crossdocked2020/selected_pockets/crossdocked_pocket10/P2Y12_HUMAN_1_342_0/4pxz_A_rec_4pxz_6ad_lig_tt_min_0_pocket10.pdb,True
4iwq-A-rec-4jlc-su6-lig-tt-min-0-pocket10_4iwq-A-rec-4jlc-su6-lig-tt-min-0,crossdocked_pocket10/TBK1_HUMAN_1_303_0/4iwq_A_rec_4jlc_su6_lig_tt_min_0_pocket10.pdb,/home/test/wsk/public_generators/if3_crossdocked2020/selected_pockets/crossdocked_pocket10/TBK1_HUMAN_1_303_0/4iwq_A_rec_4jlc_su6_lig_tt_min_0_pocket10.pdb,True
4p6p-A-rec-4p77-5rp-lig-tt-docked-0-pocket10_4p6p-A-rec-4p77-5rp-lig-tt-docked-0,crossdocked_pocket10/RIBB_VIBCH_2_218_0/4p6p_A_rec_4p77_5rp_lig_tt_docked_0_pocket10.pdb,/home/test/wsk/public_generators/if3_crossdocked2020/selected_pockets/crossdocked_pocket10/RIBB_VIBCH_2_218_0/4p6p_A_rec_4p77_5rp_lig_tt_docked_0_pocket10.pdb,True
4kcq-A-rec-4cwv-hw8-lig-tt-min-0-pocket10_4kcq-A-rec-4cwv-hw8-lig-tt-min-0,crossdocked_pocket10/NOS3_HUMAN_65_480_0/4kcq_A_rec_4cwv_hw8_lig_tt_min_0_pocket10.pdb,/home/test/wsk/public_generators/if3_crossdocked2020/selected_pockets/crossdocked_pocket10/NOS3_HUMAN_65_480_0/4kcq_A_rec_4cwv_hw8_lig_tt_min_0_pocket10.pdb,True
4m7t-A-rec-4m7t-sam-lig-tt-min-0-pocket10_4m7t-A-rec-4m7t-sam-lig-tt-min-0,crossdocked_pocket10/BTRN_BACCI_2_250_0/4m7t_A_rec_4m7t_sam_lig_tt_min_0_pocket10.pdb,/home/test/wsk/public_generators/if3_crossdocked2020/selected_pockets/crossdocked_pocket10/BTRN_BACCI_2_250_0/4m7t_A_rec_4m7t_sam_lig_tt_min_0_pocket10.pdb,True
4keu-A-rec-4ket-pg4-lig-tt-min-0-pocket10_4keu-A-rec-4ket-pg4-lig-tt-min-0,crossdocked_pocket10/PHP_SULSO_1_314_0/4keu_A_rec_4ket_pg4_lig_tt_min_0_pocket10.pdb,/home/test/wsk/public_generators/if3_crossdocked2020/selected_pockets/crossdocked_pocket10/PHP_SULSO_1_314_0/4keu_A_rec_4ket_pg4_lig_tt_min_0_pocket10.pdb,True
4tos-A-rec-4tos-355-lig-tt-min-0-pocket10_4tos-A-rec-4tos-355-lig-tt-min-0,crossdocked_pocket10/TNKS1_HUMAN_1099_1319_0/4tos_A_rec_4tos_355_lig_tt_min_0_pocket10.pdb,/home/test/wsk/public_generators/if3_crossdocked2020/selected_pockets/crossdocked_pocket10/TNKS1_HUMAN_1099_1319_0/4tos_A_rec_4tos_355_lig_tt_min_0_pocket10.pdb,True
4qlk-A-rec-4qlk-ctt-lig-tt-docked-0-pocket10_4qlk-A-rec-4qlk-ctt-lig-tt-docked-0,crossdocked_pocket10/BGL07_ORYSJ_25_504_0/4qlk_A_rec_4qlk_ctt_lig_tt_docked_0_pocket10.pdb,/home/test/wsk/public_generators/if3_crossdocked2020/selected_pockets/crossdocked_pocket10/BGL07_ORYSJ_25_504_0/4qlk_A_rec_4qlk_ctt_lig_tt_docked_0_pocket10.pdb,True
4xli-B-rec-4xli-1n1-lig-tt-min-0-pocket10_4xli-B-rec-4xli-1n1-lig-tt-min-0,crossdocked_pocket10/ABL2_HUMAN_274_551_0/4xli_B_rec_4xli_1n1_lig_tt_min_0_pocket10.pdb,/home/test/wsk/public_generators/if3_crossdocked2020/selected_pockets/crossdocked_pocket10/ABL2_HUMAN_274_551_0/4xli_B_rec_4xli_1n1_lig_tt_min_0_pocket10.pdb,True
4ja8-B-rec-4ja8-1k9-lig-tt-docked-0-pocket10_4ja8-B-rec-4ja8-1k9-lig-tt-docked-0,crossdocked_pocket10/IDHP_HUMAN_40_452_0/4ja8_B_rec_4ja8_1k9_lig_tt_docked_0_pocket10.pdb,/home/test/wsk/public_generators/if3_crossdocked2020/selected_pockets/crossdocked_pocket10/IDHP_HUMAN_40_452_0/4ja8_B_rec_4ja8_1k9_lig_tt_docked_0_pocket10.pdb,True
4rlu-A-rec-4rlu-hcc-lig-tt-min-0-pocket10_4rlu-A-rec-4rlu-hcc-lig-tt-min-0,crossdocked_pocket10/Y635_MYCTU_1_158_0/4rlu_A_rec_4rlu_hcc_lig_tt_min_0_pocket10.pdb,/home/test/wsk/public_generators/if3_crossdocked2020/selected_pockets/crossdocked_pocket10/Y635_MYCTU_1_158_0/4rlu_A_rec_4rlu_hcc_lig_tt_min_0_pocket10.pdb,True
5d7n-D-rec-4jt9-1ns-lig-tt-min-0-pocket10_5d7n-D-rec-4jt9-1ns-lig-tt-min-0,crossdocked_pocket10/SIR3_HUMAN_117_398_0/5d7n_D_rec_4jt9_1ns_lig_tt_min_0_pocket10.pdb,/home/test/wsk/public_generators/if3_crossdocked2020/selected_pockets/crossdocked_pocket10/SIR3_HUMAN_117_398_0/5d7n_D_rec_4jt9_1ns_lig_tt_min_0_pocket10.pdb,True
5b08-A-rec-5b09-4mx-lig-tt-min-0-pocket10_5b08-A-rec-5b09-4mx-lig-tt-min-0,crossdocked_pocket10/OLIAC_CANSA_1_101_0/5b08_A_rec_5b09_4mx_lig_tt_min_0_pocket10.pdb,/home/test/wsk/public_generators/if3_crossdocked2020/selected_pockets/crossdocked_pocket10/OLIAC_CANSA_1_101_0/5b08_A_rec_5b09_4mx_lig_tt_min_0_pocket10.pdb,True
5aeh-A-rec-5aeh-8ir-lig-tt-docked-0-pocket10_5aeh-A-rec-5aeh-8ir-lig-tt-docked-0,crossdocked_pocket10/TNKS2_HUMAN_948_1162_0/5aeh_A_rec_5aeh_8ir_lig_tt_docked_0_pocket10.pdb,/home/test/wsk/public_generators/if3_crossdocked2020/selected_pockets/crossdocked_pocket10/TNKS2_HUMAN_948_1162_0/5aeh_A_rec_5aeh_8ir_lig_tt_docked_0_pocket10.pdb,True
4z2g-A-rec-4z2g-m6v-lig-tt-docked-16-pocket10_4z2g-A-rec-4z2g-m6v-lig-tt-docked-16,crossdocked_pocket10/CHIB_SERMA_1_499_0/4z2g_A_rec_4z2g_m6v_lig_tt_docked_16_pocket10.pdb,/home/test/wsk/public_generators/if3_crossdocked2020/selected_pockets/crossdocked_pocket10/CHIB_SERMA_1_499_0/4z2g_A_rec_4z2g_m6v_lig_tt_docked_16_pocket10.pdb,True
5l1v-A-rec-5l1v-7pf-lig-tt-docked-0-pocket10_5l1v-A-rec-5l1v-7pf-lig-tt-docked-0,crossdocked_pocket10/PNTM_STRAE_2_398_0/5l1v_A_rec_5l1v_7pf_lig_tt_docked_0_pocket10.pdb,/home/test/wsk/public_generators/if3_crossdocked2020/selected_pockets/crossdocked_pocket10/PNTM_STRAE_2_398_0/5l1v_A_rec_5l1v_7pf_lig_tt_docked_0_pocket10.pdb,True
5i0b-A-rec-5vef-m77-lig-tt-min-0-pocket10_5i0b-A-rec-5vef-m77-lig-tt-min-0,crossdocked_pocket10/PAK4_HUMAN_291_591_ATP_0/5i0b_A_rec_5vef_m77_lig_tt_min_0_pocket10.pdb,/home/test/wsk/public_generators/if3_crossdocked2020/selected_pockets/crossdocked_pocket10/PAK4_HUMAN_291_591_ATP_0/5i0b_A_rec_5vef_m77_lig_tt_min_0_pocket10.pdb,True
4zfa-A-rec-1smj-pam-lig-tt-min-0-pocket10_4zfa-A-rec-1smj-pam-lig-tt-min-0,crossdocked_pocket10/CPXB_BACMB_2_464_0/4zfa_A_rec_1smj_pam_lig_tt_min_0_pocket10.pdb,/home/test/wsk/public_generators/if3_crossdocked2020/selected_pockets/crossdocked_pocket10/CPXB_BACMB_2_464_0/4zfa_A_rec_1smj_pam_lig_tt_min_0_pocket10.pdb,True
5bur-A-rec-5x8f-amp-lig-tt-docked-7-pocket10_5bur-A-rec-5x8f-amp-lig-tt-docked-7,crossdocked_pocket10/MENE_BACSU_2_486_0/5bur_A_rec_5x8f_amp_lig_tt_docked_7_pocket10.pdb,/home/test/wsk/public_generators/if3_crossdocked2020/selected_pockets/crossdocked_pocket10/MENE_BACSU_2_486_0/5bur_A_rec_5x8f_amp_lig_tt_docked_7_pocket10.pdb,True
5liu-X-rec-4gq0-qap-lig-tt-min-0-pocket10_5liu-X-rec-4gq0-qap-lig-tt-min-0,crossdocked_pocket10/AK1BA_HUMAN_1_316_0/5liu_X_rec_4gq0_qap_lig_tt_min_0_pocket10.pdb,/home/test/wsk/public_generators/if3_crossdocked2020/selected_pockets/crossdocked_pocket10/AK1BA_HUMAN_1_316_0/5liu_X_rec_4gq0_qap_lig_tt_min_0_pocket10.pdb,True
4yhj-A-rec-4yhj-an2-lig-tt-min-0-pocket10_4yhj-A-rec-4yhj-an2-lig-tt-min-0,crossdocked_pocket10/GRK4_HUMAN_1_578_0/4yhj_A_rec_4yhj_an2_lig_tt_min_0_pocket10.pdb,/home/test/wsk/public_generators/if3_crossdocked2020/selected_pockets/crossdocked_pocket10/GRK4_HUMAN_1_578_0/4yhj_A_rec_4yhj_an2_lig_tt_min_0_pocket10.pdb,True
5mgl-A-rec-5mgl-7mu-lig-tt-min-0-pocket10_5mgl-A-rec-5mgl-7mu-lig-tt-min-0,crossdocked_pocket10/BAZ2A_HUMAN_1795_1898_0/5mgl_A_rec_5mgl_7mu_lig_tt_min_0_pocket10.pdb,/home/test/wsk/public_generators/if3_crossdocked2020/selected_pockets/crossdocked_pocket10/BAZ2A_HUMAN_1795_1898_0/5mgl_A_rec_5mgl_7mu_lig_tt_min_0_pocket10.pdb,True
5mma-A-rec-4ztf-x2p-lig-tt-min-0-pocket10_5mma-A-rec-4ztf-x2p-lig-tt-min-0,crossdocked_pocket10/POL_FOAMV_861_1060_0/5mma_A_rec_4ztf_x2p_lig_tt_min_0_pocket10.pdb,/home/test/wsk/public_generators/if3_crossdocked2020/selected_pockets/crossdocked_pocket10/POL_FOAMV_861_1060_0/5mma_A_rec_4ztf_x2p_lig_tt_min_0_pocket10.pdb,True
5ngz-A-rec-5ngz-2bg-lig-tt-min-0-pocket10_5ngz-A-rec-5ngz-2bg-lig-tt-min-0,crossdocked_pocket10/UBE2T_HUMAN_1_156_0/5ngz_A_rec_5ngz_2bg_lig_tt_min_0_pocket10.pdb,/home/test/wsk/public_generators/if3_crossdocked2020/selected_pockets/crossdocked_pocket10/UBE2T_HUMAN_1_156_0/5ngz_A_rec_5ngz_2bg_lig_tt_min_0_pocket10.pdb,True
5tjn-A-rec-1zj1-nlc-lig-tt-docked-4-pocket10_5tjn-A-rec-1zj1-nlc-lig-tt-docked-4,crossdocked_pocket10/BGAT_HUMAN_63_353_0/5tjn_A_rec_1zj1_nlc_lig_tt_docked_4_pocket10.pdb,/home/test/wsk/public_generators/if3_crossdocked2020/selected_pockets/crossdocked_pocket10/BGAT_HUMAN_63_353_0/5tjn_A_rec_1zj1_nlc_lig_tt_docked_4_pocket10.pdb,True
5w2g-A-rec-5w2i-adp-lig-tt-min-0-pocket10_5w2g-A-rec-5w2i-adp-lig-tt-min-0,crossdocked_pocket10/IPMK_HUMAN_49_416_0/5w2g_A_rec_5w2i_adp_lig_tt_min_0_pocket10.pdb,/home/test/wsk/public_generators/if3_crossdocked2020/selected_pockets/crossdocked_pocket10/IPMK_HUMAN_49_416_0/5w2g_A_rec_5w2i_adp_lig_tt_min_0_pocket10.pdb,True
5q0k-A-rec-5q0q-9ld-lig-tt-docked-0-pocket10_5q0k-A-rec-5q0q-9ld-lig-tt-docked-0,crossdocked_pocket10/NR1H4_HUMAN_258_486_0/5q0k_A_rec_5q0q_9ld_lig_tt_docked_0_pocket10.pdb,/home/test/wsk/public_generators/if3_crossdocked2020/selected_pockets/crossdocked_pocket10/NR1H4_HUMAN_258_486_0/5q0k_A_rec_5q0q_9ld_lig_tt_docked_0_pocket10.pdb,True
