score,topk_frac,n_selected,reliable_rate,posebusters_pass_proxy,sa_pass_proxy,clash_free_proxy,vina_gnina_consistency_proxy,diversity_proxy,mean_affinity_proxy
score_mlp_score_only,0.01,100,0.82,0.94,0.9,1.0,1.0,1.0,-1.5535146194368787
score_mlp_score_only,0.05,200,0.825,0.95,0.895,1.0,1.0,1.95,-1.54380416055007
score_mlp_score_only,0.1,400,0.835,0.9425,0.9175,1.0,0.9975,3.71,-1.5331667322055358
score_mlp_ligand_geometry,0.01,100,0.82,0.97,0.97,0.97,0.97,1.0,-1.1614120898281746
score_mlp_ligand_geometry,0.05,200,0.775,0.97,0.93,0.935,0.935,1.96,-1.2733200005903462
score_mlp_ligand_geometry,0.1,400,0.7325,0.98,0.9275,0.8925,0.8975,3.68,-1.3744662349637813
score_mlp_interaction_shape,0.01,100,0.87,1.0,0.92,1.0,1.0,1.0,-1.4673334700933927
score_mlp_interaction_shape,0.05,200,0.885,1.0,0.935,1.0,1.0,1.89,-1.4622445589107895
score_mlp_interaction_shape,0.1,400,0.885,1.0,0.9375,1.0,1.0,3.58,-1.4722055576363937
score_mlp_reliamol_noleak,0.01,100,0.9,1.0,0.95,1.0,1.0,1.0,-1.3705597329947592
score_mlp_reliamol_noleak,0.05,200,0.885,1.0,0.935,1.0,1.0,1.92,-1.3724215320825293
score_mlp_reliamol_noleak,0.1,400,0.8875,1.0,0.945,1.0,1.0,3.62,-1.427682479724615
score_mlp_leak_upper_bound,0.01,100,0.99,1.0,0.99,1.0,1.0,1.0,-1.4798459885485398
score_mlp_leak_upper_bound,0.05,200,0.99,1.0,0.99,1.0,1.0,1.93,-1.4953491887660129
score_mlp_leak_upper_bound,0.1,400,0.99,1.0,0.99,1.0,1.0,3.54,-1.4730248870673444
vina_rank_score,0.01,100,0.14,0.76,0.96,0.27,0.25,1.0,-3.2478321461043067
vina_rank_score,0.05,200,0.155,0.8,0.955,0.27,0.235,1.93,-3.1165737552712995
vina_rank_score,0.1,400,0.1575,0.77,0.9525,0.27,0.2475,3.75,-2.931174631183707
qed,0.01,100,0.32,0.67,0.91,0.62,0.65,1.0,-1.3822010946077938
qed,0.05,200,0.325,0.7,0.93,0.6,0.63,2.0,-1.4381289833716482
qed,0.1,400,0.335,0.7,0.9375,0.6,0.655,3.93,-1.3968034067611867
