score,topk_frac,n_selected,reliable_rate,posebusters_pass_proxy,sa_pass_proxy,clash_free_proxy,vina_gnina_consistency_proxy,diversity_proxy,mean_affinity_proxy,heldout_target,seed
rank_vina_rank,0.1,36,0.0,0.0,1.0,0.4444444444444444,0.0,31.0,-13.126491138581965,adrb2,42
rank_vina_rank,0.2,72,0.1388888888888889,0.375,0.8888888888888888,0.6944444444444444,0.375,38.0,-12.280482441391179,adrb2,42
rank_vina_rank,0.5,180,0.19444444444444445,0.5833333333333334,0.8,0.8166666666666667,0.6666666666666666,42.0,-10.877574946258905,adrb2,42
rank_native_vina_rank,0.1,36,0.16666666666666666,0.5833333333333334,0.8333333333333334,0.7222222222222222,0.8333333333333334,2.0,-11.039794377346157,adrb2,42
rank_native_vina_rank,0.2,72,0.16666666666666666,0.5555555555555556,0.8333333333333334,0.7083333333333334,0.8333333333333334,7.0,-10.718295708161033,adrb2,42
rank_native_vina_rank,0.5,180,0.16666666666666666,0.5722222222222222,0.8333333333333334,0.7388888888888889,0.8333333333333334,25.0,-9.87782177432186,adrb2,42
rank_mlp_score_only,0.1,36,0.1388888888888889,0.6388888888888888,0.7777777777777778,0.9166666666666666,0.9444444444444444,22.0,-8.924203259618569,adrb2,42
rank_mlp_score_only,0.2,72,0.18055555555555555,0.6527777777777778,0.7916666666666666,0.8888888888888888,0.9027777777777778,33.0,-8.98534879045777,adrb2,42
rank_mlp_score_only,0.5,180,0.2111111111111111,0.6944444444444444,0.75,0.9222222222222223,0.9444444444444444,41.0,-8.838299945866796,adrb2,42
rank_mlp_ligand_descriptor,0.1,36,0.25,0.4166666666666667,1.0,0.6666666666666666,0.75,9.0,-8.514146144493708,adrb2,42
rank_mlp_ligand_descriptor,0.2,72,0.25,0.4166666666666667,1.0,0.6388888888888888,0.75,15.0,-9.049317921312502,adrb2,42
rank_mlp_ligand_descriptor,0.5,180,0.23333333333333334,0.37777777777777777,1.0,0.6111111111111112,0.75,34.0,-8.580781484652345,adrb2,42
rank_mlp_pose_shape,0.1,36,0.3333333333333333,1.0,0.6666666666666666,1.0,1.0,10.0,-10.227833558030657,adrb2,42
rank_mlp_pose_shape,0.2,72,0.3333333333333333,1.0,0.6666666666666666,1.0,1.0,18.0,-10.092055022796934,adrb2,42
rank_mlp_pose_shape,0.5,180,0.3,0.9833333333333333,0.6722222222222223,0.9055555555555556,0.9833333333333333,41.0,-9.35274863437164,adrb2,42
rank_mlp_reliamol_noleak,0.1,36,0.9166666666666666,1.0,1.0,0.9166666666666666,1.0,24.0,-9.368333333333332,adrb2,42
rank_mlp_reliamol_noleak,0.2,72,0.75,0.8194444444444444,1.0,0.8194444444444444,0.8888888888888888,41.0,-9.09158205194191,adrb2,42
rank_mlp_reliamol_noleak,0.5,180,0.3,0.7,0.9388888888888889,0.6833333333333333,0.8611111111111112,42.0,-8.375713652353499,adrb2,42
rank_mlp_leak_upper_bound,0.1,36,1.0,1.0,1.0,1.0,1.0,25.0,-9.522444444444444,adrb2,42
rank_mlp_leak_upper_bound,0.2,72,0.75,0.8194444444444444,1.0,0.8611111111111112,0.9027777777777778,41.0,-9.041211519519724,adrb2,42
rank_mlp_leak_upper_bound,0.5,180,0.3,0.5055555555555555,0.9777777777777777,0.6666666666666666,0.8111111111111111,42.0,-8.59724402962197,adrb2,42
rank_vina_rank,0.1,36,0.0,0.0,0.9444444444444444,0.3888888888888889,0.0,31.0,-11.14969582412146,bace1,42
rank_vina_rank,0.2,72,0.06944444444444445,0.2222222222222222,0.875,0.5,0.2222222222222222,45.0,-10.314094010753783,bace1,42
rank_vina_rank,0.5,180,0.18888888888888888,0.5944444444444444,0.7777777777777778,0.7722222222222223,0.6666666666666666,49.0,-8.982424880856579,bace1,42
rank_native_vina_rank,0.1,36,0.16666666666666666,0.5833333333333334,0.8333333333333334,0.7222222222222222,0.8333333333333334,5.0,-8.689252278756664,bace1,42
rank_native_vina_rank,0.2,72,0.16666666666666666,0.625,0.8333333333333334,0.6944444444444444,0.8333333333333334,10.0,-8.40661874194724,bace1,42
rank_native_vina_rank,0.5,180,0.16111111111111112,0.6055555555555555,0.8055555555555556,0.7166666666666667,0.8333333333333334,26.0,-7.843171741647689,bace1,42
rank_mlp_score_only,0.1,36,0.2222222222222222,0.6388888888888888,0.7777777777777778,0.6666666666666666,0.6388888888888888,20.0,-9.173581652247687,bace1,42
rank_mlp_score_only,0.2,72,0.25,0.7222222222222222,0.75,0.7916666666666666,0.75,32.0,-8.920048252096215,bace1,42
rank_mlp_score_only,0.5,180,0.21666666666666667,0.6833333333333333,0.7166666666666667,0.8444444444444444,0.8,49.0,-8.421122785961684,bace1,42
rank_mlp_ligand_descriptor,0.1,36,0.2222222222222222,0.3888888888888889,0.8888888888888888,0.6111111111111112,0.75,6.0,-6.964728993627393,bace1,42
rank_mlp_ligand_descriptor,0.2,72,0.2222222222222222,0.3888888888888889,0.9444444444444444,0.5972222222222222,0.75,14.0,-6.6902245816999,bace1,42
rank_mlp_ligand_descriptor,0.5,180,0.20555555555555555,0.35555555555555557,0.9777777777777777,0.5444444444444444,0.75,35.0,-6.851634791725076,bace1,42
rank_mlp_pose_shape,0.1,36,0.3333333333333333,1.0,0.6666666666666666,1.0,1.0,11.0,-7.902261117277823,bace1,42
rank_mlp_pose_shape,0.2,72,0.3333333333333333,1.0,0.6666666666666666,1.0,1.0,16.0,-8.018331812498745,bace1,42
rank_mlp_pose_shape,0.5,180,0.2388888888888889,0.8166666666666667,0.6555555555555556,0.9166666666666666,0.9666666666666667,45.0,-7.5498555714452955,bace1,42
rank_mlp_reliamol_noleak,0.1,36,1.0,1.0,1.0,1.0,1.0,28.0,-8.148694444444445,bace1,42
rank_mlp_reliamol_noleak,0.2,72,0.5972222222222222,0.8333333333333334,0.8888888888888888,0.7361111111111112,0.8888888888888888,38.0,-7.321645917310438,bace1,42
rank_mlp_reliamol_noleak,0.5,180,0.2388888888888889,0.5833333333333334,0.8611111111111112,0.6444444444444445,0.8166666666666667,47.0,-7.239536926440523,bace1,42
rank_mlp_leak_upper_bound,0.1,36,1.0,1.0,1.0,1.0,1.0,29.0,-8.109027777777776,bace1,42
rank_mlp_leak_upper_bound,0.2,72,0.5972222222222222,0.875,0.7777777777777778,0.9166666666666666,0.9444444444444444,40.0,-7.774951492557499,bace1,42
rank_mlp_leak_upper_bound,0.5,180,0.2388888888888889,0.5777777777777777,0.8277777777777777,0.8166666666666667,0.8388888888888889,48.0,-7.778173716191207,bace1,42
rank_vina_rank,0.1,36,0.05555555555555555,0.1388888888888889,0.9444444444444444,0.19444444444444445,0.1388888888888889,25.0,-12.3919742389466,cp3a4,42
rank_vina_rank,0.2,72,0.1388888888888889,0.3888888888888889,0.875,0.4583333333333333,0.4027777777777778,32.0,-11.605551339933559,cp3a4,42
rank_vina_rank,0.5,180,0.2,0.5777777777777777,0.8055555555555556,0.6777777777777778,0.6666666666666666,46.0,-10.288283760165871,cp3a4,42
rank_native_vina_rank,0.1,36,0.16666666666666666,0.5277777777777778,0.8333333333333334,0.6388888888888888,0.8333333333333334,6.0,-10.547733208485246,cp3a4,42
rank_native_vina_rank,0.2,72,0.16666666666666666,0.5555555555555556,0.8333333333333334,0.625,0.8333333333333334,9.0,-10.23587603861824,cp3a4,42
rank_native_vina_rank,0.5,180,0.16666666666666666,0.55,0.8333333333333334,0.6444444444444445,0.8333333333333334,26.0,-9.343037212430744,cp3a4,42
rank_mlp_score_only,0.1,36,0.3333333333333333,0.8333333333333334,0.6944444444444444,0.9166666666666666,0.9722222222222222,15.0,-8.852962070223159,cp3a4,42
rank_mlp_score_only,0.2,72,0.2638888888888889,0.7916666666666666,0.7361111111111112,0.9305555555555556,0.9583333333333334,26.0,-8.837492115344995,cp3a4,42
rank_mlp_score_only,0.5,180,0.25555555555555554,0.7611111111111111,0.75,0.9111111111111111,0.95,45.0,-8.625948644501328,cp3a4,42
rank_mlp_ligand_descriptor,0.1,36,0.25,0.2777777777777778,1.0,0.4722222222222222,0.75,9.0,-8.048646456163699,cp3a4,42
rank_mlp_ligand_descriptor,0.2,72,0.25,0.3194444444444444,1.0,0.4583333333333333,0.75,12.0,-8.091156599592438,cp3a4,42
rank_mlp_ligand_descriptor,0.5,180,0.25,0.29444444444444445,1.0,0.4722222222222222,0.75,35.0,-8.10742238897258,cp3a4,42
rank_mlp_pose_shape,0.1,36,0.3333333333333333,1.0,0.6666666666666666,1.0,1.0,9.0,-9.68091659439669,cp3a4,42
rank_mlp_pose_shape,0.2,72,0.3333333333333333,1.0,0.6666666666666666,1.0,1.0,17.0,-9.392232076190787,cp3a4,42
rank_mlp_pose_shape,0.5,180,0.3333333333333333,1.0,0.6666666666666666,1.0,1.0,46.0,-8.942974609506921,cp3a4,42
rank_mlp_reliamol_noleak,0.1,36,1.0,1.0,1.0,1.0,1.0,27.0,-9.12488888888889,cp3a4,42
rank_mlp_reliamol_noleak,0.2,72,0.8333333333333334,0.8888888888888888,0.9583333333333334,0.875,0.9722222222222222,46.0,-8.617241361323657,cp3a4,42
rank_mlp_reliamol_noleak,0.5,180,0.3333333333333333,0.5888888888888889,0.8833333333333333,0.6111111111111112,0.8166666666666667,46.0,-8.435199602630417,cp3a4,42
rank_mlp_leak_upper_bound,0.1,36,1.0,1.0,1.0,1.0,1.0,26.0,-9.256833333333333,cp3a4,42
rank_mlp_leak_upper_bound,0.2,72,0.8333333333333334,0.9166666666666666,0.9861111111111112,0.9027777777777778,0.9444444444444444,46.0,-8.780515987322714,cp3a4,42
rank_mlp_leak_upper_bound,0.5,180,0.3333333333333333,0.6833333333333333,0.8944444444444445,0.8222222222222222,0.8944444444444445,46.0,-8.770506895387037,cp3a4,42
rank_vina_rank,0.1,36,0.0,0.027777777777777776,1.0,0.3333333333333333,0.027777777777777776,31.0,-12.120709783192828,pparg,42
rank_vina_rank,0.2,72,0.08333333333333333,0.25,0.9305555555555556,0.5138888888888888,0.25,47.0,-11.32615371580966,pparg,42
rank_vina_rank,0.5,180,0.2111111111111111,0.6055555555555555,0.7944444444444444,0.7888888888888889,0.6666666666666666,52.0,-9.986568787068828,pparg,42
rank_native_vina_rank,0.1,36,0.16666666666666666,0.5555555555555556,0.8333333333333334,0.75,0.8333333333333334,6.0,-9.808650017797968,pparg,42
rank_native_vina_rank,0.2,72,0.16666666666666666,0.5277777777777778,0.8333333333333334,0.75,0.8333333333333334,12.0,-9.569020901185601,pparg,42
rank_native_vina_rank,0.5,180,0.16666666666666666,0.55,0.8333333333333334,0.7222222222222222,0.8333333333333334,26.0,-8.888959811326798,pparg,42
rank_mlp_score_only,0.1,36,0.3055555555555556,0.8333333333333334,0.75,1.0,1.0,17.0,-8.79227661870924,pparg,42
rank_mlp_score_only,0.2,72,0.2916666666666667,0.8611111111111112,0.6666666666666666,0.9861111111111112,0.9861111111111112,31.0,-8.813439388212318,pparg,42
rank_mlp_score_only,0.5,180,0.23333333333333334,0.7444444444444445,0.7388888888888889,0.9388888888888889,0.9666666666666667,52.0,-8.600810180686523,pparg,42
rank_mlp_ligand_descriptor,0.1,36,0.25,0.3611111111111111,1.0,0.5555555555555556,0.75,7.0,-7.682045938066478,pparg,42
rank_mlp_ligand_descriptor,0.2,72,0.2361111111111111,0.3611111111111111,1.0,0.5416666666666666,0.75,14.0,-7.8495952725137625,pparg,42
rank_mlp_ligand_descriptor,0.5,180,0.21666666666666667,0.35,1.0,0.5444444444444444,0.75,38.0,-7.7825313034290575,pparg,42
rank_mlp_pose_shape,0.1,36,0.3055555555555556,1.0,0.6666666666666666,0.9166666666666666,1.0,10.0,-8.533767895680556,pparg,42
rank_mlp_pose_shape,0.2,72,0.3194444444444444,1.0,0.6666666666666666,0.9583333333333334,1.0,19.0,-8.781108366093848,pparg,42
rank_mlp_pose_shape,0.5,180,0.2722222222222222,0.9055555555555556,0.7055555555555556,0.8333333333333334,0.9277777777777778,47.0,-8.780262630012393,pparg,42
rank_mlp_reliamol_noleak,0.1,36,0.9722222222222222,1.0,1.0,0.9722222222222222,1.0,32.0,-9.08861111111111,pparg,42
rank_mlp_reliamol_noleak,0.2,72,0.6805555555555556,0.8333333333333334,0.9027777777777778,0.8333333333333334,0.9027777777777778,47.0,-8.92895192576811,pparg,42
rank_mlp_reliamol_noleak,0.5,180,0.2722222222222222,0.6444444444444445,0.8666666666666667,0.7666666666666667,0.8166666666666667,51.0,-8.756081182904435,pparg,42
rank_mlp_leak_upper_bound,0.1,36,1.0,1.0,1.0,1.0,1.0,32.0,-9.022444444444444,pparg,42
rank_mlp_leak_upper_bound,0.2,72,0.6805555555555556,0.8888888888888888,0.8611111111111112,0.9305555555555556,0.9444444444444444,48.0,-8.855802589072164,pparg,42
rank_mlp_leak_upper_bound,0.5,180,0.2722222222222222,0.5833333333333334,0.8611111111111112,0.8,0.7777777777777778,52.0,-8.920663545839433,pparg,42
rank_vina_rank,0.1,36,0.0,0.0,1.0,0.3333333333333333,0.0,27.0,-12.062107702534258,src,42
rank_vina_rank,0.2,72,0.09722222222222222,0.2777777777777778,0.9027777777777778,0.5,0.2916666666666667,40.0,-11.250686688241991,src,42
rank_vina_rank,0.5,180,0.20555555555555555,0.6111111111111112,0.8,0.7722222222222223,0.6722222222222223,48.0,-9.975512571432523,src,42
rank_native_vina_rank,0.1,36,0.16666666666666666,0.5833333333333334,0.8333333333333334,0.7222222222222222,0.8333333333333334,5.0,-9.684756801367012,src,42
rank_native_vina_rank,0.2,72,0.16666666666666666,0.5972222222222222,0.8333333333333334,0.7222222222222222,0.8333333333333334,8.0,-9.360314804147514,src,42
rank_native_vina_rank,0.5,180,0.16666666666666666,0.5944444444444444,0.8333333333333334,0.7222222222222222,0.8333333333333334,22.0,-8.856696659941704,src,42
rank_mlp_score_only,0.1,36,0.3611111111111111,0.8611111111111112,0.7222222222222222,0.9722222222222222,0.9444444444444444,20.0,-8.861926375831748,src,42
rank_mlp_score_only,0.2,72,0.2638888888888889,0.8194444444444444,0.7222222222222222,0.9861111111111112,0.9583333333333334,31.0,-8.847760816876823,src,42
rank_mlp_score_only,0.5,180,0.2722222222222222,0.7888888888888889,0.7333333333333333,0.9611111111111111,0.9444444444444444,49.0,-8.80377431983266,src,42
rank_mlp_ligand_descriptor,0.1,36,0.19444444444444445,0.3888888888888889,1.0,0.5555555555555556,0.75,7.0,-6.936720528027515,src,42
rank_mlp_ligand_descriptor,0.2,72,0.2222222222222222,0.3888888888888889,1.0,0.5555555555555556,0.75,15.0,-7.403340917694608,src,42
rank_mlp_ligand_descriptor,0.5,180,0.2388888888888889,0.3888888888888889,1.0,0.5777777777777777,0.75,36.0,-7.84483486402539,src,42
rank_mlp_pose_shape,0.1,36,0.3333333333333333,1.0,0.6666666666666666,1.0,1.0,10.0,-9.648501840490251,src,42
rank_mlp_pose_shape,0.2,72,0.3333333333333333,1.0,0.6666666666666666,1.0,1.0,17.0,-9.373105054623256,src,42
rank_mlp_pose_shape,0.5,180,0.3111111111111111,0.9555555555555556,0.6833333333333333,0.9666666666666667,0.9666666666666667,47.0,-8.806948161171535,src,42
rank_mlp_reliamol_noleak,0.1,36,0.9722222222222222,1.0,1.0,1.0,1.0,27.0,-9.049777777777779,src,42
rank_mlp_reliamol_noleak,0.2,72,0.7638888888888888,0.9166666666666666,0.9305555555555556,0.9166666666666666,0.9583333333333334,46.0,-8.502466252348057,src,42
rank_mlp_reliamol_noleak,0.5,180,0.3111111111111111,0.7111111111111111,0.8222222222222222,0.8277777777777777,0.9,49.0,-8.360473523714852,src,42
rank_mlp_leak_upper_bound,0.1,36,1.0,1.0,1.0,1.0,1.0,33.0,-8.779166666666667,src,42
rank_mlp_leak_upper_bound,0.2,72,0.7777777777777778,0.9444444444444444,0.875,1.0,0.9583333333333334,46.0,-8.766134185998885,src,42
rank_mlp_leak_upper_bound,0.5,180,0.3111111111111111,0.6833333333333333,0.8166666666666667,0.8666666666666667,0.9166666666666666,49.0,-8.252024122076472,src,42
rank_vina_rank,0.1,36,0.0,0.05555555555555555,0.9722222222222222,0.2777777777777778,0.05555555555555555,26.0,-10.719389285146818,try1,42
rank_vina_rank,0.2,71,0.11267605633802817,0.352112676056338,0.8873239436619719,0.5070422535211268,0.352112676056338,38.0,-9.856177235141008,try1,42
rank_vina_rank,0.5,177,0.1751412429378531,0.5254237288135594,0.807909604519774,0.7457627118644068,0.6666666666666666,51.0,-8.518880670735278,try1,42
rank_native_vina_rank,0.1,36,0.16666666666666666,0.6666666666666666,0.8333333333333334,0.7222222222222222,0.8333333333333334,5.0,-8.51963277598546,try1,42
rank_native_vina_rank,0.2,71,0.16901408450704225,0.6619718309859155,0.8450704225352113,0.7183098591549296,0.8309859154929577,10.0,-8.23434563325551,try1,42
rank_native_vina_rank,0.5,177,0.15819209039548024,0.6214689265536724,0.8361581920903954,0.7062146892655368,0.8305084745762712,23.0,-7.5236595298488425,try1,42
rank_mlp_score_only,0.1,36,0.2222222222222222,0.6666666666666666,0.8055555555555556,0.75,0.6666666666666666,21.0,-9.004516827643688,try1,42
rank_mlp_score_only,0.2,71,0.19718309859154928,0.5633802816901409,0.8169014084507042,0.676056338028169,0.5774647887323944,42.0,-8.87001167418922,try1,42
rank_mlp_score_only,0.5,177,0.1751412429378531,0.5536723163841808,0.7853107344632768,0.7740112994350282,0.7062146892655368,51.0,-8.306112441375204,try1,42
rank_mlp_ligand_descriptor,0.1,36,0.25,0.5,1.0,0.6111111111111112,0.75,8.0,-7.095133742154171,try1,42
rank_mlp_ligand_descriptor,0.2,71,0.23943661971830985,0.4788732394366197,1.0,0.5633802816901409,0.7464788732394366,16.0,-7.220158658677231,try1,42
rank_mlp_ligand_descriptor,0.5,177,0.23728813559322035,0.4689265536723164,1.0,0.5649717514124294,0.751412429378531,39.0,-6.549194881111649,try1,42
rank_mlp_pose_shape,0.1,36,0.3333333333333333,1.0,0.6666666666666666,1.0,1.0,11.0,-8.01130092237299,try1,42
rank_mlp_pose_shape,0.2,71,0.3380281690140845,1.0,0.676056338028169,1.0,1.0,22.0,-7.707991970377371,try1,42
rank_mlp_pose_shape,0.5,177,0.3107344632768362,0.96045197740113,0.6836158192090396,0.9491525423728814,0.9774011299435028,49.0,-7.1317484982357255,try1,42
rank_mlp_reliamol_noleak,0.1,36,1.0,1.0,1.0,1.0,1.0,28.0,-7.673361111111112,try1,42
rank_mlp_reliamol_noleak,0.2,71,0.7746478873239436,0.8591549295774648,0.9577464788732394,0.9014084507042254,0.9436619718309859,50.0,-7.225815627455795,try1,42
rank_mlp_reliamol_noleak,0.5,177,0.3107344632768362,0.6440677966101694,0.8870056497175142,0.711864406779661,0.8813559322033898,51.0,-6.468699255899765,try1,42
rank_mlp_leak_upper_bound,0.1,36,1.0,1.0,1.0,1.0,1.0,28.0,-7.6992777777777786,try1,42
rank_mlp_leak_upper_bound,0.2,71,0.7746478873239436,0.9295774647887324,0.9859154929577465,0.8169014084507042,0.971830985915493,48.0,-6.6267257056773925,try1,42
rank_mlp_leak_upper_bound,0.5,177,0.3107344632768362,0.6949152542372882,0.9322033898305084,0.6779661016949152,0.9265536723163842,50.0,-5.907326536348363,try1,42
rank_vina_rank,0.1,36,0.0,0.0,1.0,0.4444444444444444,0.0,31.0,-13.126491138581965,adrb2,43
rank_vina_rank,0.2,72,0.1388888888888889,0.375,0.8888888888888888,0.6944444444444444,0.375,38.0,-12.280482441391179,adrb2,43
rank_vina_rank,0.5,180,0.19444444444444445,0.5833333333333334,0.8,0.8166666666666667,0.6666666666666666,42.0,-10.877574946258905,adrb2,43
rank_native_vina_rank,0.1,36,0.16666666666666666,0.5833333333333334,0.8333333333333334,0.7222222222222222,0.8333333333333334,2.0,-11.039794377346157,adrb2,43
rank_native_vina_rank,0.2,72,0.16666666666666666,0.5555555555555556,0.8333333333333334,0.7083333333333334,0.8333333333333334,7.0,-10.718295708161033,adrb2,43
rank_native_vina_rank,0.5,180,0.16666666666666666,0.5722222222222222,0.8333333333333334,0.7388888888888889,0.8333333333333334,25.0,-9.87782177432186,adrb2,43
rank_mlp_score_only,0.1,36,0.1388888888888889,0.6388888888888888,0.75,0.9166666666666666,0.9444444444444444,23.0,-8.966071140831872,adrb2,43
rank_mlp_score_only,0.2,72,0.18055555555555555,0.6527777777777778,0.7916666666666666,0.8888888888888888,0.9027777777777778,33.0,-8.98534879045777,adrb2,43
rank_mlp_score_only,0.5,180,0.2111111111111111,0.6944444444444444,0.75,0.9222222222222223,0.9444444444444444,41.0,-8.838299945866796,adrb2,43
rank_mlp_ligand_descriptor,0.1,36,0.25,0.3888888888888889,1.0,0.6388888888888888,0.75,9.0,-8.807459986759874,adrb2,43
rank_mlp_ligand_descriptor,0.2,72,0.25,0.3888888888888889,1.0,0.625,0.75,15.0,-8.684496150312013,adrb2,43
rank_mlp_ligand_descriptor,0.5,180,0.24444444444444444,0.37222222222222223,1.0,0.6333333333333333,0.75,37.0,-8.921733780450376,adrb2,43
rank_mlp_pose_shape,0.1,36,0.3333333333333333,1.0,0.6666666666666666,1.0,1.0,10.0,-9.502788672801223,adrb2,43
rank_mlp_pose_shape,0.2,72,0.3333333333333333,1.0,0.6666666666666666,1.0,1.0,17.0,-9.685148294090114,adrb2,43
rank_mlp_pose_shape,0.5,180,0.3,0.9833333333333333,0.6722222222222223,0.9,0.9833333333333333,41.0,-9.375018453156338,adrb2,43
rank_mlp_reliamol_noleak,0.1,36,1.0,1.0,1.0,1.0,1.0,27.0,-9.720416666666667,adrb2,43
rank_mlp_reliamol_noleak,0.2,72,0.75,0.8611111111111112,0.9861111111111112,0.8333333333333334,0.9583333333333334,42.0,-8.850751397420526,adrb2,43
rank_mlp_reliamol_noleak,0.5,180,0.3,0.6555555555555556,0.9277777777777778,0.7777777777777778,0.9222222222222223,42.0,-8.552139326632311,adrb2,43
rank_mlp_leak_upper_bound,0.1,36,1.0,1.0,1.0,1.0,1.0,24.0,-9.476833333333333,adrb2,43
rank_mlp_leak_upper_bound,0.2,72,0.7361111111111112,0.8888888888888888,0.9444444444444444,0.8472222222222222,0.9722222222222222,40.0,-8.69709715150124,adrb2,43
rank_mlp_leak_upper_bound,0.5,180,0.3,0.6444444444444445,0.9222222222222223,0.6277777777777778,0.8722222222222222,42.0,-7.952298313621097,adrb2,43
rank_vina_rank,0.1,36,0.0,0.0,0.9444444444444444,0.3888888888888889,0.0,31.0,-11.14969582412146,bace1,43
rank_vina_rank,0.2,72,0.06944444444444445,0.2222222222222222,0.875,0.5,0.2222222222222222,45.0,-10.314094010753783,bace1,43
rank_vina_rank,0.5,180,0.18888888888888888,0.5944444444444444,0.7777777777777778,0.7722222222222223,0.6666666666666666,49.0,-8.982424880856579,bace1,43
rank_native_vina_rank,0.1,36,0.16666666666666666,0.5833333333333334,0.8333333333333334,0.7222222222222222,0.8333333333333334,5.0,-8.689252278756664,bace1,43
rank_native_vina_rank,0.2,72,0.16666666666666666,0.625,0.8333333333333334,0.6944444444444444,0.8333333333333334,10.0,-8.40661874194724,bace1,43
rank_native_vina_rank,0.5,180,0.16111111111111112,0.6055555555555555,0.8055555555555556,0.7166666666666667,0.8333333333333334,26.0,-7.843171741647689,bace1,43
rank_mlp_score_only,0.1,36,0.2222222222222222,0.6666666666666666,0.75,0.6944444444444444,0.6666666666666666,19.0,-9.130082240976197,bace1,43
rank_mlp_score_only,0.2,72,0.25,0.7361111111111112,0.75,0.7916666666666666,0.7777777777777778,30.0,-8.871964518260306,bace1,43
rank_mlp_score_only,0.5,180,0.21666666666666667,0.6888888888888889,0.7166666666666667,0.8722222222222222,0.8277777777777777,49.0,-8.325790375935993,bace1,43
rank_mlp_ligand_descriptor,0.1,36,0.2222222222222222,0.4444444444444444,0.8888888888888888,0.5277777777777778,0.75,7.0,-7.002023709854326,bace1,43
rank_mlp_ligand_descriptor,0.2,72,0.2361111111111111,0.4305555555555556,0.9444444444444444,0.5277777777777778,0.75,11.0,-7.132004723795081,bace1,43
rank_mlp_ligand_descriptor,0.5,180,0.2,0.34444444444444444,0.9777777777777777,0.5555555555555556,0.75,37.0,-6.918605282850816,bace1,43
rank_mlp_pose_shape,0.1,36,0.3333333333333333,1.0,0.6666666666666666,1.0,1.0,10.0,-7.7913275281457395,bace1,43
rank_mlp_pose_shape,0.2,72,0.3333333333333333,1.0,0.6666666666666666,1.0,1.0,16.0,-7.977621056895326,bace1,43
rank_mlp_pose_shape,0.5,180,0.2388888888888889,0.7722222222222223,0.6333333333333333,0.9555555555555556,0.9611111111111111,45.0,-7.7235910420723135,bace1,43
rank_mlp_reliamol_noleak,0.1,36,1.0,1.0,1.0,1.0,1.0,28.0,-8.117555555555557,bace1,43
rank_mlp_reliamol_noleak,0.2,72,0.5972222222222222,0.7916666666666666,0.9027777777777778,0.8194444444444444,0.875,43.0,-7.731353793138987,bace1,43
rank_mlp_reliamol_noleak,0.5,180,0.2388888888888889,0.5777777777777777,0.8944444444444445,0.7111111111111111,0.7555555555555555,46.0,-7.932951786249888,bace1,43
rank_mlp_leak_upper_bound,0.1,36,1.0,1.0,1.0,1.0,1.0,28.0,-8.110388888888886,bace1,43
rank_mlp_leak_upper_bound,0.2,72,0.5972222222222222,0.7083333333333334,0.9166666666666666,0.8888888888888888,0.8472222222222222,44.0,-7.985109017554843,bace1,43
rank_mlp_leak_upper_bound,0.5,180,0.2388888888888889,0.4722222222222222,0.8944444444444445,0.7111111111111111,0.7611111111111111,46.0,-7.660868818670242,bace1,43
rank_vina_rank,0.1,36,0.05555555555555555,0.1388888888888889,0.9444444444444444,0.19444444444444445,0.1388888888888889,25.0,-12.3919742389466,cp3a4,43
rank_vina_rank,0.2,72,0.1388888888888889,0.3888888888888889,0.875,0.4583333333333333,0.4027777777777778,32.0,-11.605551339933559,cp3a4,43
rank_vina_rank,0.5,180,0.2,0.5777777777777777,0.8055555555555556,0.6777777777777778,0.6666666666666666,46.0,-10.288283760165871,cp3a4,43
rank_native_vina_rank,0.1,36,0.16666666666666666,0.5277777777777778,0.8333333333333334,0.6388888888888888,0.8333333333333334,6.0,-10.547733208485246,cp3a4,43
rank_native_vina_rank,0.2,72,0.16666666666666666,0.5555555555555556,0.8333333333333334,0.625,0.8333333333333334,9.0,-10.23587603861824,cp3a4,43
rank_native_vina_rank,0.5,180,0.16666666666666666,0.55,0.8333333333333334,0.6444444444444445,0.8333333333333334,26.0,-9.343037212430744,cp3a4,43
rank_mlp_score_only,0.1,36,0.2222222222222222,0.7222222222222222,0.75,0.8611111111111112,0.9166666666666666,19.0,-8.99808309180907,cp3a4,43
rank_mlp_score_only,0.2,72,0.2916666666666667,0.7777777777777778,0.75,0.9166666666666666,0.9583333333333334,27.0,-8.954585883133369,cp3a4,43
rank_mlp_score_only,0.5,180,0.25555555555555554,0.7555555555555555,0.7611111111111111,0.8833333333333333,0.9166666666666666,45.0,-8.768015107434525,cp3a4,43
rank_mlp_ligand_descriptor,0.1,36,0.25,0.3333333333333333,1.0,0.5,0.75,6.0,-7.276612554867471,cp3a4,43
rank_mlp_ligand_descriptor,0.2,72,0.25,0.3194444444444444,1.0,0.5,0.75,15.0,-7.601686137069347,cp3a4,43
rank_mlp_ligand_descriptor,0.5,180,0.25,0.3,1.0,0.4888888888888889,0.75,31.0,-7.750171823371105,cp3a4,43
rank_mlp_pose_shape,0.1,36,0.3333333333333333,1.0,0.6666666666666666,1.0,1.0,9.0,-9.621617416307608,cp3a4,43
rank_mlp_pose_shape,0.2,72,0.3333333333333333,1.0,0.6666666666666666,1.0,1.0,18.0,-9.390079810665032,cp3a4,43
rank_mlp_pose_shape,0.5,180,0.3333333333333333,1.0,0.6666666666666666,1.0,1.0,46.0,-8.942974609506921,cp3a4,43
rank_mlp_reliamol_noleak,0.1,36,1.0,1.0,1.0,1.0,1.0,26.0,-8.86472222222222,cp3a4,43
rank_mlp_reliamol_noleak,0.2,72,0.8333333333333334,0.8472222222222222,1.0,0.8472222222222222,0.9444444444444444,46.0,-8.558468512454084,cp3a4,43
rank_mlp_reliamol_noleak,0.5,180,0.3333333333333333,0.6333333333333333,0.8555555555555555,0.75,0.8888888888888888,46.0,-8.232373029935887,cp3a4,43
rank_mlp_leak_upper_bound,0.1,36,1.0,1.0,1.0,1.0,1.0,26.0,-9.477888888888888,cp3a4,43
rank_mlp_leak_upper_bound,0.2,72,0.8333333333333334,0.9305555555555556,0.9027777777777778,0.9583333333333334,0.9722222222222222,46.0,-8.812816880506373,cp3a4,43
rank_mlp_leak_upper_bound,0.5,180,0.3333333333333333,0.5833333333333334,0.8777777777777778,0.8,0.9,46.0,-8.56455412842607,cp3a4,43
rank_vina_rank,0.1,36,0.0,0.027777777777777776,1.0,0.3333333333333333,0.027777777777777776,31.0,-12.120709783192828,pparg,43
rank_vina_rank,0.2,72,0.08333333333333333,0.25,0.9305555555555556,0.5138888888888888,0.25,47.0,-11.32615371580966,pparg,43
rank_vina_rank,0.5,180,0.2111111111111111,0.6055555555555555,0.7944444444444444,0.7888888888888889,0.6666666666666666,52.0,-9.986568787068828,pparg,43
rank_native_vina_rank,0.1,36,0.16666666666666666,0.5555555555555556,0.8333333333333334,0.75,0.8333333333333334,6.0,-9.808650017797968,pparg,43
rank_native_vina_rank,0.2,72,0.16666666666666666,0.5277777777777778,0.8333333333333334,0.75,0.8333333333333334,12.0,-9.569020901185601,pparg,43
rank_native_vina_rank,0.5,180,0.16666666666666666,0.55,0.8333333333333334,0.7222222222222222,0.8333333333333334,26.0,-8.888959811326798,pparg,43
rank_mlp_score_only,0.1,36,0.3055555555555556,0.8333333333333334,0.75,1.0,1.0,17.0,-8.792276618709241,pparg,43
rank_mlp_score_only,0.2,72,0.2916666666666667,0.8611111111111112,0.6666666666666666,0.9861111111111112,0.9861111111111112,31.0,-8.813439388212316,pparg,43
rank_mlp_score_only,0.5,180,0.24444444444444444,0.75,0.7388888888888889,0.9388888888888889,0.9666666666666667,52.0,-8.647757812951491,pparg,43
rank_mlp_ligand_descriptor,0.1,36,0.25,0.4166666666666667,1.0,0.5555555555555556,0.75,8.0,-7.254418001445028,pparg,43
rank_mlp_ligand_descriptor,0.2,72,0.2361111111111111,0.375,1.0,0.5277777777777778,0.75,13.0,-7.599768129395875,pparg,43
rank_mlp_ligand_descriptor,0.5,180,0.2111111111111111,0.34444444444444444,1.0,0.5388888888888889,0.75,38.0,-7.631982300256168,pparg,43
rank_mlp_pose_shape,0.1,36,0.3055555555555556,1.0,0.6666666666666666,0.9166666666666666,1.0,12.0,-8.800401971968128,pparg,43
rank_mlp_pose_shape,0.2,72,0.2916666666666667,1.0,0.6666666666666666,0.875,1.0,21.0,-8.427596607158367,pparg,43
rank_mlp_pose_shape,0.5,180,0.2722222222222222,0.8888888888888888,0.7055555555555556,0.8444444444444444,0.9111111111111111,47.0,-8.913586056956925,pparg,43
rank_mlp_reliamol_noleak,0.1,36,0.9722222222222222,1.0,1.0,0.9722222222222222,1.0,32.0,-9.024111111111113,pparg,43
rank_mlp_reliamol_noleak,0.2,72,0.6805555555555556,0.875,0.8611111111111112,0.8472222222222222,0.9305555555555556,45.0,-8.830272811673723,pparg,43
rank_mlp_reliamol_noleak,0.5,180,0.2722222222222222,0.6111111111111112,0.8555555555555555,0.7222222222222222,0.8166666666666667,50.0,-8.505314823438782,pparg,43
rank_mlp_leak_upper_bound,0.1,36,1.0,1.0,1.0,1.0,1.0,32.0,-9.093916666666665,pparg,43
rank_mlp_leak_upper_bound,0.2,72,0.6805555555555556,0.9166666666666666,0.8194444444444444,0.9166666666666666,0.9444444444444444,46.0,-8.935665535490228,pparg,43
rank_mlp_leak_upper_bound,0.5,180,0.2722222222222222,0.5944444444444444,0.8722222222222222,0.8166666666666667,0.7777777777777778,51.0,-9.097480322762058,pparg,43
rank_vina_rank,0.1,36,0.0,0.0,1.0,0.3333333333333333,0.0,27.0,-12.062107702534258,src,43
rank_vina_rank,0.2,72,0.09722222222222222,0.2777777777777778,0.9027777777777778,0.5,0.2916666666666667,40.0,-11.250686688241991,src,43
rank_vina_rank,0.5,180,0.20555555555555555,0.6111111111111112,0.8,0.7722222222222223,0.6722222222222223,48.0,-9.975512571432523,src,43
rank_native_vina_rank,0.1,36,0.16666666666666666,0.5833333333333334,0.8333333333333334,0.7222222222222222,0.8333333333333334,5.0,-9.684756801367012,src,43
rank_native_vina_rank,0.2,72,0.16666666666666666,0.5972222222222222,0.8333333333333334,0.7222222222222222,0.8333333333333334,8.0,-9.360314804147514,src,43
rank_native_vina_rank,0.5,180,0.16666666666666666,0.5944444444444444,0.8333333333333334,0.7222222222222222,0.8333333333333334,22.0,-8.856696659941704,src,43
rank_mlp_score_only,0.1,36,0.3333333333333333,0.8888888888888888,0.75,0.9722222222222222,0.9444444444444444,17.0,-8.938719907404472,src,43
rank_mlp_score_only,0.2,72,0.3055555555555556,0.8333333333333334,0.75,0.9861111111111112,0.9583333333333334,31.0,-8.895019166982697,src,43
rank_mlp_score_only,0.5,180,0.2722222222222222,0.7944444444444444,0.7333333333333333,0.9611111111111111,0.9444444444444444,48.0,-8.831189470333248,src,43
rank_mlp_ligand_descriptor,0.1,36,0.25,0.3888888888888889,1.0,0.6666666666666666,0.75,9.0,-8.204853807740115,src,43
rank_mlp_ligand_descriptor,0.2,72,0.2361111111111111,0.4027777777777778,1.0,0.6111111111111112,0.75,15.0,-8.126295171617112,src,43
rank_mlp_ligand_descriptor,0.5,180,0.23333333333333334,0.37222222222222223,1.0,0.5722222222222222,0.75,35.0,-7.98603865894547,src,43
rank_mlp_pose_shape,0.1,36,0.3333333333333333,1.0,0.6666666666666666,1.0,1.0,9.0,-9.778138013532995,src,43
rank_mlp_pose_shape,0.2,72,0.3333333333333333,1.0,0.6666666666666666,1.0,1.0,17.0,-9.297215061024689,src,43
rank_mlp_pose_shape,0.5,180,0.3111111111111111,0.9611111111111111,0.6833333333333333,0.9611111111111111,0.9611111111111111,46.0,-8.837587031583698,src,43
rank_mlp_reliamol_noleak,0.1,36,0.9722222222222222,1.0,1.0,1.0,1.0,27.0,-8.97975,src,43
rank_mlp_reliamol_noleak,0.2,72,0.7777777777777778,0.9583333333333334,0.8888888888888888,0.9305555555555556,0.9861111111111112,48.0,-8.302343470617075,src,43
rank_mlp_reliamol_noleak,0.5,180,0.3111111111111111,0.7444444444444445,0.8111111111111111,0.7777777777777778,0.9222222222222223,49.0,-8.010541894853263,src,43
rank_mlp_leak_upper_bound,0.1,36,1.0,1.0,1.0,1.0,1.0,31.0,-8.883944444444445,src,43
rank_mlp_leak_upper_bound,0.2,72,0.7777777777777778,0.9305555555555556,0.9305555555555556,0.9722222222222222,0.9722222222222222,46.0,-8.511470922245316,src,43
rank_mlp_leak_upper_bound,0.5,180,0.3111111111111111,0.7055555555555556,0.8166666666666667,0.85,0.8944444444444445,49.0,-8.288578725949893,src,43
rank_vina_rank,0.1,36,0.0,0.05555555555555555,0.9722222222222222,0.2777777777777778,0.05555555555555555,26.0,-10.719389285146818,try1,43
rank_vina_rank,0.2,71,0.11267605633802817,0.352112676056338,0.8873239436619719,0.5070422535211268,0.352112676056338,38.0,-9.856177235141008,try1,43
rank_vina_rank,0.5,177,0.1751412429378531,0.5254237288135594,0.807909604519774,0.7457627118644068,0.6666666666666666,51.0,-8.518880670735278,try1,43
rank_native_vina_rank,0.1,36,0.16666666666666666,0.6666666666666666,0.8333333333333334,0.7222222222222222,0.8333333333333334,5.0,-8.51963277598546,try1,43
rank_native_vina_rank,0.2,71,0.16901408450704225,0.6619718309859155,0.8450704225352113,0.7183098591549296,0.8309859154929577,10.0,-8.23434563325551,try1,43
rank_native_vina_rank,0.5,177,0.15819209039548024,0.6214689265536724,0.8361581920903954,0.7062146892655368,0.8305084745762712,23.0,-7.5236595298488425,try1,43
rank_mlp_score_only,0.1,36,0.2222222222222222,0.6666666666666666,0.8055555555555556,0.75,0.6666666666666666,21.0,-9.004516827643688,try1,43
rank_mlp_score_only,0.2,71,0.19718309859154928,0.5633802816901409,0.8169014084507042,0.676056338028169,0.5774647887323944,42.0,-8.870011674189222,try1,43
rank_mlp_score_only,0.5,177,0.1751412429378531,0.5536723163841808,0.7853107344632768,0.7740112994350282,0.7062146892655368,51.0,-8.306112441375204,try1,43
rank_mlp_ligand_descriptor,0.1,36,0.25,0.5,1.0,0.5555555555555556,0.75,7.0,-7.276292954007908,try1,43
rank_mlp_ligand_descriptor,0.2,71,0.23943661971830985,0.4788732394366197,1.0,0.5633802816901409,0.7464788732394366,14.0,-7.152139814112627,try1,43
rank_mlp_ligand_descriptor,0.5,177,0.23163841807909605,0.4576271186440678,1.0,0.559322033898305,0.751412429378531,37.0,-6.71917598967999,try1,43
rank_mlp_pose_shape,0.1,36,0.3333333333333333,1.0,0.6666666666666666,1.0,1.0,11.0,-7.9672052355420755,try1,43
rank_mlp_pose_shape,0.2,71,0.3380281690140845,1.0,0.676056338028169,1.0,1.0,21.0,-7.827702319307978,try1,43
rank_mlp_pose_shape,0.5,177,0.3107344632768362,0.96045197740113,0.6892655367231638,0.9322033898305084,0.96045197740113,48.0,-7.167774964482132,try1,43
rank_mlp_reliamol_noleak,0.1,36,1.0,1.0,1.0,1.0,1.0,28.0,-7.6128888888888895,try1,43
rank_mlp_reliamol_noleak,0.2,71,0.7746478873239436,0.9014084507042254,0.9295774647887324,0.8591549295774648,0.9154929577464789,48.0,-7.211927908526955,try1,43
rank_mlp_reliamol_noleak,0.5,177,0.3107344632768362,0.7344632768361582,0.8135593220338984,0.711864406779661,0.903954802259887,50.0,-6.351115351734937,try1,43
rank_mlp_leak_upper_bound,0.1,36,1.0,1.0,1.0,1.0,1.0,29.0,-7.673027777777779,try1,43
rank_mlp_leak_upper_bound,0.2,71,0.7746478873239436,0.9154929577464789,0.9154929577464789,0.9436619718309859,0.9859154929577465,48.0,-6.963387343567994,try1,43
rank_mlp_leak_upper_bound,0.5,177,0.3107344632768362,0.6949152542372882,0.8531073446327684,0.7853107344632768,0.9322033898305084,50.0,-6.233672437875168,try1,43
rank_vina_rank,0.1,36,0.0,0.0,1.0,0.4444444444444444,0.0,31.0,-13.126491138581965,adrb2,44
rank_vina_rank,0.2,72,0.1388888888888889,0.375,0.8888888888888888,0.6944444444444444,0.375,38.0,-12.280482441391179,adrb2,44
rank_vina_rank,0.5,180,0.19444444444444445,0.5833333333333334,0.8,0.8166666666666667,0.6666666666666666,42.0,-10.877574946258905,adrb2,44
rank_native_vina_rank,0.1,36,0.16666666666666666,0.5833333333333334,0.8333333333333334,0.7222222222222222,0.8333333333333334,2.0,-11.039794377346157,adrb2,44
rank_native_vina_rank,0.2,72,0.16666666666666666,0.5555555555555556,0.8333333333333334,0.7083333333333334,0.8333333333333334,7.0,-10.718295708161033,adrb2,44
rank_native_vina_rank,0.5,180,0.16666666666666666,0.5722222222222222,0.8333333333333334,0.7388888888888889,0.8333333333333334,25.0,-9.87782177432186,adrb2,44
rank_mlp_score_only,0.1,36,0.16666666666666666,0.6666666666666666,0.75,0.9444444444444444,0.9722222222222222,22.0,-8.883188371209815,adrb2,44
rank_mlp_score_only,0.2,72,0.18055555555555555,0.6388888888888888,0.7916666666666666,0.8888888888888888,0.9027777777777778,34.0,-8.96709846870583,adrb2,44
rank_mlp_score_only,0.5,180,0.2111111111111111,0.6944444444444444,0.75,0.9222222222222223,0.9444444444444444,41.0,-8.838299945866796,adrb2,44
rank_mlp_ligand_descriptor,0.1,36,0.25,0.4166666666666667,1.0,0.6388888888888888,0.75,7.0,-9.137160317897022,adrb2,44
rank_mlp_ligand_descriptor,0.2,72,0.25,0.3472222222222222,1.0,0.6111111111111112,0.75,11.0,-9.099189667891713,adrb2,44
rank_mlp_ligand_descriptor,0.5,180,0.23333333333333334,0.3888888888888889,1.0,0.6,0.75,32.0,-8.580564450653977,adrb2,44
rank_mlp_pose_shape,0.1,36,0.3333333333333333,1.0,0.6666666666666666,1.0,1.0,10.0,-9.85009254289796,adrb2,44
rank_mlp_pose_shape,0.2,72,0.3333333333333333,1.0,0.6666666666666666,1.0,1.0,16.0,-9.61926871324025,adrb2,44
rank_mlp_pose_shape,0.5,180,0.3,0.9833333333333333,0.6722222222222223,0.9,0.9833333333333333,41.0,-9.375018453156336,adrb2,44
rank_mlp_reliamol_noleak,0.1,36,0.9444444444444444,1.0,1.0,0.9444444444444444,1.0,25.0,-9.495250000000002,adrb2,44
rank_mlp_reliamol_noleak,0.2,72,0.75,0.8611111111111112,0.9722222222222222,0.8194444444444444,0.875,42.0,-9.193703531061484,adrb2,44
rank_mlp_reliamol_noleak,0.5,180,0.3,0.6722222222222223,0.9388888888888889,0.75,0.9055555555555556,42.0,-8.43242518737997,adrb2,44
rank_mlp_leak_upper_bound,0.1,36,1.0,1.0,1.0,1.0,1.0,25.0,-9.58636111111111,adrb2,44
rank_mlp_leak_upper_bound,0.2,72,0.75,0.9583333333333334,0.9722222222222222,0.8472222222222222,0.9583333333333334,41.0,-8.732470529680771,adrb2,44
rank_mlp_leak_upper_bound,0.5,180,0.3,0.6388888888888888,0.9444444444444444,0.6666666666666666,0.9,42.0,-7.946331569340418,adrb2,44
rank_vina_rank,0.1,36,0.0,0.0,0.9444444444444444,0.3888888888888889,0.0,31.0,-11.14969582412146,bace1,44
rank_vina_rank,0.2,72,0.06944444444444445,0.2222222222222222,0.875,0.5,0.2222222222222222,45.0,-10.314094010753783,bace1,44
rank_vina_rank,0.5,180,0.18888888888888888,0.5944444444444444,0.7777777777777778,0.7722222222222223,0.6666666666666666,49.0,-8.982424880856579,bace1,44
rank_native_vina_rank,0.1,36,0.16666666666666666,0.5833333333333334,0.8333333333333334,0.7222222222222222,0.8333333333333334,5.0,-8.689252278756664,bace1,44
rank_native_vina_rank,0.2,72,0.16666666666666666,0.625,0.8333333333333334,0.6944444444444444,0.8333333333333334,10.0,-8.40661874194724,bace1,44
rank_native_vina_rank,0.5,180,0.16111111111111112,0.6055555555555555,0.8055555555555556,0.7166666666666667,0.8333333333333334,26.0,-7.843171741647689,bace1,44
rank_mlp_score_only,0.1,36,0.2222222222222222,0.6388888888888888,0.7777777777777778,0.6666666666666666,0.6388888888888888,20.0,-9.173581652247686,bace1,44
rank_mlp_score_only,0.2,72,0.2361111111111111,0.7083333333333334,0.75,0.7777777777777778,0.7361111111111112,33.0,-8.944820531517879,bace1,44
rank_mlp_score_only,0.5,180,0.21666666666666667,0.6833333333333333,0.7166666666666667,0.8444444444444444,0.8,49.0,-8.421122785961684,bace1,44
rank_mlp_ligand_descriptor,0.1,36,0.2222222222222222,0.4166666666666667,0.8888888888888888,0.5833333333333334,0.75,6.0,-6.78097544826819,bace1,44
rank_mlp_ligand_descriptor,0.2,72,0.2361111111111111,0.4166666666666667,0.9444444444444444,0.5694444444444444,0.75,12.0,-7.080201650696087,bace1,44
rank_mlp_ligand_descriptor,0.5,180,0.19444444444444445,0.3611111111111111,0.9333333333333333,0.5611111111111111,0.75,35.0,-6.892394209643285,bace1,44
rank_mlp_pose_shape,0.1,36,0.3333333333333333,1.0,0.6666666666666666,1.0,1.0,10.0,-8.135038891915507,bace1,44
rank_mlp_pose_shape,0.2,72,0.3333333333333333,1.0,0.6666666666666666,1.0,1.0,18.0,-8.022719482911715,bace1,44
rank_mlp_pose_shape,0.5,180,0.2388888888888889,0.7833333333333333,0.6444444444444445,0.9444444444444444,0.9611111111111111,47.0,-7.691731028360721,bace1,44
rank_mlp_reliamol_noleak,0.1,36,1.0,1.0,1.0,1.0,1.0,28.0,-8.132277777777778,bace1,44
rank_mlp_reliamol_noleak,0.2,72,0.5972222222222222,0.7638888888888888,0.9166666666666666,0.7777777777777778,0.8611111111111112,40.0,-7.681583527424276,bace1,44
rank_mlp_reliamol_noleak,0.5,180,0.2388888888888889,0.5,0.8722222222222222,0.7,0.7722222222222223,46.0,-7.555423822023556,bace1,44
rank_mlp_leak_upper_bound,0.1,36,1.0,1.0,1.0,1.0,1.0,29.0,-8.077111111111112,bace1,44
rank_mlp_leak_upper_bound,0.2,72,0.5972222222222222,0.8194444444444444,0.7916666666666666,0.9166666666666666,0.9444444444444444,45.0,-7.736478561302341,bace1,44
rank_mlp_leak_upper_bound,0.5,180,0.2388888888888889,0.5833333333333334,0.8444444444444444,0.8222222222222222,0.7944444444444444,47.0,-7.9766407255906895,bace1,44
rank_vina_rank,0.1,36,0.05555555555555555,0.1388888888888889,0.9444444444444444,0.19444444444444445,0.1388888888888889,25.0,-12.3919742389466,cp3a4,44
rank_vina_rank,0.2,72,0.1388888888888889,0.3888888888888889,0.875,0.4583333333333333,0.4027777777777778,32.0,-11.605551339933559,cp3a4,44
rank_vina_rank,0.5,180,0.2,0.5777777777777777,0.8055555555555556,0.6777777777777778,0.6666666666666666,46.0,-10.288283760165871,cp3a4,44
rank_native_vina_rank,0.1,36,0.16666666666666666,0.5277777777777778,0.8333333333333334,0.6388888888888888,0.8333333333333334,6.0,-10.547733208485246,cp3a4,44
rank_native_vina_rank,0.2,72,0.16666666666666666,0.5555555555555556,0.8333333333333334,0.625,0.8333333333333334,9.0,-10.23587603861824,cp3a4,44
rank_native_vina_rank,0.5,180,0.16666666666666666,0.55,0.8333333333333334,0.6444444444444445,0.8333333333333334,26.0,-9.343037212430744,cp3a4,44
rank_mlp_score_only,0.1,36,0.25,0.7222222222222222,0.75,0.8611111111111112,0.9166666666666666,19.0,-8.978251663833644,cp3a4,44
rank_mlp_score_only,0.2,72,0.2916666666666667,0.7777777777777778,0.75,0.9166666666666666,0.9583333333333334,27.0,-8.954585883133369,cp3a4,44
rank_mlp_score_only,0.5,180,0.25,0.75,0.7555555555555555,0.8833333333333333,0.9222222222222223,45.0,-8.721362419674662,cp3a4,44
rank_mlp_ligand_descriptor,0.1,36,0.25,0.3333333333333333,1.0,0.4722222222222222,0.75,6.0,-7.846983027507172,cp3a4,44
rank_mlp_ligand_descriptor,0.2,72,0.25,0.2916666666666667,1.0,0.4722222222222222,0.75,15.0,-7.908935496553561,cp3a4,44
rank_mlp_ligand_descriptor,0.5,180,0.25,0.29444444444444445,1.0,0.48333333333333334,0.75,33.0,-8.003703500124807,cp3a4,44
rank_mlp_pose_shape,0.1,36,0.3333333333333333,1.0,0.6666666666666666,1.0,1.0,10.0,-9.714775564195627,cp3a4,44
rank_mlp_pose_shape,0.2,72,0.3333333333333333,1.0,0.6666666666666666,1.0,1.0,15.0,-9.326546844566698,cp3a4,44
rank_mlp_pose_shape,0.5,180,0.3333333333333333,1.0,0.6666666666666666,1.0,1.0,46.0,-8.942974609506921,cp3a4,44
rank_mlp_reliamol_noleak,0.1,36,1.0,1.0,1.0,1.0,1.0,28.0,-9.366583333333335,cp3a4,44
rank_mlp_reliamol_noleak,0.2,72,0.8333333333333334,0.875,0.9583333333333334,0.875,0.9722222222222222,46.0,-8.57740449254593,cp3a4,44
rank_mlp_reliamol_noleak,0.5,180,0.3333333333333333,0.5722222222222222,0.9166666666666666,0.6666666666666666,0.8555555555555555,46.0,-8.300462737753897,cp3a4,44
rank_mlp_leak_upper_bound,0.1,36,1.0,1.0,1.0,1.0,1.0,27.0,-9.3765,cp3a4,44
rank_mlp_leak_upper_bound,0.2,72,0.8333333333333334,0.9166666666666666,0.9305555555555556,0.9305555555555556,0.9444444444444444,46.0,-8.912447514683192,cp3a4,44
rank_mlp_leak_upper_bound,0.5,180,0.3333333333333333,0.6277777777777778,0.8833333333333333,0.8333333333333334,0.9555555555555556,46.0,-8.368127598900049,cp3a4,44
rank_vina_rank,0.1,36,0.0,0.027777777777777776,1.0,0.3333333333333333,0.027777777777777776,31.0,-12.120709783192828,pparg,44
rank_vina_rank,0.2,72,0.08333333333333333,0.25,0.9305555555555556,0.5138888888888888,0.25,47.0,-11.32615371580966,pparg,44
rank_vina_rank,0.5,180,0.2111111111111111,0.6055555555555555,0.7944444444444444,0.7888888888888889,0.6666666666666666,52.0,-9.986568787068828,pparg,44
rank_native_vina_rank,0.1,36,0.16666666666666666,0.5555555555555556,0.8333333333333334,0.75,0.8333333333333334,6.0,-9.808650017797968,pparg,44
rank_native_vina_rank,0.2,72,0.16666666666666666,0.5277777777777778,0.8333333333333334,0.75,0.8333333333333334,12.0,-9.569020901185601,pparg,44
rank_native_vina_rank,0.5,180,0.16666666666666666,0.55,0.8333333333333334,0.7222222222222222,0.8333333333333334,26.0,-8.888959811326798,pparg,44
rank_mlp_score_only,0.1,36,0.3055555555555556,0.8333333333333334,0.75,1.0,1.0,17.0,-8.79227661870924,pparg,44
rank_mlp_score_only,0.2,72,0.2777777777777778,0.8472222222222222,0.6666666666666666,0.9861111111111112,0.9861111111111112,31.0,-8.788639520765047,pparg,44
rank_mlp_score_only,0.5,180,0.2388888888888889,0.7444444444444445,0.7444444444444445,0.9333333333333333,0.9666666666666667,52.0,-8.569579070114722,pparg,44
rank_mlp_ligand_descriptor,0.1,36,0.25,0.3333333333333333,1.0,0.5555555555555556,0.75,7.0,-7.668819138849675,pparg,44
rank_mlp_ligand_descriptor,0.2,72,0.2361111111111111,0.3611111111111111,1.0,0.5277777777777778,0.75,14.0,-7.664835343159268,pparg,44
rank_mlp_ligand_descriptor,0.5,180,0.2111111111111111,0.3277777777777778,1.0,0.55,0.75,38.0,-7.6724661541010875,pparg,44
rank_mlp_pose_shape,0.1,36,0.3055555555555556,1.0,0.6666666666666666,0.9166666666666666,1.0,8.0,-8.486834314509576,pparg,44
rank_mlp_pose_shape,0.2,72,0.3055555555555556,1.0,0.6666666666666666,0.9166666666666666,1.0,19.0,-8.553104636712312,pparg,44
rank_mlp_pose_shape,0.5,180,0.2722222222222222,0.8944444444444445,0.7055555555555556,0.8444444444444444,0.9222222222222223,47.0,-8.823520133005715,pparg,44
rank_mlp_reliamol_noleak,0.1,36,0.9722222222222222,1.0,1.0,0.9722222222222222,1.0,32.0,-9.13188888888889,pparg,44
rank_mlp_reliamol_noleak,0.2,72,0.6805555555555556,0.8611111111111112,0.8888888888888888,0.8333333333333334,0.9305555555555556,47.0,-8.752574962232481,pparg,44
rank_mlp_reliamol_noleak,0.5,180,0.2722222222222222,0.6333333333333333,0.8666666666666667,0.7444444444444445,0.8166666666666667,49.0,-8.731837467607063,pparg,44
rank_mlp_leak_upper_bound,0.1,36,1.0,1.0,1.0,1.0,1.0,32.0,-9.066,pparg,44
rank_mlp_leak_upper_bound,0.2,72,0.6805555555555556,0.9305555555555556,0.8055555555555556,0.9305555555555556,0.9444444444444444,46.0,-8.911925032694008,pparg,44
rank_mlp_leak_upper_bound,0.5,180,0.2722222222222222,0.6222222222222222,0.8611111111111112,0.7833333333333333,0.7888888888888889,51.0,-8.941885919145921,pparg,44
rank_vina_rank,0.1,36,0.0,0.0,1.0,0.3333333333333333,0.0,27.0,-12.062107702534258,src,44
rank_vina_rank,0.2,72,0.09722222222222222,0.2777777777777778,0.9027777777777778,0.5,0.2916666666666667,40.0,-11.250686688241991,src,44
rank_vina_rank,0.5,180,0.20555555555555555,0.6111111111111112,0.8,0.7722222222222223,0.6722222222222223,48.0,-9.975512571432523,src,44
rank_native_vina_rank,0.1,36,0.16666666666666666,0.5833333333333334,0.8333333333333334,0.7222222222222222,0.8333333333333334,5.0,-9.684756801367012,src,44
rank_native_vina_rank,0.2,72,0.16666666666666666,0.5972222222222222,0.8333333333333334,0.7222222222222222,0.8333333333333334,8.0,-9.360314804147514,src,44
rank_native_vina_rank,0.5,180,0.16666666666666666,0.5944444444444444,0.8333333333333334,0.7222222222222222,0.8333333333333334,22.0,-8.856696659941704,src,44
rank_mlp_score_only,0.1,36,0.3333333333333333,0.8611111111111112,0.75,0.9722222222222222,0.9444444444444444,19.0,-8.913307296537115,src,44
rank_mlp_score_only,0.2,72,0.2916666666666667,0.8333333333333334,0.7361111111111112,0.9861111111111112,0.9583333333333334,31.0,-8.883326712188088,src,44
rank_mlp_score_only,0.5,180,0.2722222222222222,0.7944444444444444,0.7333333333333333,0.9611111111111111,0.9444444444444444,48.0,-8.83118947033325,src,44
rank_mlp_ligand_descriptor,0.1,36,0.2222222222222222,0.3611111111111111,1.0,0.6111111111111112,0.75,7.0,-7.159644344403783,src,44
rank_mlp_ligand_descriptor,0.2,72,0.2222222222222222,0.3611111111111111,1.0,0.5833333333333334,0.75,15.0,-7.618598995288843,src,44
rank_mlp_ligand_descriptor,0.5,180,0.2388888888888889,0.39444444444444443,1.0,0.5666666666666667,0.75,35.0,-7.914709969695624,src,44
rank_mlp_pose_shape,0.1,36,0.3333333333333333,1.0,0.6666666666666666,1.0,1.0,8.0,-9.462671658130672,src,44
rank_mlp_pose_shape,0.2,72,0.3333333333333333,1.0,0.6666666666666666,1.0,1.0,17.0,-9.22054758646968,src,44
rank_mlp_pose_shape,0.5,180,0.3111111111111111,0.9611111111111111,0.6833333333333333,0.9611111111111111,0.9611111111111111,46.0,-8.855628915473948,src,44
rank_mlp_reliamol_noleak,0.1,36,1.0,1.0,1.0,1.0,1.0,28.0,-9.077694444444443,src,44
rank_mlp_reliamol_noleak,0.2,72,0.7777777777777778,0.9166666666666666,0.9027777777777778,0.9305555555555556,0.9444444444444444,48.0,-8.628356824962639,src,44
rank_mlp_reliamol_noleak,0.5,180,0.3111111111111111,0.7333333333333333,0.8222222222222222,0.8166666666666667,0.9111111111111111,49.0,-8.099848747399884,src,44
rank_mlp_leak_upper_bound,0.1,36,1.0,1.0,1.0,1.0,1.0,31.0,-8.843333333333335,src,44
rank_mlp_leak_upper_bound,0.2,72,0.7777777777777778,0.9583333333333334,0.8888888888888888,0.9444444444444444,0.9861111111111112,47.0,-8.369999194898583,src,44
rank_mlp_leak_upper_bound,0.5,180,0.3111111111111111,0.7111111111111111,0.8611111111111112,0.8111111111111111,0.9222222222222223,49.0,-7.940929870249088,src,44
rank_vina_rank,0.1,36,0.0,0.05555555555555555,0.9722222222222222,0.2777777777777778,0.05555555555555555,26.0,-10.719389285146818,try1,44
rank_vina_rank,0.2,71,0.11267605633802817,0.352112676056338,0.8873239436619719,0.5070422535211268,0.352112676056338,38.0,-9.856177235141008,try1,44
rank_vina_rank,0.5,177,0.1751412429378531,0.5254237288135594,0.807909604519774,0.7457627118644068,0.6666666666666666,51.0,-8.518880670735278,try1,44
rank_native_vina_rank,0.1,36,0.16666666666666666,0.6666666666666666,0.8333333333333334,0.7222222222222222,0.8333333333333334,5.0,-8.51963277598546,try1,44
rank_native_vina_rank,0.2,71,0.16901408450704225,0.6619718309859155,0.8450704225352113,0.7183098591549296,0.8309859154929577,10.0,-8.23434563325551,try1,44
rank_native_vina_rank,0.5,177,0.15819209039548024,0.6214689265536724,0.8361581920903954,0.7062146892655368,0.8305084745762712,23.0,-7.5236595298488425,try1,44
rank_mlp_score_only,0.1,36,0.2222222222222222,0.6666666666666666,0.8055555555555556,0.75,0.6666666666666666,21.0,-9.004516827643688,try1,44
rank_mlp_score_only,0.2,71,0.19718309859154928,0.5633802816901409,0.8169014084507042,0.676056338028169,0.5774647887323944,42.0,-8.811445611820028,try1,44
rank_mlp_score_only,0.5,177,0.1807909604519774,0.559322033898305,0.7853107344632768,0.7796610169491526,0.711864406779661,51.0,-8.278918473419695,try1,44
rank_mlp_ligand_descriptor,0.1,36,0.25,0.5,1.0,0.5555555555555556,0.75,9.0,-5.449675813528012,try1,44
rank_mlp_ligand_descriptor,0.2,71,0.2535211267605634,0.5070422535211268,1.0,0.5492957746478874,0.7464788732394366,16.0,-6.301988574614504,try1,44
rank_mlp_ligand_descriptor,0.5,177,0.24293785310734464,0.4858757062146893,1.0,0.5706214689265536,0.751412429378531,37.0,-6.438195887332347,try1,44
rank_mlp_pose_shape,0.1,36,0.3333333333333333,1.0,0.6666666666666666,1.0,1.0,11.0,-8.339633387525632,try1,44
rank_mlp_pose_shape,0.2,71,0.3380281690140845,1.0,0.676056338028169,1.0,1.0,22.0,-7.891019478489295,try1,44
rank_mlp_pose_shape,0.5,177,0.3107344632768362,0.9491525423728814,0.6892655367231638,0.9378531073446328,0.9491525423728814,49.0,-7.291736032152426,try1,44
rank_mlp_reliamol_noleak,0.1,36,1.0,1.0,1.0,1.0,1.0,28.0,-7.6406388888888905,try1,44
rank_mlp_reliamol_noleak,0.2,71,0.7746478873239436,0.9014084507042254,0.9014084507042254,0.9295774647887324,0.9436619718309859,49.0,-7.321435995484636,try1,44
rank_mlp_reliamol_noleak,0.5,177,0.3107344632768362,0.7005649717514124,0.8587570621468926,0.6949152542372882,0.8361581920903954,50.0,-6.648151478020212,try1,44
rank_mlp_leak_upper_bound,0.1,36,1.0,1.0,1.0,1.0,1.0,29.0,-7.604111111111111,try1,44
rank_mlp_leak_upper_bound,0.2,71,0.7746478873239436,0.9014084507042254,0.8873239436619719,0.9154929577464789,0.9295774647887324,47.0,-7.272131372595116,try1,44
rank_mlp_leak_upper_bound,0.5,177,0.3107344632768362,0.6497175141242938,0.8418079096045198,0.7570621468926554,0.8135593220338984,49.0,-7.02456681295304,try1,44
