generator,pocket_id,n_candidates,reliable_proxy_rate,clash_failure_proxy_rate,geometric_failure_proxy_rate,median_vina_minimize_affinity
CrossDockedNative,BSD_ASPTE_1_130_0/2z3h_A_rec_1wn6_bst_lig_tt_docked_3,1,1.0,0.0,0.0,-8.818
CrossDockedNative,GLMU_STRPN_2_459_0/4aaw_A_rec_4ac3_r83_lig_tt_min_0,1,1.0,0.0,0.0,-7.931
CrossDockedNative,GRK4_HUMAN_1_578_0/4yhj_A_rec_4yhj_an2_lig_tt_min_0,1,1.0,0.0,0.0,-6.421
CrossDockedNative,GSTP1_HUMAN_2_210_0/14gs_A_rec_20gs_cbd_lig_tt_min_0,1,1.0,0.0,0.0,-5.965
CrossDockedNative,GUX1_HYPJE_18_451_0/2v3r_A_rec_1dy4_snp_lig_tt_docked_1,1,1.0,0.0,0.0,-8.65
CrossDockedNative,HDAC8_HUMAN_1_377_0/4rn0_B_rec_4rn1_l8g_lig_tt_min_0,1,1.0,0.0,0.0,-4.914
CrossDockedNative,HDHA_ECOLI_1_255_0/1fmc_B_rec_1fmc_cho_lig_tt_docked_1,1,1.0,0.0,0.0,-9.734
CrossDockedNative,HMD_METJA_1_358_0/3daf_A_rec_3daf_feg_lig_tt_docked_0,1,1.0,0.0,0.0,-9.12
CrossDockedNative,CCPR_YEAST_69_361_0/1a2g_A_rec_4jmv_1ly_lig_tt_min_0,1,1.0,0.0,0.0,-4.388
CrossDockedNative,IPMK_HUMAN_49_416_0/5w2g_A_rec_5w2i_adp_lig_tt_min_0,1,1.0,0.0,0.0,-4.95
CrossDockedNative,CD38_HUMAN_44_300_0/3dzh_A_rec_3u4i_cvr_lig_tt_docked_0,1,1.0,0.0,0.0,-9.057
CrossDockedNative,KS6A3_HUMAN_41_357_0/3g51_A_rec_3g51_anp_lig_tt_min_0,1,1.0,0.0,0.0,-8.791
CrossDockedNative,CHOD_BREST_46_552_0/1coy_A_rec_1coy_and_lig_tt_docked_0,1,1.0,0.0,0.0,-9.478
CrossDockedNative,LAT_MYCTU_1_449_0/2jjg_A_rec_2jjg_plp_lig_tt_min_0,1,1.0,0.0,0.0,-5.793
CrossDockedNative,LMBL1_HUMAN_198_526_0/2rhy_A_rec_2rhy_mlz_lig_tt_min_0,1,1.0,0.0,0.0,-2.816
CrossDockedNative,LMBL1_HUMAN_198_526_0/2pqw_A_rec_2rhy_mlz_lig_tt_min_0,1,1.0,0.0,0.0,-4.023
CrossDockedNative,M3K14_HUMAN_321_678_0/4g3d_B_rec_4idv_13v_lig_tt_min_0,1,1.0,0.0,0.0,-5.062
CrossDockedNative,MENE_BACSU_2_486_0/5bur_A_rec_5x8f_amp_lig_tt_docked_7,1,1.0,0.0,0.0,-7.03
CrossDockedNative,NAGZ_VIBCH_1_330_0/3gs6_A_rec_2oxn_oan_lig_tt_docked_4,1,1.0,0.0,0.0,-5.782
CrossDockedNative,NEP_HUMAN_54_750_0/1r1h_A_rec_1r1h_bir_lig_tt_docked_1,1,1.0,0.0,0.0,-9.505
CrossDockedNative,NQO1_HUMAN_2_274_0/1dxo_C_rec_1gg5_e09_lig_tt_min_0,1,1.0,0.0,0.0,-3.141
CrossDockedNative,NQO1_HUMAN_2_274_0/1gg5_A_rec_1kbo_340_lig_tt_min_0,1,1.0,0.0,0.0,-5.527
CrossDockedNative,NR1H4_HUMAN_258_486_0/5q0k_A_rec_5q0q_9ld_lig_tt_docked_0,1,1.0,0.0,0.0,-9.716
CrossDockedNative,OLIAC_CANSA_1_101_0/5b08_A_rec_5b09_4mx_lig_tt_min_0,1,1.0,0.0,0.0,-5.851
CrossDockedNative,PA21B_PIG_23_146_0/2azy_A_rec_2azy_chd_lig_tt_docked_0,1,1.0,0.0,0.0,-9.879
CrossDockedNative,PAK4_HUMAN_291_591_ATP_0/5i0b_A_rec_5vef_m77_lig_tt_min_0,1,1.0,0.0,0.0,-7.694
CrossDockedNative,PHKG1_RABIT_6_296_ATPsite_0/1phk_A_rec_1phk_atp_lig_tt_min_0,1,1.0,0.0,0.0,-8.36
CrossDockedNative,PHP_SULSO_1_314_0/4keu_A_rec_4ket_pg4_lig_tt_min_0,1,1.0,0.0,0.0,-3.864
CrossDockedNative,COTA_BACSU_1_513_0/4q8b_B_rec_4q8b_sxx_lig_tt_min_0,1,1.0,0.0,0.0,-4.284
CrossDockedNative,PLCD1_RAT_134_756_0/1djy_A_rec_1djz_ip2_lig_tt_min_0,1,1.0,0.0,0.0,-5.377
CrossDockedNative,PNTM_STRAE_2_398_0/5l1v_A_rec_5l1v_7pf_lig_tt_docked_0,1,1.0,0.0,0.0,-6.77
CrossDockedNative,CPXB_BACMB_2_464_0/4zfa_A_rec_1smj_pam_lig_tt_min_0,1,1.0,0.0,0.0,-6.071
CrossDockedNative,PPIA_HUMAN_1_165_0/2rma_A_rec_3rdd_ea4_lig_tt_docked_0,1,1.0,0.0,0.0,-5.743
CrossDockedNative,PTGIS_HUMAN_20_500_0/3b6h_A_rec_3b6h_mxd_lig_tt_min_0,1,1.0,0.0,0.0,-3.897
CrossDockedNative,QPCT_HUMAN_33_361_0/2zen_A_rec_2afx_1bn_lig_tt_docked_7,1,1.0,0.0,0.0,-5.294
CrossDockedNative,RIBB_VIBCH_2_218_0/4p6p_A_rec_4p77_5rp_lig_tt_docked_0,1,1.0,0.0,0.0,-6.769
CrossDockedNative,RG1_RAUSE_1_513_0/3u5y_B_rec_3u57_dh8_lig_tt_min_0,1,1.0,0.0,0.0,-8.776
CrossDockedNative,ROCO4_DICDI_1009_1292_0/4f1m_A_rec_4f1m_acp_lig_tt_min_0,1,1.0,0.0,0.0,-5.647
CrossDockedNative,DPO4_SULSO_1_347_0/4tqr_A_rec_2xca_doc_lig_tt_min_0,1,1.0,0.0,0.0,-3.452
CrossDockedNative,SDIA_ECOLI_1_171_0/4lfu_A_rec_4y13_480_lig_tt_min_0,1,1.0,0.0,0.0,-5.746
CrossDockedNative,DPP2_HUMAN_27_492_0/3jyh_A_rec_3n0t_opy_lig_tt_min_0,1,1.0,0.0,0.0,-4.754
CrossDockedNative,TBK1_HUMAN_1_303_0/4iwq_A_rec_4jlc_su6_lig_tt_min_0,1,1.0,0.0,0.0,-7.951
CrossDockedNative,TRAR_RHIRD_1_234_0/1l3l_A_rec_1l3l_lae_lig_tt_min_0,1,1.0,0.0,0.0,-8.132
CrossDockedNative,UBE2T_HUMAN_1_156_0/5ngz_A_rec_5ngz_2bg_lig_tt_min_0,1,1.0,0.0,0.0,-4.228
CrossDockedNative,VAOX_PENSI_1_560_0/1e8h_A_rec_1e8h_adp_lig_tt_min_0,1,1.0,0.0,0.0,-8.81
CrossDockedNative,XANLY_BACGL_26_777_0/2e24_A_rec_1j0n_ceg_lig_tt_docked_14,1,1.0,0.0,0.0,-5.346
CrossDockedNative,EFTU1_ECOLI_2_178_0/2hcj_B_rec_2hcj_gdp_lig_tt_docked_0,1,1.0,0.0,0.0,-8.431
CrossDockedNative,F16P1_HUMAN_1_338_0/3kc1_A_rec_3kc1_2t6_lig_tt_min_0,1,1.0,0.0,0.0,-7.371
CrossDockedNative,FKB1A_HUMAN_2_108_0/1d7j_A_rec_1tco_fk5_lig_tt_docked_0,1,1.0,0.0,0.0,-7.17
CrossDockedNative,IDHP_HUMAN_40_452_0/4ja8_B_rec_4ja8_1k9_lig_tt_docked_0,1,1.0,0.0,0.0,-12.191
CrossDockedNative,IMA1_HUMAN_68_497_0/4u5s_A_rec_4u54_3c5_lig_tt_min_0,1,1.0,0.0,0.0,-4.101
CrossDockedNative,MCCF_ECOLX_1_344_0/4iiy_A_rec_3tle_gsu_lig_tt_docked_12,1,1.0,0.0,0.0,-7.516
CrossDockedNative,MURA_ECOLI_1_419_catalytic_0/3v4t_A_rec_4e7f_udp_lig_tt_min_0,1,1.0,0.0,0.0,-7.15
CrossDockedNative,NOS1_HUMAN_302_723_0/3tym_A_rec_3n5v_xfh_lig_tt_min_0,1,1.0,0.0,0.0,-6.486
CrossDockedNative,NOS1_HUMAN_302_723_0/4d7o_A_rec_3n5z_xfm_lig_tt_min_0,1,1.0,0.0,0.0,-6.312
CrossDockedNative,NOS2_HUMAN_78_505_0/3ej8_A_rec_2nsi_itu_lig_tt_min_0,1,1.0,0.0,0.0,-2.667
CrossDockedNative,NOS3_HUMAN_65_480_0/1rs9_A_rec_1dmk_itu_lig_tt_min_0,1,1.0,0.0,0.0,-3.216
CrossDockedNative,NOS3_HUMAN_65_480_0/4kcq_A_rec_4cwv_hw8_lig_tt_min_0,1,1.0,0.0,0.0,-5.101
CrossDockedNative,NPD_THEMA_1_246_0/3pdh_A_rec_4buz_ocz_lig_tt_min_0,1,1.0,0.0,0.0,-4.535
CrossDockedNative,ODBB_THET8_1_324_0/1umd_B_rec_1umb_tdp_lig_tt_docked_1,1,1.0,0.0,0.0,-8.842
CrossDockedNative,P2Y12_HUMAN_1_342_0/4pxz_A_rec_4pxz_6ad_lig_tt_min_0,1,1.0,0.0,0.0,-9.787
CrossDockedNative,PA2B8_DABRR_1_121_0/2gns_A_rec_4qer_stl_lig_tt_min_0,1,1.0,0.0,0.0,-3.61
CrossDockedNative,PAC_ECOLX_27_846_0/1ai4_A_rec_1ai5_mnp_lig_tt_docked_0,1,1.0,0.0,0.0,-6.634
CrossDockedNative,POL_FOAMV_861_1060_0/5mma_A_rec_4ztf_x2p_lig_tt_min_0,1,1.0,0.0,0.0,-4.749
CrossDockedNative,AROE_THET8_1_263_0/2cy0_A_rec_2d5c_skm_lig_tt_min_0,1,1.0,0.0,0.0,-6.152
CrossDockedNative,PYRD_TRYCC_2_314_catalytic_0/3w83_B_rec_2e6d_fum_lig_tt_min_0,1,1.0,0.0,0.0,-2.74
CrossDockedNative,PYRD_TRYCC_2_314_catalytic_0/2e6d_A_rec_2e6d_fum_lig_tt_min_0,1,1.0,0.0,0.0,-3.325
CrossDockedNative,PYRE_BACAN_1_210_0/4rv4_A_rec_4rv4_prp_lig_tt_docked_2,1,1.0,0.0,0.0,-6.626
CrossDockedNative,SIR3_HUMAN_117_398_0/5d7n_D_rec_4jt9_1ns_lig_tt_min_0,1,1.0,0.0,0.0,-6.673
CrossDockedNative,BAZ2A_HUMAN_1795_1898_0/5mgl_A_rec_5mgl_7mu_lig_tt_min_0,1,1.0,0.0,0.0,-4.144
CrossDockedNative,SQHC_ALIAD_1_631_0/1h36_A_rec_1o79_r23_lig_tt_docked_5,1,1.0,0.0,0.0,-10.857
CrossDockedNative,TIAM1_HUMAN_840_931_0/4gvd_A_rec_4nxr_ans_lig_tt_min_0,1,1.0,0.0,0.0,-3.463
CrossDockedNative,TNKS1_HUMAN_1099_1319_0/4tos_A_rec_4tos_355_lig_tt_min_0,1,1.0,0.0,0.0,-15.57
CrossDockedNative,TNKS2_HUMAN_948_1162_0/5aeh_A_rec_5aeh_8ir_lig_tt_docked_0,1,1.0,0.0,0.0,-12.195
CrossDockedNative,UPPS_ECOLI_1_253_0/4h3c_A_rec_5cqj_53q_lig_tt_docked_2,1,1.0,0.0,0.0,-8.384
CrossDockedNative,Y635_MYCTU_1_158_0/4rlu_A_rec_4rlu_hcc_lig_tt_min_0,1,1.0,0.0,0.0,-8.183
CrossDockedNative,ABL2_HUMAN_274_551_0/4xli_B_rec_4xli_1n1_lig_tt_min_0,1,1.0,0.0,0.0,-8.856
CrossDockedNative,ACE_HUMAN_650_1230_0/3l3n_A_rec_2iux_nxa_lig_tt_docked_2,1,1.0,0.0,0.0,-3.74
CrossDockedNative,BGAT_HUMAN_63_353_0/5tjn_A_rec_1zj1_nlc_lig_tt_docked_4,1,1.0,0.0,0.0,-4.514
CrossDockedNative,AK1BA_HUMAN_1_316_0/5liu_X_rec_4gq0_qap_lig_tt_min_0,1,1.0,0.0,0.0,-7.698
CrossDockedNative,AKT1_HUMAN_1_137_0/3o96_A_rec_3o96_iqo_lig_tt_docked_2,1,1.0,0.0,0.0,-14.21
CrossDockedNative,BGL07_ORYSJ_25_504_0/4qlk_A_rec_4qlk_ctt_lig_tt_docked_0,1,1.0,0.0,0.0,-9.377
CrossDockedNative,ATS5_HUMAN_262_480_0/3hy9_B_rec_3hyg_099_lig_tt_min_0,1,1.0,0.0,0.0,-9.291
CrossDockedNative,BACE2_HUMAN_76_460_0/4bel_A_rec_2ewy_dbo_lig_tt_min_0,1,1.0,0.0,0.0,-8.893
CrossDockedNative,BAPA_SPHXN_30_402_0/3nfb_A_rec_3nfb_oae_lig_tt_docked_2,1,1.0,0.0,0.0,-7.544
CrossDockedNative,BTRN_BACCI_2_250_0/4m7t_A_rec_4m7t_sam_lig_tt_min_0,1,1.0,0.0,0.0,-8.366
CrossDockedNative,CAT_ECOLX_1_219_0/3u9f_C_rec_3u9f_clm_lig_tt_min_0,1,1.0,0.0,0.0,-6.305
CrossDockedNative,CDK6_HUMAN_1_312_0/4aua_A_rec_4aua_4au_lig_it2_tt_docked_7,1,1.0,0.0,0.0,-5.939
CrossDockedNative,CDK6_HUMAN_1_312_0/2f2c_B_rec_1xo2_fse_lig_tt_min_0,1,1.0,0.0,0.0,-7.819
CrossDockedNative,CHIB1_ASPFM_39_433_0/3chc_B_rec_3ch9_xrg_lig_tt_min_0,1,1.0,0.0,0.0,-4.274
CrossDockedNative,CHIA_SERMA_19_563_0/1k9t_A_rec_2wlz_dio_lig_tt_min_0,1,1.0,0.0,0.0,-2.482
CrossDockedNative,CHIB_SERMA_1_499_0/1h0i_A_rec_1e6z_ngo_lig_it2_tt_docked_15,1,1.0,0.0,0.0,-5.636
CrossDockedNative,CHIB_SERMA_1_499_0/4z2g_A_rec_4z2g_m6v_lig_tt_docked_16,1,1.0,0.0,0.0,-8.013
CrossDockedNative,COAA_MYCTU_1_312_0/3af2_A_rec_3af4_gcp_lig_tt_min_0,1,1.0,0.0,0.0,-6.782
CrossDockedNative,CONA_CANCT_1_237_0/1jn2_P_rec_1val_png_lig_tt_docked_11,1,1.0,0.0,0.0,-5.29
CrossDockedNative,DFPA_LOLVU_2_314_0/3li4_A_rec_2gvv_di9_lig_tt_min_0,1,1.0,0.0,0.0,-6.487
CrossDockedNative,DHAK_ECOLI_1_356_0/3pnm_A_rec_3pnq_2ha_lig_tt_docked_10,1,1.0,0.0,0.0,-2.644
CrossDockedNative,DIDH_RAT_1_319_0/1afs_A_rec_1afs_tes_lig_tt_min_0,1,1.0,0.0,0.0,-8.514
CrossDockedNative,DYRK2_HUMAN_145_550_0/4azf_A_rec_5lxc_7aa_lig_tt_min_0,1,1.0,0.0,0.0,-9.122
CrossDockedNative,EXG1_CANAL_41_438_0/2pc8_A_rec_1eqc_cts_lig_tt_docked_6,1,1.0,0.0,0.0,-5.382
CVAE,BSD_ASPTE_1_130_0/2z3h_A_rec_1wn6_bst_lig_tt_docked_3,100,0.48,0.0,0.52,-8.7135
CVAE,GLMU_STRPN_2_459_0/4aaw_A_rec_4ac3_r83_lig_tt_min_0,91,0.8571428571428571,0.0,0.14285714285714285,-8.218
CVAE,GRK4_HUMAN_1_578_0/4yhj_A_rec_4yhj_an2_lig_tt_min_0,100,1.0,0.0,0.0,-5.74
CVAE,GSTP1_HUMAN_2_210_0/14gs_A_rec_20gs_cbd_lig_tt_min_0,100,0.71,0.0,0.29,-5.306
CVAE,GUX1_HYPJE_18_451_0/2v3r_A_rec_1dy4_snp_lig_tt_docked_1,98,0.9183673469387755,0.0,0.08163265306122448,-9.3655
CVAE,HDAC8_HUMAN_1_377_0/4rn0_B_rec_4rn1_l8g_lig_tt_min_0,100,0.63,0.0,0.37,-3.929
CVAE,HDHA_ECOLI_1_255_0/1fmc_B_rec_1fmc_cho_lig_tt_docked_1,100,0.96,0.0,0.04,-8.517
CVAE,HMD_METJA_1_358_0/3daf_A_rec_3daf_feg_lig_tt_docked_0,100,0.8,0.0,0.2,-8.828
CVAE,CCPR_YEAST_69_361_0/1a2g_A_rec_4jmv_1ly_lig_tt_min_0,100,0.74,0.0,0.26,-3.3335
CVAE,IPMK_HUMAN_49_416_0/5w2g_A_rec_5w2i_adp_lig_tt_min_0,100,0.99,0.0,0.01,-4.7955000000000005
CVAE,CD38_HUMAN_44_300_0/3dzh_A_rec_3u4i_cvr_lig_tt_docked_0,100,0.85,0.0,0.15,-8.4535
CVAE,KS6A3_HUMAN_41_357_0/3g51_A_rec_3g51_anp_lig_tt_min_0,100,0.99,0.0,0.01,-8.5225
CVAE,CHOD_BREST_46_552_0/1coy_A_rec_1coy_and_lig_tt_docked_0,100,1.0,0.0,0.0,-9.5845
CVAE,LAT_MYCTU_1_449_0/2jjg_A_rec_2jjg_plp_lig_tt_min_0,100,0.95,0.0,0.05,-6.6815
CVAE,LMBL1_HUMAN_198_526_0/2rhy_A_rec_2rhy_mlz_lig_tt_min_0,100,0.7,0.0,0.3,-3.248
CVAE,LMBL1_HUMAN_198_526_0/2pqw_A_rec_2rhy_mlz_lig_tt_min_0,100,0.77,0.0,0.23,-4.144500000000001
CVAE,M3K14_HUMAN_321_678_0/4g3d_B_rec_4idv_13v_lig_tt_min_0,100,0.48,0.0,0.52,-7.75
CVAE,MENE_BACSU_2_486_0/5bur_A_rec_5x8f_amp_lig_tt_docked_7,100,0.99,0.0,0.01,-7.0525
CVAE,NAGZ_VIBCH_1_330_0/3gs6_A_rec_2oxn_oan_lig_tt_docked_4,100,0.6,0.0,0.4,-4.983499999999999
CVAE,NEP_HUMAN_54_750_0/1r1h_A_rec_1r1h_bir_lig_tt_docked_1,100,0.93,0.0,0.07,-11.5685
CVAE,NQO1_HUMAN_2_274_0/1dxo_C_rec_1gg5_e09_lig_tt_min_0,100,0.65,0.0,0.35,-2.588
CVAE,NQO1_HUMAN_2_274_0/1gg5_A_rec_1kbo_340_lig_tt_min_0,100,0.54,0.0,0.46,-5.4155
CVAE,NR1H4_HUMAN_258_486_0/5q0k_A_rec_5q0q_9ld_lig_tt_docked_0,97,0.8041237113402062,0.0,0.1958762886597938,-10.622
CVAE,OLIAC_CANSA_1_101_0/5b08_A_rec_5b09_4mx_lig_tt_min_0,93,0.8817204301075269,0.0,0.11827956989247312,-6.562
CVAE,PA21B_PIG_23_146_0/2azy_A_rec_2azy_chd_lig_tt_docked_0,100,0.95,0.0,0.05,-8.8065
CVAE,PAK4_HUMAN_291_591_ATP_0/5i0b_A_rec_5vef_m77_lig_tt_min_0,97,0.9072164948453608,0.0,0.09278350515463918,-7.247
CVAE,PHKG1_RABIT_6_296_ATPsite_0/1phk_A_rec_1phk_atp_lig_tt_min_0,100,0.89,0.0,0.11,-7.827
CVAE,PHP_SULSO_1_314_0/4keu_A_rec_4ket_pg4_lig_tt_min_0,100,0.35,0.0,0.65,-4.8515
CVAE,COTA_BACSU_1_513_0/4q8b_B_rec_4q8b_sxx_lig_tt_min_0,100,0.95,0.0,0.05,-4.2165
CVAE,PLCD1_RAT_134_756_0/1djy_A_rec_1djz_ip2_lig_tt_min_0,95,0.968421052631579,0.0,0.031578947368421054,-5.552
CVAE,PNTM_STRAE_2_398_0/5l1v_A_rec_5l1v_7pf_lig_tt_docked_0,100,0.92,0.0,0.08,-5.736000000000001
CVAE,CPXB_BACMB_2_464_0/4zfa_A_rec_1smj_pam_lig_tt_min_0,100,1.0,0.0,0.0,-8.11
CVAE,PPIA_HUMAN_1_165_0/2rma_A_rec_3rdd_ea4_lig_tt_docked_0,100,0.7,0.0,0.3,-7.0815
CVAE,PTGIS_HUMAN_20_500_0/3b6h_A_rec_3b6h_mxd_lig_tt_min_0,100,0.75,0.0,0.25,-3.226
CVAE,QPCT_HUMAN_33_361_0/2zen_A_rec_2afx_1bn_lig_tt_docked_7,100,0.77,0.0,0.23,-5.689500000000001
CVAE,RIBB_VIBCH_2_218_0/4p6p_A_rec_4p77_5rp_lig_tt_docked_0,100,1.0,0.0,0.0,-7.064500000000001
CVAE,RG1_RAUSE_1_513_0/3u5y_B_rec_3u57_dh8_lig_tt_min_0,100,0.82,0.0,0.18,-8.8535
CVAE,ROCO4_DICDI_1009_1292_0/4f1m_A_rec_4f1m_acp_lig_tt_min_0,100,0.99,0.0,0.01,-5.9205000000000005
CVAE,DPO4_SULSO_1_347_0/4tqr_A_rec_2xca_doc_lig_tt_min_0,100,0.86,0.0,0.14,-2.934
CVAE,SDIA_ECOLI_1_171_0/4lfu_A_rec_4y13_480_lig_tt_min_0,100,0.93,0.0,0.07,-6.465
CVAE,DPP2_HUMAN_27_492_0/3jyh_A_rec_3n0t_opy_lig_tt_min_0,100,0.86,0.0,0.14,-4.8715
CVAE,TBK1_HUMAN_1_303_0/4iwq_A_rec_4jlc_su6_lig_tt_min_0,100,0.97,0.0,0.03,-7.984500000000001
CVAE,TRAR_RHIRD_1_234_0/1l3l_A_rec_1l3l_lae_lig_tt_min_0,100,0.96,0.0,0.04,-8.5705
CVAE,UBE2T_HUMAN_1_156_0/5ngz_A_rec_5ngz_2bg_lig_tt_min_0,100,0.89,0.0,0.11,-4.5120000000000005
CVAE,VAOX_PENSI_1_560_0/1e8h_A_rec_1e8h_adp_lig_tt_min_0,100,0.98,0.0,0.02,-8.2955
CVAE,XANLY_BACGL_26_777_0/2e24_A_rec_1j0n_ceg_lig_tt_docked_14,100,0.78,0.0,0.22,-5.3165
CVAE,EFTU1_ECOLI_2_178_0/2hcj_B_rec_2hcj_gdp_lig_tt_docked_0,100,0.99,0.0,0.01,-8.076
CVAE,F16P1_HUMAN_1_338_0/3kc1_A_rec_3kc1_2t6_lig_tt_min_0,100,0.97,0.0,0.03,-6.281000000000001
CVAE,FKB1A_HUMAN_2_108_0/1d7j_A_rec_1tco_fk5_lig_tt_docked_0,100,0.01,0.0,0.55,-6.598
CVAE,IDHP_HUMAN_40_452_0/4ja8_B_rec_4ja8_1k9_lig_tt_docked_0,94,0.9468085106382979,0.0,0.05319148936170213,-11.7775
CVAE,IMA1_HUMAN_68_497_0/4u5s_A_rec_4u54_3c5_lig_tt_min_0,100,0.85,0.0,0.15,-4.6525
CVAE,MCCF_ECOLX_1_344_0/4iiy_A_rec_3tle_gsu_lig_tt_docked_12,98,0.7448979591836735,0.0,0.25510204081632654,-8.183499999999999
CVAE,MURA_ECOLI_1_419_catalytic_0/3v4t_A_rec_4e7f_udp_lig_tt_min_0,100,0.81,0.0,0.19,-6.367
CVAE,NOS1_HUMAN_302_723_0/3tym_A_rec_3n5v_xfh_lig_tt_min_0,100,0.86,0.0,0.14,-7.6635
CVAE,NOS1_HUMAN_302_723_0/4d7o_A_rec_3n5z_xfm_lig_tt_min_0,100,0.63,0.0,0.37,-6.660500000000001
CVAE,NOS2_HUMAN_78_505_0/3ej8_A_rec_2nsi_itu_lig_tt_min_0,100,0.2,0.0,0.06,-2.1285
CVAE,NOS3_HUMAN_65_480_0/1rs9_A_rec_1dmk_itu_lig_tt_min_0,100,0.09,0.0,0.13,-2.2
CVAE,NOS3_HUMAN_65_480_0/4kcq_A_rec_4cwv_hw8_lig_tt_min_0,100,0.64,0.0,0.36,-5.6365
CVAE,NPD_THEMA_1_246_0/3pdh_A_rec_4buz_ocz_lig_tt_min_0,100,0.78,0.0,0.22,-5.243
CVAE,ODBB_THET8_1_324_0/1umd_B_rec_1umb_tdp_lig_tt_docked_1,100,0.77,0.0,0.23,-10.702
CVAE,P2Y12_HUMAN_1_342_0/4pxz_A_rec_4pxz_6ad_lig_tt_min_0,100,0.72,0.0,0.28,-9.310500000000001
CVAE,PA2B8_DABRR_1_121_0/2gns_A_rec_4qer_stl_lig_tt_min_0,89,0.9101123595505618,0.0,0.0898876404494382,-3.924
CVAE,PAC_ECOLX_27_846_0/1ai4_A_rec_1ai5_mnp_lig_tt_docked_0,100,0.96,0.0,0.04,-6.3195
CVAE,POL_FOAMV_861_1060_0/5mma_A_rec_4ztf_x2p_lig_tt_min_0,100,0.8,0.0,0.2,-4.612
CVAE,AROE_THET8_1_263_0/2cy0_A_rec_2d5c_skm_lig_tt_min_0,100,0.99,0.0,0.01,-6.2395
CVAE,PYRD_TRYCC_2_314_catalytic_0/3w83_B_rec_2e6d_fum_lig_tt_min_0,100,1.0,0.0,0.0,-2.8215
CVAE,PYRD_TRYCC_2_314_catalytic_0/2e6d_A_rec_2e6d_fum_lig_tt_min_0,100,1.0,0.0,0.0,-3.5045
CVAE,PYRE_BACAN_1_210_0/4rv4_A_rec_4rv4_prp_lig_tt_docked_2,100,0.96,0.0,0.04,-6.9375
CVAE,SIR3_HUMAN_117_398_0/5d7n_D_rec_4jt9_1ns_lig_tt_min_0,100,0.47,0.0,0.53,-7.5184999999999995
CVAE,BAZ2A_HUMAN_1795_1898_0/5mgl_A_rec_5mgl_7mu_lig_tt_min_0,98,0.8877551020408163,0.0,0.11224489795918367,-4.371
CVAE,SQHC_ALIAD_1_631_0/1h36_A_rec_1o79_r23_lig_tt_docked_5,96,0.7916666666666666,0.0,0.20833333333333334,-11.275
CVAE,TIAM1_HUMAN_840_931_0/4gvd_A_rec_4nxr_ans_lig_tt_min_0,98,0.9387755102040817,0.0,0.061224489795918366,-3.5275
CVAE,TNKS1_HUMAN_1099_1319_0/4tos_A_rec_4tos_355_lig_tt_min_0,96,0.4270833333333333,0.0,0.5729166666666666,-13.597999999999999
CVAE,TNKS2_HUMAN_948_1162_0/5aeh_A_rec_5aeh_8ir_lig_tt_docked_0,97,0.5979381443298969,0.0,0.4020618556701031,-11.029
CVAE,UPPS_ECOLI_1_253_0/4h3c_A_rec_5cqj_53q_lig_tt_docked_2,100,0.96,0.0,0.04,-7.942
CVAE,Y635_MYCTU_1_158_0/4rlu_A_rec_4rlu_hcc_lig_tt_min_0,99,0.9292929292929293,0.0,0.0707070707070707,-8.375
CVAE,ABL2_HUMAN_274_551_0/4xli_B_rec_4xli_1n1_lig_tt_min_0,100,0.92,0.0,0.08,-9.369
CVAE,ACE_HUMAN_650_1230_0/3l3n_A_rec_2iux_nxa_lig_tt_docked_2,100,0.92,0.0,0.08,-4.23
CVAE,BGAT_HUMAN_63_353_0/5tjn_A_rec_1zj1_nlc_lig_tt_docked_4,100,0.66,0.0,0.34,-4.169
CVAE,AK1BA_HUMAN_1_316_0/5liu_X_rec_4gq0_qap_lig_tt_min_0,100,0.96,0.0,0.04,-8.029
CVAE,AKT1_HUMAN_1_137_0/3o96_A_rec_3o96_iqo_lig_tt_docked_2,93,0.26881720430107525,0.0,0.7311827956989247,-10.934
CVAE,BGL07_ORYSJ_25_504_0/4qlk_A_rec_4qlk_ctt_lig_tt_docked_0,100,0.39,0.0,0.52,-11.3135
CVAE,ATS5_HUMAN_262_480_0/3hy9_B_rec_3hyg_099_lig_tt_min_0,100,0.85,0.0,0.15,-9.4265
CVAE,BACE2_HUMAN_76_460_0/4bel_A_rec_2ewy_dbo_lig_tt_min_0,100,0.85,0.0,0.15,-9.832
CVAE,BAPA_SPHXN_30_402_0/3nfb_A_rec_3nfb_oae_lig_tt_docked_2,100,0.82,0.0,0.18,-8.614
CVAE,BTRN_BACCI_2_250_0/4m7t_A_rec_4m7t_sam_lig_tt_min_0,100,0.89,0.0,0.11,-8.6535
CVAE,CAT_ECOLX_1_219_0/3u9f_C_rec_3u9f_clm_lig_tt_min_0,100,0.72,0.0,0.28,-5.804
CVAE,CDK6_HUMAN_1_312_0/4aua_A_rec_4aua_4au_lig_it2_tt_docked_7,100,0.84,0.0,0.16,-6.252000000000001
CVAE,CDK6_HUMAN_1_312_0/2f2c_B_rec_1xo2_fse_lig_tt_min_0,93,0.7849462365591398,0.0,0.21505376344086022,-7.687
CVAE,CHIB1_ASPFM_39_433_0/3chc_B_rec_3ch9_xrg_lig_tt_min_0,100,0.59,0.0,0.36,-3.772
CVAE,CHIA_SERMA_19_563_0/1k9t_A_rec_2wlz_dio_lig_tt_min_0,100,0.84,0.0,0.1,-2.3595
CVAE,CHIB_SERMA_1_499_0/1h0i_A_rec_1e6z_ngo_lig_it2_tt_docked_15,100,0.95,0.0,0.05,-4.928000000000001
CVAE,CHIB_SERMA_1_499_0/4z2g_A_rec_4z2g_m6v_lig_tt_docked_16,100,0.02,0.0,0.8,-8.579
CVAE,COAA_MYCTU_1_312_0/3af2_A_rec_3af4_gcp_lig_tt_min_0,98,0.9693877551020408,0.0,0.030612244897959183,-6.728
CVAE,CONA_CANCT_1_237_0/1jn2_P_rec_1val_png_lig_tt_docked_11,98,0.9183673469387755,0.0,0.08163265306122448,-5.4585
CVAE,DFPA_LOLVU_2_314_0/3li4_A_rec_2gvv_di9_lig_tt_min_0,100,0.99,0.0,0.01,-5.029
CVAE,DHAK_ECOLI_1_356_0/3pnm_A_rec_3pnq_2ha_lig_tt_docked_10,100,0.66,0.0,0.01,-3.2145
CVAE,DIDH_RAT_1_319_0/1afs_A_rec_1afs_tes_lig_tt_min_0,100,1.0,0.0,0.0,-8.104
CVAE,DYRK2_HUMAN_145_550_0/4azf_A_rec_5lxc_7aa_lig_tt_min_0,93,0.1827956989247312,0.0,0.8172043010752689,-7.924
CVAE,EXG1_CANAL_41_438_0/2pc8_A_rec_1eqc_cts_lig_tt_docked_6,100,0.97,0.0,0.03,-6.1295
AR,BSD_ASPTE_1_130_0/2z3h_A_rec_1wn6_bst_lig_tt_docked_3,99,0.9797979797979798,0.0,0.0,-8.216
AR,GLMU_STRPN_2_459_0/4aaw_A_rec_4ac3_r83_lig_tt_min_0,100,0.99,0.0,0.0,-6.263
AR,GRK4_HUMAN_1_578_0/4yhj_A_rec_4yhj_an2_lig_tt_min_0,100,1.0,0.0,0.0,-7.064
AR,GSTP1_HUMAN_2_210_0/14gs_A_rec_20gs_cbd_lig_tt_min_0,100,0.96,0.0,0.0,-4.8965
AR,GUX1_HYPJE_18_451_0/2v3r_A_rec_1dy4_snp_lig_tt_docked_1,100,1.0,0.0,0.0,-8.264
AR,HDAC8_HUMAN_1_377_0/4rn0_B_rec_4rn1_l8g_lig_tt_min_0,97,0.9690721649484536,0.0,0.0,-4.257
AR,HDHA_ECOLI_1_255_0/1fmc_B_rec_1fmc_cho_lig_tt_docked_1,100,1.0,0.0,0.0,-8.1235
AR,HMD_METJA_1_358_0/3daf_A_rec_3daf_feg_lig_tt_docked_0,99,0.9797979797979798,0.0,0.0,-8.097
AR,CCPR_YEAST_69_361_0/1a2g_A_rec_4jmv_1ly_lig_tt_min_0,89,0.9662921348314607,0.0,0.0,-4.261
AR,IPMK_HUMAN_49_416_0/5w2g_A_rec_5w2i_adp_lig_tt_min_0,100,0.98,0.0,0.0,-8.535499999999999
AR,CD38_HUMAN_44_300_0/3dzh_A_rec_3u4i_cvr_lig_tt_docked_0,96,1.0,0.0,0.0,-7.3375
AR,KS6A3_HUMAN_41_357_0/3g51_A_rec_3g51_anp_lig_tt_min_0,100,0.99,0.0,0.0,-9.000499999999999
AR,CHOD_BREST_46_552_0/1coy_A_rec_1coy_and_lig_tt_docked_0,27,1.0,0.0,0.0,-7.875
AR,LAT_MYCTU_1_449_0/2jjg_A_rec_2jjg_plp_lig_tt_min_0,100,0.98,0.0,0.0,-6.6075
AR,LMBL1_HUMAN_198_526_0/2rhy_A_rec_2rhy_mlz_lig_tt_min_0,100,0.89,0.0,0.0,-3.4135
AR,LMBL1_HUMAN_198_526_0/2pqw_A_rec_2rhy_mlz_lig_tt_min_0,100,0.98,0.0,0.0,-5.2059999999999995
AR,M3K14_HUMAN_321_678_0/4g3d_B_rec_4idv_13v_lig_tt_min_0,100,0.99,0.0,0.01,-6.0504999999999995
AR,MENE_BACSU_2_486_0/5bur_A_rec_5x8f_amp_lig_tt_docked_7,93,0.989247311827957,0.0,0.0,-6.197
AR,NAGZ_VIBCH_1_330_0/3gs6_A_rec_2oxn_oan_lig_tt_docked_4,100,0.98,0.0,0.0,-4.2765
AR,NEP_HUMAN_54_750_0/1r1h_A_rec_1r1h_bir_lig_tt_docked_1,100,1.0,0.0,0.0,-8.836
AR,NQO1_HUMAN_2_274_0/1dxo_C_rec_1gg5_e09_lig_tt_min_0,100,0.95,0.0,0.0,-2.723
AR,NQO1_HUMAN_2_274_0/1gg5_A_rec_1kbo_340_lig_tt_min_0,100,1.0,0.0,0.0,-5.4215
AR,NR1H4_HUMAN_258_486_0/5q0k_A_rec_5q0q_9ld_lig_tt_docked_0,100,1.0,0.0,0.0,-8.781500000000001
AR,OLIAC_CANSA_1_101_0/5b08_A_rec_5b09_4mx_lig_tt_min_0,99,0.9696969696969697,0.020202020202020204,0.0,-6.026
AR,PA21B_PIG_23_146_0/2azy_A_rec_2azy_chd_lig_tt_docked_0,100,1.0,0.0,0.0,-9.681000000000001
AR,PHKG1_RABIT_6_296_ATPsite_0/1phk_A_rec_1phk_atp_lig_tt_min_0,98,0.9897959183673469,0.0,0.0,-9.6675
AR,PHP_SULSO_1_314_0/4keu_A_rec_4ket_pg4_lig_tt_min_0,100,0.94,0.0,0.02,-4.68
AR,COTA_BACSU_1_513_0/4q8b_B_rec_4q8b_sxx_lig_tt_min_0,99,1.0,0.0,0.0,-4.327
AR,PLCD1_RAT_134_756_0/1djy_A_rec_1djz_ip2_lig_tt_min_0,100,0.99,0.0,0.01,-5.002
AR,PNTM_STRAE_2_398_0/5l1v_A_rec_5l1v_7pf_lig_tt_docked_0,100,1.0,0.0,0.0,-4.468999999999999
AR,CPXB_BACMB_2_464_0/4zfa_A_rec_1smj_pam_lig_tt_min_0,100,0.97,0.0,0.0,-5.823499999999999
AR,PPIA_HUMAN_1_165_0/2rma_A_rec_3rdd_ea4_lig_tt_docked_0,100,0.98,0.0,0.0,-4.985
AR,PTGIS_HUMAN_20_500_0/3b6h_A_rec_3b6h_mxd_lig_tt_min_0,57,1.0,0.0,0.0,-4.363
AR,QPCT_HUMAN_33_361_0/2zen_A_rec_2afx_1bn_lig_tt_docked_7,100,0.99,0.0,0.0,-4.753
AR,RIBB_VIBCH_2_218_0/4p6p_A_rec_4p77_5rp_lig_tt_docked_0,100,1.0,0.0,0.0,-6.6315
AR,RG1_RAUSE_1_513_0/3u5y_B_rec_3u57_dh8_lig_tt_min_0,100,1.0,0.0,0.0,-7.965999999999999
AR,ROCO4_DICDI_1009_1292_0/4f1m_A_rec_4f1m_acp_lig_tt_min_0,100,1.0,0.0,0.0,-6.218
AR,DPO4_SULSO_1_347_0/4tqr_A_rec_2xca_doc_lig_tt_min_0,99,0.98989898989899,0.0,0.0,-2.907
AR,SDIA_ECOLI_1_171_0/4lfu_A_rec_4y13_480_lig_tt_min_0,100,0.98,0.0,0.01,-9.736
AR,DPP2_HUMAN_27_492_0/3jyh_A_rec_3n0t_opy_lig_tt_min_0,100,0.99,0.0,0.0,-6.377
AR,TBK1_HUMAN_1_303_0/4iwq_A_rec_4jlc_su6_lig_tt_min_0,99,1.0,0.0,0.0,-8.412
AR,TRAR_RHIRD_1_234_0/1l3l_A_rec_1l3l_lae_lig_tt_min_0,89,1.0,0.0,0.0,-9.234
AR,UBE2T_HUMAN_1_156_0/5ngz_A_rec_5ngz_2bg_lig_tt_min_0,100,0.95,0.0,0.0,-3.615
AR,VAOX_PENSI_1_560_0/1e8h_A_rec_1e8h_adp_lig_tt_min_0,100,1.0,0.0,0.0,-8.466999999999999
AR,XANLY_BACGL_26_777_0/2e24_A_rec_1j0n_ceg_lig_tt_docked_14,100,1.0,0.0,0.0,-4.5785
AR,EFTU1_ECOLI_2_178_0/2hcj_B_rec_2hcj_gdp_lig_tt_docked_0,98,0.9897959183673469,0.0,0.0,-6.0145
AR,F16P1_HUMAN_1_338_0/3kc1_A_rec_3kc1_2t6_lig_tt_min_0,98,0.9897959183673469,0.0,0.0,-7.6975
AR,FKB1A_HUMAN_2_108_0/1d7j_A_rec_1tco_fk5_lig_tt_docked_0,96,0.9791666666666666,0.0,0.0,-6.9254999999999995
AR,IDHP_HUMAN_40_452_0/4ja8_B_rec_4ja8_1k9_lig_tt_docked_0,100,0.99,0.0,0.0,-9.105
AR,IMA1_HUMAN_68_497_0/4u5s_A_rec_4u54_3c5_lig_tt_min_0,99,1.0,0.0,0.0,-4.791
AR,MCCF_ECOLX_1_344_0/4iiy_A_rec_3tle_gsu_lig_tt_docked_12,100,0.99,0.0,0.0,-5.3375
AR,MURA_ECOLI_1_419_catalytic_0/3v4t_A_rec_4e7f_udp_lig_tt_min_0,99,0.98989898989899,0.0,0.0,-5.779
AR,NOS1_HUMAN_302_723_0/3tym_A_rec_3n5v_xfh_lig_tt_min_0,90,1.0,0.0,0.0,-7.877000000000001
AR,NOS1_HUMAN_302_723_0/4d7o_A_rec_3n5z_xfm_lig_tt_min_0,79,1.0,0.0,0.0,-5.826
AR,NOS2_HUMAN_78_505_0/3ej8_A_rec_2nsi_itu_lig_tt_min_0,100,1.0,0.0,0.0,-4.106
AR,NOS3_HUMAN_65_480_0/1rs9_A_rec_1dmk_itu_lig_tt_min_0,99,1.0,0.0,0.0,-4.226
AR,NOS3_HUMAN_65_480_0/4kcq_A_rec_4cwv_hw8_lig_tt_min_0,85,0.9176470588235294,0.0,0.0,-6.795
AR,NPD_THEMA_1_246_0/3pdh_A_rec_4buz_ocz_lig_tt_min_0,99,0.98989898989899,0.0,0.0,-3.113
AR,ODBB_THET8_1_324_0/1umd_B_rec_1umb_tdp_lig_tt_docked_1,100,0.99,0.0,0.0,-9.5465
AR,P2Y12_HUMAN_1_342_0/4pxz_A_rec_4pxz_6ad_lig_tt_min_0,100,0.98,0.0,0.0,-7.4505
AR,PA2B8_DABRR_1_121_0/2gns_A_rec_4qer_stl_lig_tt_min_0,87,1.0,0.0,0.0,-2.932
AR,PAC_ECOLX_27_846_0/1ai4_A_rec_1ai5_mnp_lig_tt_docked_0,100,1.0,0.0,0.0,-6.151999999999999
AR,POL_FOAMV_861_1060_0/5mma_A_rec_4ztf_x2p_lig_tt_min_0,87,0.9540229885057471,0.0,0.0,-4.61
AR,AROE_THET8_1_263_0/2cy0_A_rec_2d5c_skm_lig_tt_min_0,100,1.0,0.0,0.0,-6.734
AR,PYRD_TRYCC_2_314_catalytic_0/3w83_B_rec_2e6d_fum_lig_tt_min_0,100,0.98,0.0,0.0,-3.6390000000000002
AR,PYRD_TRYCC_2_314_catalytic_0/2e6d_A_rec_2e6d_fum_lig_tt_min_0,100,1.0,0.0,0.0,-4.864000000000001
AR,PYRE_BACAN_1_210_0/4rv4_A_rec_4rv4_prp_lig_tt_docked_2,100,0.99,0.0,0.0,-5.668
AR,SIR3_HUMAN_117_398_0/5d7n_D_rec_4jt9_1ns_lig_tt_min_0,48,0.8958333333333334,0.0,0.0,-7.656000000000001
AR,BAZ2A_HUMAN_1795_1898_0/5mgl_A_rec_5mgl_7mu_lig_tt_min_0,100,1.0,0.0,0.0,-4.2219999999999995
AR,SQHC_ALIAD_1_631_0/1h36_A_rec_1o79_r23_lig_tt_docked_5,91,0.9560439560439561,0.0,0.0,-8.886
AR,TIAM1_HUMAN_840_931_0/4gvd_A_rec_4nxr_ans_lig_tt_min_0,100,0.99,0.0,0.0,-2.71
AR,TNKS1_HUMAN_1099_1319_0/4tos_A_rec_4tos_355_lig_tt_min_0,100,1.0,0.0,0.0,-9.4915
AR,TNKS2_HUMAN_948_1162_0/5aeh_A_rec_5aeh_8ir_lig_tt_docked_0,98,1.0,0.0,0.0,-9.144
AR,UPPS_ECOLI_1_253_0/4h3c_A_rec_5cqj_53q_lig_tt_docked_2,100,0.99,0.0,0.01,-6.768000000000001
AR,Y635_MYCTU_1_158_0/4rlu_A_rec_4rlu_hcc_lig_tt_min_0,98,1.0,0.0,0.0,-7.8325
AR,ABL2_HUMAN_274_551_0/4xli_B_rec_4xli_1n1_lig_tt_min_0,100,1.0,0.0,0.0,-8.9085
AR,ACE_HUMAN_650_1230_0/3l3n_A_rec_2iux_nxa_lig_tt_docked_2,100,1.0,0.0,0.0,-3.7465
AR,BGAT_HUMAN_63_353_0/5tjn_A_rec_1zj1_nlc_lig_tt_docked_4,100,1.0,0.0,0.0,-3.258
AR,AK1BA_HUMAN_1_316_0/5liu_X_rec_4gq0_qap_lig_tt_min_0,99,0.9494949494949495,0.0,0.0,-7.311
AR,AKT1_HUMAN_1_137_0/3o96_A_rec_3o96_iqo_lig_tt_docked_2,95,0.8736842105263158,0.0,0.0,-10.903
AR,BGL07_ORYSJ_25_504_0/4qlk_A_rec_4qlk_ctt_lig_tt_docked_0,100,0.96,0.0,0.04,-6.529999999999999
AR,BAPA_SPHXN_30_402_0/3nfb_A_rec_3nfb_oae_lig_tt_docked_2,98,0.9795918367346939,0.0,0.0,-5.7905
AR,BTRN_BACCI_2_250_0/4m7t_A_rec_4m7t_sam_lig_tt_min_0,97,1.0,0.0,0.0,-7.514
AR,CAT_ECOLX_1_219_0/3u9f_C_rec_3u9f_clm_lig_tt_min_0,89,1.0,0.0,0.0,-6.861
AR,CDK6_HUMAN_1_312_0/4aua_A_rec_4aua_4au_lig_it2_tt_docked_7,100,0.99,0.0,0.0,-5.7155000000000005
AR,CDK6_HUMAN_1_312_0/2f2c_B_rec_1xo2_fse_lig_tt_min_0,99,1.0,0.0,0.0,-7.155
AR,CHIB1_ASPFM_39_433_0/3chc_B_rec_3ch9_xrg_lig_tt_min_0,100,0.98,0.0,0.0,-3.3949999999999996
AR,CHIA_SERMA_19_563_0/1k9t_A_rec_2wlz_dio_lig_tt_min_0,100,0.91,0.0,0.01,-3.912
AR,CHIB_SERMA_1_499_0/1h0i_A_rec_1e6z_ngo_lig_it2_tt_docked_15,100,0.98,0.0,0.0,-4.606
AR,CHIB_SERMA_1_499_0/4z2g_A_rec_4z2g_m6v_lig_tt_docked_16,91,1.0,0.0,0.0,-6.061
AR,COAA_MYCTU_1_312_0/3af2_A_rec_3af4_gcp_lig_tt_min_0,87,0.9885057471264368,0.0,0.0,-5.911
AR,CONA_CANCT_1_237_0/1jn2_P_rec_1val_png_lig_tt_docked_11,100,1.0,0.0,0.0,-4.5355
AR,DFPA_LOLVU_2_314_0/3li4_A_rec_2gvv_di9_lig_tt_min_0,100,0.99,0.0,0.0,-4.9505
AR,DHAK_ECOLI_1_356_0/3pnm_A_rec_3pnq_2ha_lig_tt_docked_10,53,0.6415094339622641,0.0,0.018867924528301886,-2.447
AR,DIDH_RAT_1_319_0/1afs_A_rec_1afs_tes_lig_tt_min_0,98,1.0,0.0,0.0,-6.5715
AR,DYRK2_HUMAN_145_550_0/4azf_A_rec_5lxc_7aa_lig_tt_min_0,98,1.0,0.0,0.0,-8.981
AR,EXG1_CANAL_41_438_0/2pc8_A_rec_1eqc_cts_lig_tt_docked_6,100,1.0,0.0,0.0,-5.411
Pocket2Mol,BSD_ASPTE_1_130_0/2z3h_A_rec_1wn6_bst_lig_tt_docked_3,100,1.0,0.0,0.0,-5.734
Pocket2Mol,GLMU_STRPN_2_459_0/4aaw_A_rec_4ac3_r83_lig_tt_min_0,100,0.99,0.01,0.0,-6.4515
Pocket2Mol,GRK4_HUMAN_1_578_0/4yhj_A_rec_4yhj_an2_lig_tt_min_0,100,1.0,0.0,0.0,-8.8235
Pocket2Mol,GSTP1_HUMAN_2_210_0/14gs_A_rec_20gs_cbd_lig_tt_min_0,100,0.99,0.0,0.0,-5.3725000000000005
Pocket2Mol,GUX1_HYPJE_18_451_0/2v3r_A_rec_1dy4_snp_lig_tt_docked_1,100,1.0,0.0,0.0,-11.2915
Pocket2Mol,HDAC8_HUMAN_1_377_0/4rn0_B_rec_4rn1_l8g_lig_tt_min_0,100,0.99,0.0,0.0,-4.8155
Pocket2Mol,HDHA_ECOLI_1_255_0/1fmc_B_rec_1fmc_cho_lig_tt_docked_1,100,1.0,0.0,0.0,-6.509
Pocket2Mol,HMD_METJA_1_358_0/3daf_A_rec_3daf_feg_lig_tt_docked_0,100,1.0,0.0,0.0,-9.9915
Pocket2Mol,CCPR_YEAST_69_361_0/1a2g_A_rec_4jmv_1ly_lig_tt_min_0,100,1.0,0.0,0.0,-4.393000000000001
Pocket2Mol,IPMK_HUMAN_49_416_0/5w2g_A_rec_5w2i_adp_lig_tt_min_0,100,0.99,0.0,0.0,-6.633
Pocket2Mol,CD38_HUMAN_44_300_0/3dzh_A_rec_3u4i_cvr_lig_tt_docked_0,100,1.0,0.0,0.0,-7.9675
Pocket2Mol,KS6A3_HUMAN_41_357_0/3g51_A_rec_3g51_anp_lig_tt_min_0,100,1.0,0.0,0.0,-10.753
Pocket2Mol,CHOD_BREST_46_552_0/1coy_A_rec_1coy_and_lig_tt_docked_0,100,1.0,0.0,0.0,-8.1
Pocket2Mol,LAT_MYCTU_1_449_0/2jjg_A_rec_2jjg_plp_lig_tt_min_0,100,1.0,0.0,0.0,-5.7125
Pocket2Mol,LMBL1_HUMAN_198_526_0/2rhy_A_rec_2rhy_mlz_lig_tt_min_0,100,0.95,0.0,0.0,-3.909
Pocket2Mol,LMBL1_HUMAN_198_526_0/2pqw_A_rec_2rhy_mlz_lig_tt_min_0,100,0.93,0.0,0.0,-4.818
Pocket2Mol,M3K14_HUMAN_321_678_0/4g3d_B_rec_4idv_13v_lig_tt_min_0,90,0.9444444444444444,0.0,0.011111111111111112,-2.8635
Pocket2Mol,MENE_BACSU_2_486_0/5bur_A_rec_5x8f_amp_lig_tt_docked_7,100,1.0,0.0,0.0,-9.5125
Pocket2Mol,NAGZ_VIBCH_1_330_0/3gs6_A_rec_2oxn_oan_lig_tt_docked_4,100,1.0,0.0,0.0,-5.3055
Pocket2Mol,NEP_HUMAN_54_750_0/1r1h_A_rec_1r1h_bir_lig_tt_docked_1,100,1.0,0.0,0.0,-8.013000000000002
Pocket2Mol,NQO1_HUMAN_2_274_0/1dxo_C_rec_1gg5_e09_lig_tt_min_0,100,1.0,0.0,0.0,-3.4995
Pocket2Mol,NQO1_HUMAN_2_274_0/1gg5_A_rec_1kbo_340_lig_tt_min_0,100,1.0,0.0,0.0,-5.4165
Pocket2Mol,NR1H4_HUMAN_258_486_0/5q0k_A_rec_5q0q_9ld_lig_tt_docked_0,100,0.94,0.0,0.0,-10.455
Pocket2Mol,OLIAC_CANSA_1_101_0/5b08_A_rec_5b09_4mx_lig_tt_min_0,100,1.0,0.0,0.0,-5.651
Pocket2Mol,PA21B_PIG_23_146_0/2azy_A_rec_2azy_chd_lig_tt_docked_0,100,1.0,0.0,0.0,-8.681
Pocket2Mol,PAK4_HUMAN_291_591_ATP_0/5i0b_A_rec_5vef_m77_lig_tt_min_0,100,1.0,0.0,0.0,-6.3945
Pocket2Mol,PHKG1_RABIT_6_296_ATPsite_0/1phk_A_rec_1phk_atp_lig_tt_min_0,100,1.0,0.0,0.0,-12.4905
Pocket2Mol,PHP_SULSO_1_314_0/4keu_A_rec_4ket_pg4_lig_tt_min_0,100,1.0,0.0,0.0,-7.715999999999999
Pocket2Mol,COTA_BACSU_1_513_0/4q8b_B_rec_4q8b_sxx_lig_tt_min_0,100,1.0,0.0,0.0,-4.6815
Pocket2Mol,PLCD1_RAT_134_756_0/1djy_A_rec_1djz_ip2_lig_tt_min_0,99,1.0,0.0,0.0,-4.6
Pocket2Mol,PNTM_STRAE_2_398_0/5l1v_A_rec_5l1v_7pf_lig_tt_docked_0,100,0.98,0.0,0.0,-4.4559999999999995
Pocket2Mol,CPXB_BACMB_2_464_0/4zfa_A_rec_1smj_pam_lig_tt_min_0,100,1.0,0.0,0.0,-8.5415
Pocket2Mol,PPIA_HUMAN_1_165_0/2rma_A_rec_3rdd_ea4_lig_tt_docked_0,100,1.0,0.0,0.0,-5.287
Pocket2Mol,PTGIS_HUMAN_20_500_0/3b6h_A_rec_3b6h_mxd_lig_tt_min_0,100,1.0,0.0,0.0,-4.0634999999999994
Pocket2Mol,QPCT_HUMAN_33_361_0/2zen_A_rec_2afx_1bn_lig_tt_docked_7,100,0.95,0.0,0.0,-4.301
Pocket2Mol,RIBB_VIBCH_2_218_0/4p6p_A_rec_4p77_5rp_lig_tt_docked_0,100,1.0,0.0,0.0,-5.6465
Pocket2Mol,RG1_RAUSE_1_513_0/3u5y_B_rec_3u57_dh8_lig_tt_min_0,100,0.99,0.0,0.0,-8.504000000000001
Pocket2Mol,ROCO4_DICDI_1009_1292_0/4f1m_A_rec_4f1m_acp_lig_tt_min_0,100,1.0,0.0,0.0,-7.4525
Pocket2Mol,DPO4_SULSO_1_347_0/4tqr_A_rec_2xca_doc_lig_tt_min_0,100,1.0,0.0,0.0,-2.737
Pocket2Mol,SDIA_ECOLI_1_171_0/4lfu_A_rec_4y13_480_lig_tt_min_0,100,1.0,0.0,0.0,-9.8955
Pocket2Mol,DPP2_HUMAN_27_492_0/3jyh_A_rec_3n0t_opy_lig_tt_min_0,100,1.0,0.0,0.0,-5.096
Pocket2Mol,TBK1_HUMAN_1_303_0/4iwq_A_rec_4jlc_su6_lig_tt_min_0,100,1.0,0.0,0.0,-7.2475000000000005
Pocket2Mol,TRAR_RHIRD_1_234_0/1l3l_A_rec_1l3l_lae_lig_tt_min_0,100,0.99,0.0,0.0,-9.4755
Pocket2Mol,UBE2T_HUMAN_1_156_0/5ngz_A_rec_5ngz_2bg_lig_tt_min_0,100,1.0,0.0,0.0,-4.2765
Pocket2Mol,VAOX_PENSI_1_560_0/1e8h_A_rec_1e8h_adp_lig_tt_min_0,100,0.98,0.0,0.0,-8.4455
Pocket2Mol,XANLY_BACGL_26_777_0/2e24_A_rec_1j0n_ceg_lig_tt_docked_14,100,1.0,0.0,0.0,-5.273
Pocket2Mol,EFTU1_ECOLI_2_178_0/2hcj_B_rec_2hcj_gdp_lig_tt_docked_0,100,1.0,0.0,0.0,-5.3759999999999994
Pocket2Mol,F16P1_HUMAN_1_338_0/3kc1_A_rec_3kc1_2t6_lig_tt_min_0,100,1.0,0.0,0.0,-7.5715
Pocket2Mol,FKB1A_HUMAN_2_108_0/1d7j_A_rec_1tco_fk5_lig_tt_docked_0,100,1.0,0.0,0.0,-6.2825
Pocket2Mol,IDHP_HUMAN_40_452_0/4ja8_B_rec_4ja8_1k9_lig_tt_docked_0,100,0.98,0.0,0.0,-8.213000000000001
Pocket2Mol,IMA1_HUMAN_68_497_0/4u5s_A_rec_4u54_3c5_lig_tt_min_0,100,1.0,0.0,0.0,-4.434
Pocket2Mol,MCCF_ECOLX_1_344_0/4iiy_A_rec_3tle_gsu_lig_tt_docked_12,100,0.99,0.0,0.0,-7.279
Pocket2Mol,MURA_ECOLI_1_419_catalytic_0/3v4t_A_rec_4e7f_udp_lig_tt_min_0,100,1.0,0.0,0.0,-5.7655
Pocket2Mol,NOS1_HUMAN_302_723_0/3tym_A_rec_3n5v_xfh_lig_tt_min_0,100,1.0,0.0,0.0,-6.9935
Pocket2Mol,NOS1_HUMAN_302_723_0/4d7o_A_rec_3n5z_xfm_lig_tt_min_0,100,1.0,0.0,0.0,-7.8
Pocket2Mol,NOS2_HUMAN_78_505_0/3ej8_A_rec_2nsi_itu_lig_tt_min_0,100,0.99,0.0,0.0,-3.2135
Pocket2Mol,NOS3_HUMAN_65_480_0/1rs9_A_rec_1dmk_itu_lig_tt_min_0,100,0.97,0.0,0.0,-3.541
Pocket2Mol,NOS3_HUMAN_65_480_0/4kcq_A_rec_4cwv_hw8_lig_tt_min_0,100,0.97,0.0,0.0,-5.133
Pocket2Mol,NPD_THEMA_1_246_0/3pdh_A_rec_4buz_ocz_lig_tt_min_0,100,1.0,0.0,0.0,-4.672000000000001
Pocket2Mol,ODBB_THET8_1_324_0/1umd_B_rec_1umb_tdp_lig_tt_docked_1,100,0.99,0.0,0.0,-4.899
Pocket2Mol,P2Y12_HUMAN_1_342_0/4pxz_A_rec_4pxz_6ad_lig_tt_min_0,100,0.99,0.0,0.0,-8.025
Pocket2Mol,PA2B8_DABRR_1_121_0/2gns_A_rec_4qer_stl_lig_tt_min_0,100,1.0,0.0,0.0,-4.621
Pocket2Mol,PAC_ECOLX_27_846_0/1ai4_A_rec_1ai5_mnp_lig_tt_docked_0,100,0.98,0.02,0.0,-5.852
Pocket2Mol,POL_FOAMV_861_1060_0/5mma_A_rec_4ztf_x2p_lig_tt_min_0,100,0.94,0.0,0.0,-3.3945
Pocket2Mol,AROE_THET8_1_263_0/2cy0_A_rec_2d5c_skm_lig_tt_min_0,100,1.0,0.0,0.0,-5.309
Pocket2Mol,PYRD_TRYCC_2_314_catalytic_0/3w83_B_rec_2e6d_fum_lig_tt_min_0,100,0.99,0.0,0.0,-3.391
Pocket2Mol,PYRD_TRYCC_2_314_catalytic_0/2e6d_A_rec_2e6d_fum_lig_tt_min_0,100,1.0,0.0,0.0,-3.753
Pocket2Mol,PYRE_BACAN_1_210_0/4rv4_A_rec_4rv4_prp_lig_tt_docked_2,100,1.0,0.0,0.0,-5.1765
Pocket2Mol,SIR3_HUMAN_117_398_0/5d7n_D_rec_4jt9_1ns_lig_tt_min_0,100,1.0,0.0,0.0,-7.381500000000001
Pocket2Mol,BAZ2A_HUMAN_1795_1898_0/5mgl_A_rec_5mgl_7mu_lig_tt_min_0,100,1.0,0.0,0.0,-4.559
Pocket2Mol,SQHC_ALIAD_1_631_0/1h36_A_rec_1o79_r23_lig_tt_docked_5,100,1.0,0.0,0.0,-12.282499999999999
Pocket2Mol,TIAM1_HUMAN_840_931_0/4gvd_A_rec_4nxr_ans_lig_tt_min_0,100,0.99,0.0,0.0,-3.7445
Pocket2Mol,TNKS1_HUMAN_1099_1319_0/4tos_A_rec_4tos_355_lig_tt_min_0,100,1.0,0.0,0.0,-16.6725
Pocket2Mol,TNKS2_HUMAN_948_1162_0/5aeh_A_rec_5aeh_8ir_lig_tt_docked_0,100,1.0,0.0,0.0,-11.1025
Pocket2Mol,UPPS_ECOLI_1_253_0/4h3c_A_rec_5cqj_53q_lig_tt_docked_2,100,1.0,0.0,0.0,-6.255
Pocket2Mol,Y635_MYCTU_1_158_0/4rlu_A_rec_4rlu_hcc_lig_tt_min_0,100,0.98,0.0,0.0,-8.5715
Pocket2Mol,ABL2_HUMAN_274_551_0/4xli_B_rec_4xli_1n1_lig_tt_min_0,100,1.0,0.0,0.0,-10.8765
Pocket2Mol,ACE_HUMAN_650_1230_0/3l3n_A_rec_2iux_nxa_lig_tt_docked_2,100,0.97,0.0,0.0,-3.463
Pocket2Mol,BGAT_HUMAN_63_353_0/5tjn_A_rec_1zj1_nlc_lig_tt_docked_4,100,1.0,0.0,0.0,-3.8185000000000002
Pocket2Mol,AK1BA_HUMAN_1_316_0/5liu_X_rec_4gq0_qap_lig_tt_min_0,100,0.95,0.0,0.0,-7.843
Pocket2Mol,AKT1_HUMAN_1_137_0/3o96_A_rec_3o96_iqo_lig_tt_docked_2,9,1.0,0.0,0.0,-10.372
Pocket2Mol,BGL07_ORYSJ_25_504_0/4qlk_A_rec_4qlk_ctt_lig_tt_docked_0,33,1.0,0.0,0.0,-9.813
Pocket2Mol,ATS5_HUMAN_262_480_0/3hy9_B_rec_3hyg_099_lig_tt_min_0,100,0.99,0.0,0.0,-6.396
Pocket2Mol,BACE2_HUMAN_76_460_0/4bel_A_rec_2ewy_dbo_lig_tt_min_0,100,1.0,0.0,0.0,-8.814
Pocket2Mol,BAPA_SPHXN_30_402_0/3nfb_A_rec_3nfb_oae_lig_tt_docked_2,100,0.99,0.0,0.0,-6.9030000000000005
Pocket2Mol,BTRN_BACCI_2_250_0/4m7t_A_rec_4m7t_sam_lig_tt_min_0,100,1.0,0.0,0.0,-10.441500000000001
Pocket2Mol,CAT_ECOLX_1_219_0/3u9f_C_rec_3u9f_clm_lig_tt_min_0,100,0.99,0.0,0.0,-6.8095
Pocket2Mol,CDK6_HUMAN_1_312_0/4aua_A_rec_4aua_4au_lig_it2_tt_docked_7,100,1.0,0.0,0.0,-5.2235
Pocket2Mol,CDK6_HUMAN_1_312_0/2f2c_B_rec_1xo2_fse_lig_tt_min_0,100,1.0,0.0,0.0,-8.2715
Pocket2Mol,CHIB1_ASPFM_39_433_0/3chc_B_rec_3ch9_xrg_lig_tt_min_0,100,1.0,0.0,0.0,-3.4845
Pocket2Mol,CHIA_SERMA_19_563_0/1k9t_A_rec_2wlz_dio_lig_tt_min_0,100,0.64,0.0,0.0,-2.733
Pocket2Mol,CHIB_SERMA_1_499_0/1h0i_A_rec_1e6z_ngo_lig_it2_tt_docked_15,100,1.0,0.0,0.0,-5.6875
Pocket2Mol,CHIB_SERMA_1_499_0/4z2g_A_rec_4z2g_m6v_lig_tt_docked_16,100,0.99,0.0,0.0,-10.0095
Pocket2Mol,COAA_MYCTU_1_312_0/3af2_A_rec_3af4_gcp_lig_tt_min_0,100,0.96,0.0,0.0,-6.5145
Pocket2Mol,CONA_CANCT_1_237_0/1jn2_P_rec_1val_png_lig_tt_docked_11,100,0.99,0.0,0.0,-4.29
Pocket2Mol,DFPA_LOLVU_2_314_0/3li4_A_rec_2gvv_di9_lig_tt_min_0,100,1.0,0.0,0.0,-6.8575
Pocket2Mol,DHAK_ECOLI_1_356_0/3pnm_A_rec_3pnq_2ha_lig_tt_docked_10,100,0.78,0.0,0.0,-2.21
Pocket2Mol,DIDH_RAT_1_319_0/1afs_A_rec_1afs_tes_lig_tt_min_0,100,1.0,0.0,0.0,-5.625500000000001
Pocket2Mol,DYRK2_HUMAN_145_550_0/4azf_A_rec_5lxc_7aa_lig_tt_min_0,100,1.0,0.0,0.0,-11.902999999999999
Pocket2Mol,EXG1_CANAL_41_438_0/2pc8_A_rec_1eqc_cts_lig_tt_docked_6,100,1.0,0.0,0.0,-5.0440000000000005
TargetDiff,BSD_ASPTE_1_130_0/2z3h_A_rec_1wn6_bst_lig_tt_docked_3,84,0.9880952380952381,0.011904761904761904,0.0,-6.5435
TargetDiff,GLMU_STRPN_2_459_0/4aaw_A_rec_4ac3_r83_lig_tt_min_0,93,0.989247311827957,0.0,0.0,-7.088
TargetDiff,GRK4_HUMAN_1_578_0/4yhj_A_rec_4yhj_an2_lig_tt_min_0,94,1.0,0.0,0.0,-6.86
TargetDiff,GSTP1_HUMAN_2_210_0/14gs_A_rec_20gs_cbd_lig_tt_min_0,97,1.0,0.0,0.0,-6.048
TargetDiff,GUX1_HYPJE_18_451_0/2v3r_A_rec_1dy4_snp_lig_tt_docked_1,97,1.0,0.0,0.0,-10.13
TargetDiff,HDAC8_HUMAN_1_377_0/4rn0_B_rec_4rn1_l8g_lig_tt_min_0,88,1.0,0.0,0.0,-4.723000000000001
TargetDiff,HDHA_ECOLI_1_255_0/1fmc_B_rec_1fmc_cho_lig_tt_docked_1,97,0.9896907216494846,0.0,0.0,-7.895
TargetDiff,HMD_METJA_1_358_0/3daf_A_rec_3daf_feg_lig_tt_docked_0,93,0.989247311827957,0.0,0.0,-8.704
TargetDiff,CCPR_YEAST_69_361_0/1a2g_A_rec_4jmv_1ly_lig_tt_min_0,99,1.0,0.0,0.0,-7.72
TargetDiff,IPMK_HUMAN_49_416_0/5w2g_A_rec_5w2i_adp_lig_tt_min_0,86,1.0,0.0,0.0,-6.4185
TargetDiff,CD38_HUMAN_44_300_0/3dzh_A_rec_3u4i_cvr_lig_tt_docked_0,77,1.0,0.0,0.0,-7.469
TargetDiff,KS6A3_HUMAN_41_357_0/3g51_A_rec_3g51_anp_lig_tt_min_0,84,1.0,0.0,0.0,-7.9990000000000006
TargetDiff,CHOD_BREST_46_552_0/1coy_A_rec_1coy_and_lig_tt_docked_0,97,1.0,0.0,0.0,-8.742
TargetDiff,LAT_MYCTU_1_449_0/2jjg_A_rec_2jjg_plp_lig_tt_min_0,91,1.0,0.0,0.0,-7.093
TargetDiff,LMBL1_HUMAN_198_526_0/2rhy_A_rec_2rhy_mlz_lig_tt_min_0,93,0.978494623655914,0.0,0.0,-3.251
TargetDiff,LMBL1_HUMAN_198_526_0/2pqw_A_rec_2rhy_mlz_lig_tt_min_0,89,1.0,0.0,0.0,-6.204
TargetDiff,M3K14_HUMAN_321_678_0/4g3d_B_rec_4idv_13v_lig_tt_min_0,80,0.9625,0.0125,0.0,-2.4154999999999998
TargetDiff,MENE_BACSU_2_486_0/5bur_A_rec_5x8f_amp_lig_tt_docked_7,82,1.0,0.0,0.0,-6.567
TargetDiff,NAGZ_VIBCH_1_330_0/3gs6_A_rec_2oxn_oan_lig_tt_docked_4,90,1.0,0.0,0.0,-5.304
TargetDiff,NEP_HUMAN_54_750_0/1r1h_A_rec_1r1h_bir_lig_tt_docked_1,87,1.0,0.0,0.0,-8.53
TargetDiff,NQO1_HUMAN_2_274_0/1dxo_C_rec_1gg5_e09_lig_tt_min_0,98,1.0,0.0,0.0,-5.3365
TargetDiff,NQO1_HUMAN_2_274_0/1gg5_A_rec_1kbo_340_lig_tt_min_0,94,1.0,0.0,0.0,-6.843
TargetDiff,NR1H4_HUMAN_258_486_0/5q0k_A_rec_5q0q_9ld_lig_tt_docked_0,91,0.967032967032967,0.01098901098901099,0.0,-7.907
TargetDiff,OLIAC_CANSA_1_101_0/5b08_A_rec_5b09_4mx_lig_tt_min_0,95,1.0,0.0,0.0,-5.91
TargetDiff,PA21B_PIG_23_146_0/2azy_A_rec_2azy_chd_lig_tt_docked_0,95,1.0,0.0,0.0,-8.605
TargetDiff,PAK4_HUMAN_291_591_ATP_0/5i0b_A_rec_5vef_m77_lig_tt_min_0,97,1.0,0.0,0.0,-5.641
TargetDiff,PHKG1_RABIT_6_296_ATPsite_0/1phk_A_rec_1phk_atp_lig_tt_min_0,84,1.0,0.0,0.0,-9.943999999999999
TargetDiff,PHP_SULSO_1_314_0/4keu_A_rec_4ket_pg4_lig_tt_min_0,91,1.0,0.0,0.0,-9.444
TargetDiff,COTA_BACSU_1_513_0/4q8b_B_rec_4q8b_sxx_lig_tt_min_0,88,1.0,0.0,0.0,-4.253500000000001
TargetDiff,PLCD1_RAT_134_756_0/1djy_A_rec_1djz_ip2_lig_tt_min_0,96,1.0,0.0,0.0,-5.7435
TargetDiff,PNTM_STRAE_2_398_0/5l1v_A_rec_5l1v_7pf_lig_tt_docked_0,92,1.0,0.0,0.0,-5.5
TargetDiff,CPXB_BACMB_2_464_0/4zfa_A_rec_1smj_pam_lig_tt_min_0,88,0.9545454545454546,0.022727272727272728,0.0,-9.581
TargetDiff,PPIA_HUMAN_1_165_0/2rma_A_rec_3rdd_ea4_lig_tt_docked_0,97,1.0,0.0,0.0,-8.004
TargetDiff,PTGIS_HUMAN_20_500_0/3b6h_A_rec_3b6h_mxd_lig_tt_min_0,99,1.0,0.0,0.0,-5.741
TargetDiff,QPCT_HUMAN_33_361_0/2zen_A_rec_2afx_1bn_lig_tt_docked_7,97,0.979381443298969,0.0,0.0,-4.671
TargetDiff,RIBB_VIBCH_2_218_0/4p6p_A_rec_4p77_5rp_lig_tt_docked_0,85,1.0,0.0,0.0,-6.055
TargetDiff,RG1_RAUSE_1_513_0/3u5y_B_rec_3u57_dh8_lig_tt_min_0,96,1.0,0.0,0.0,-8.544
TargetDiff,ROCO4_DICDI_1009_1292_0/4f1m_A_rec_4f1m_acp_lig_tt_min_0,96,0.9895833333333334,0.0,0.0,-8.456
TargetDiff,DPO4_SULSO_1_347_0/4tqr_A_rec_2xca_doc_lig_tt_min_0,99,1.0,0.0,0.0,-3.088
TargetDiff,SDIA_ECOLI_1_171_0/4lfu_A_rec_4y13_480_lig_tt_min_0,97,1.0,0.0,0.0,-11.008
TargetDiff,DPP2_HUMAN_27_492_0/3jyh_A_rec_3n0t_opy_lig_tt_min_0,95,1.0,0.0,0.0,-6.571
TargetDiff,TBK1_HUMAN_1_303_0/4iwq_A_rec_4jlc_su6_lig_tt_min_0,96,0.9895833333333334,0.010416666666666666,0.0,-10.312999999999999
TargetDiff,TRAR_RHIRD_1_234_0/1l3l_A_rec_1l3l_lae_lig_tt_min_0,91,0.978021978021978,0.02197802197802198,0.0,-10.409
TargetDiff,UBE2T_HUMAN_1_156_0/5ngz_A_rec_5ngz_2bg_lig_tt_min_0,89,1.0,0.0,0.0,-5.178
TargetDiff,VAOX_PENSI_1_560_0/1e8h_A_rec_1e8h_adp_lig_tt_min_0,76,1.0,0.0,0.0,-8.3295
TargetDiff,XANLY_BACGL_26_777_0/2e24_A_rec_1j0n_ceg_lig_tt_docked_14,96,1.0,0.0,0.0,-6.640000000000001
TargetDiff,EFTU1_ECOLI_2_178_0/2hcj_B_rec_2hcj_gdp_lig_tt_docked_0,44,0.8863636363636364,0.11363636363636363,0.0,-6.1025
TargetDiff,F16P1_HUMAN_1_338_0/3kc1_A_rec_3kc1_2t6_lig_tt_min_0,92,1.0,0.0,0.0,-6.915
TargetDiff,FKB1A_HUMAN_2_108_0/1d7j_A_rec_1tco_fk5_lig_tt_docked_0,88,0.9772727272727273,0.022727272727272728,0.0,-5.612500000000001
TargetDiff,IDHP_HUMAN_40_452_0/4ja8_B_rec_4ja8_1k9_lig_tt_docked_0,87,0.9885057471264368,0.011494252873563218,0.0,-10.49
TargetDiff,IMA1_HUMAN_68_497_0/4u5s_A_rec_4u54_3c5_lig_tt_min_0,95,1.0,0.0,0.0,-4.142
TargetDiff,MCCF_ECOLX_1_344_0/4iiy_A_rec_3tle_gsu_lig_tt_docked_12,78,0.9871794871794872,0.0,0.0,-7.2765
TargetDiff,MURA_ECOLI_1_419_catalytic_0/3v4t_A_rec_4e7f_udp_lig_tt_min_0,88,1.0,0.0,0.0,-7.0405
TargetDiff,NOS1_HUMAN_302_723_0/3tym_A_rec_3n5v_xfh_lig_tt_min_0,89,0.9662921348314607,0.0,0.0,-6.903
TargetDiff,NOS1_HUMAN_302_723_0/4d7o_A_rec_3n5z_xfm_lig_tt_min_0,79,1.0,0.0,0.0,-6.659
TargetDiff,NOS2_HUMAN_78_505_0/3ej8_A_rec_2nsi_itu_lig_tt_min_0,100,0.98,0.0,0.0,-4.031000000000001
TargetDiff,NOS3_HUMAN_65_480_0/1rs9_A_rec_1dmk_itu_lig_tt_min_0,99,0.9797979797979798,0.0,0.0,-4.372
TargetDiff,NOS3_HUMAN_65_480_0/4kcq_A_rec_4cwv_hw8_lig_tt_min_0,91,1.0,0.0,0.0,-6.13
TargetDiff,NPD_THEMA_1_246_0/3pdh_A_rec_4buz_ocz_lig_tt_min_0,89,1.0,0.0,0.0,1.367
TargetDiff,ODBB_THET8_1_324_0/1umd_B_rec_1umb_tdp_lig_tt_docked_1,84,0.9880952380952381,0.0,0.0,-8.875
TargetDiff,P2Y12_HUMAN_1_342_0/4pxz_A_rec_4pxz_6ad_lig_tt_min_0,82,0.9878048780487805,0.0,0.0,-8.1165
TargetDiff,PA2B8_DABRR_1_121_0/2gns_A_rec_4qer_stl_lig_tt_min_0,51,0.9607843137254902,0.0,0.0,8.448
TargetDiff,PAC_ECOLX_27_846_0/1ai4_A_rec_1ai5_mnp_lig_tt_docked_0,99,1.0,0.0,0.0,-7.268
TargetDiff,POL_FOAMV_861_1060_0/5mma_A_rec_4ztf_x2p_lig_tt_min_0,68,1.0,0.0,0.0,-4.59
TargetDiff,AROE_THET8_1_263_0/2cy0_A_rec_2d5c_skm_lig_tt_min_0,100,1.0,0.0,0.0,-5.3065
TargetDiff,PYRD_TRYCC_2_314_catalytic_0/3w83_B_rec_2e6d_fum_lig_tt_min_0,99,1.0,0.0,0.0,-5.899
TargetDiff,PYRD_TRYCC_2_314_catalytic_0/2e6d_A_rec_2e6d_fum_lig_tt_min_0,97,0.9896907216494846,0.0,0.0,-5.097
TargetDiff,PYRE_BACAN_1_210_0/4rv4_A_rec_4rv4_prp_lig_tt_docked_2,86,1.0,0.0,0.0,-5.928
TargetDiff,SIR3_HUMAN_117_398_0/5d7n_D_rec_4jt9_1ns_lig_tt_min_0,97,1.0,0.0,0.0,-8.237
TargetDiff,BAZ2A_HUMAN_1795_1898_0/5mgl_A_rec_5mgl_7mu_lig_tt_min_0,99,1.0,0.0,0.0,-5.474
TargetDiff,SQHC_ALIAD_1_631_0/1h36_A_rec_1o79_r23_lig_tt_docked_5,65,0.9538461538461539,0.015384615384615385,0.0,-9.451
TargetDiff,TIAM1_HUMAN_840_931_0/4gvd_A_rec_4nxr_ans_lig_tt_min_0,92,0.9782608695652174,0.0,0.0,-3.135
TargetDiff,TNKS1_HUMAN_1099_1319_0/4tos_A_rec_4tos_355_lig_tt_min_0,95,0.9789473684210527,0.010526315789473684,0.0,-13.162
TargetDiff,TNKS2_HUMAN_948_1162_0/5aeh_A_rec_5aeh_8ir_lig_tt_docked_0,94,0.9893617021276596,0.0,0.0,-9.557
TargetDiff,UPPS_ECOLI_1_253_0/4h3c_A_rec_5cqj_53q_lig_tt_docked_2,97,1.0,0.0,0.0,-5.286
TargetDiff,Y635_MYCTU_1_158_0/4rlu_A_rec_4rlu_hcc_lig_tt_min_0,96,0.9791666666666666,0.020833333333333332,0.0,-10.149999999999999
TargetDiff,ABL2_HUMAN_274_551_0/4xli_B_rec_4xli_1n1_lig_tt_min_0,89,1.0,0.0,0.0,-9.309
TargetDiff,ACE_HUMAN_650_1230_0/3l3n_A_rec_2iux_nxa_lig_tt_docked_2,99,1.0,0.0,0.0,-5.255
TargetDiff,BGAT_HUMAN_63_353_0/5tjn_A_rec_1zj1_nlc_lig_tt_docked_4,93,1.0,0.0,0.0,-4.677
TargetDiff,AK1BA_HUMAN_1_316_0/5liu_X_rec_4gq0_qap_lig_tt_min_0,96,1.0,0.0,0.0,-9.8455
TargetDiff,AKT1_HUMAN_1_137_0/3o96_A_rec_3o96_iqo_lig_tt_docked_2,84,0.9761904761904762,0.0,0.0,-9.650500000000001
TargetDiff,BGL07_ORYSJ_25_504_0/4qlk_A_rec_4qlk_ctt_lig_tt_docked_0,85,0.9764705882352941,0.0,0.0,-8.703
TargetDiff,ATS5_HUMAN_262_480_0/3hy9_B_rec_3hyg_099_lig_tt_min_0,92,1.0,0.0,0.0,-8.366
TargetDiff,BACE2_HUMAN_76_460_0/4bel_A_rec_2ewy_dbo_lig_tt_min_0,80,0.9625,0.0,0.0,-7.958
TargetDiff,BAPA_SPHXN_30_402_0/3nfb_A_rec_3nfb_oae_lig_tt_docked_2,94,1.0,0.0,0.0,-7.333
TargetDiff,BTRN_BACCI_2_250_0/4m7t_A_rec_4m7t_sam_lig_tt_min_0,83,1.0,0.0,0.0,-8.048
TargetDiff,CAT_ECOLX_1_219_0/3u9f_C_rec_3u9f_clm_lig_tt_min_0,97,1.0,0.0,0.0,-7.583
TargetDiff,CDK6_HUMAN_1_312_0/4aua_A_rec_4aua_4au_lig_it2_tt_docked_7,95,1.0,0.0,0.0,-6.5
TargetDiff,CDK6_HUMAN_1_312_0/2f2c_B_rec_1xo2_fse_lig_tt_min_0,98,1.0,0.0,0.0,-7.51
TargetDiff,CHIB1_ASPFM_39_433_0/3chc_B_rec_3ch9_xrg_lig_tt_min_0,96,0.9895833333333334,0.0,0.010416666666666666,-5.6594999999999995
TargetDiff,CHIA_SERMA_19_563_0/1k9t_A_rec_2wlz_dio_lig_tt_min_0,97,0.979381443298969,0.0,0.0,-3.679
TargetDiff,CHIB_SERMA_1_499_0/1h0i_A_rec_1e6z_ngo_lig_it2_tt_docked_15,96,1.0,0.0,0.0,-6.814500000000001
TargetDiff,CHIB_SERMA_1_499_0/4z2g_A_rec_4z2g_m6v_lig_tt_docked_16,87,0.9885057471264368,0.0,0.011494252873563218,-8.485
TargetDiff,COAA_MYCTU_1_312_0/3af2_A_rec_3af4_gcp_lig_tt_min_0,68,1.0,0.0,0.0,-5.3695
TargetDiff,CONA_CANCT_1_237_0/1jn2_P_rec_1val_png_lig_tt_docked_11,84,0.9761904761904762,0.0,0.0,-4.0024999999999995
TargetDiff,DFPA_LOLVU_2_314_0/3li4_A_rec_2gvv_di9_lig_tt_min_0,97,1.0,0.0,0.0,-7.452
TargetDiff,DHAK_ECOLI_1_356_0/3pnm_A_rec_3pnq_2ha_lig_tt_docked_10,99,0.9797979797979798,0.0,0.0,-2.795
TargetDiff,DIDH_RAT_1_319_0/1afs_A_rec_1afs_tes_lig_tt_min_0,97,1.0,0.0,0.0,-7.524
TargetDiff,DYRK2_HUMAN_145_550_0/4azf_A_rec_5lxc_7aa_lig_tt_min_0,95,1.0,0.0,0.0,-9.151
TargetDiff,EXG1_CANAL_41_438_0/2pc8_A_rec_1eqc_cts_lig_tt_docked_6,99,1.0,0.0,0.0,-6.48
