method,topk_frac,reliable_proxy_rate_mean,reliable_proxy_rate_std,posebusters_pass_rate_mean,posebusters_pass_rate_std,clash_free_rate_mean,clash_free_rate_std,median_vina_affinity_mean,median_vina_affinity_std,median_gnina_cnnscore_mean,median_gnina_cnnscore_std
ensemble_qed_vina,0.1,1.0,0.0,0.0,0.0,1.0,0.0,,,,
ensemble_qed_vina,0.2,0.75,0.0,0.25,0.0,0.75,0.0,,,,
ensemble_qed_vina,0.5,0.6999999999999998,0.0,0.6,0.0,0.8000000000000002,0.0,,,,
ensemble_qed_gnina_cnnscore,0.1,0.5,0.0,0.5,0.0,0.5,0.0,,,,
ensemble_qed_gnina_cnnscore,0.2,0.5,0.0,0.75,0.0,0.5,0.0,,,,
ensemble_qed_gnina_cnnscore,0.5,0.8000000000000002,0.0,0.6999999999999998,0.0,0.8000000000000002,0.0,,,,
ensemble_qed_gnina_cnnaffinity,0.1,1.0,0.0,0.5,0.0,1.0,0.0,,,,
ensemble_qed_gnina_cnnaffinity,0.2,1.0,0.0,0.5,0.0,1.0,0.0,,,,
ensemble_qed_gnina_cnnaffinity,0.5,0.6,0.0,0.6,0.0,0.6,0.0,,,,
ensemble_qed_sa_vina,0.1,1.0,0.0,0.0,0.0,1.0,0.0,,,,
ensemble_qed_sa_vina,0.2,0.75,0.0,0.25,0.0,0.75,0.0,,,,
ensemble_qed_sa_vina,0.5,0.6,0.0,0.5,0.0,0.6999999999999998,0.0,,,,
ensemble_qed_sa_gnina_cnnscore,0.1,0.0,0.0,1.0,0.0,0.0,0.0,,,,
ensemble_qed_sa_gnina_cnnscore,0.2,0.5,0.0,0.75,0.0,0.5,0.0,,,,
ensemble_qed_sa_gnina_cnnscore,0.5,0.8000000000000002,0.0,0.6,0.0,0.8000000000000002,0.0,,,,
ensemble_qed_sa_gnina_cnnaffinity,0.1,0.5,0.0,1.0,0.0,0.5,0.0,,,,
ensemble_qed_sa_gnina_cnnaffinity,0.2,0.75,0.0,0.75,0.0,0.75,0.0,,,,
ensemble_qed_sa_gnina_cnnaffinity,0.5,0.6,0.0,0.6,0.0,0.6,0.0,,,,
ensemble_mlp_pose_shape_vina,0.1,1.0,0.0,0.16666666666666666,0.2886751345948129,1.0,0.0,,,,
ensemble_mlp_pose_shape_vina,0.2,1.0,0.0,0.5,0.0,1.0,0.0,,,,
ensemble_mlp_pose_shape_vina,0.5,0.9,0.09999999999999998,0.6666666666666666,0.05773502691896255,0.9333333333333332,0.05773502691896256,,,,
ensemble_mlp_pose_shape_gnina_cnnscore,0.1,1.0,0.0,0.8333333333333334,0.28867513459481287,1.0,0.0,,,,
ensemble_mlp_pose_shape_gnina_cnnscore,0.2,1.0,0.0,0.75,0.0,1.0,0.0,,,,
ensemble_mlp_pose_shape_gnina_cnnscore,0.5,1.0,0.0,0.7333333333333334,0.05773502691896262,1.0,0.0,,,,
ensemble_mlp_pose_shape_gnina_cnnaffinity,0.1,1.0,0.0,0.16666666666666666,0.2886751345948129,1.0,0.0,,,,
ensemble_mlp_pose_shape_gnina_cnnaffinity,0.2,1.0,0.0,0.5,0.0,1.0,0.0,,,,
ensemble_mlp_pose_shape_gnina_cnnaffinity,0.5,0.9333333333333332,0.05773502691896256,0.8000000000000002,0.0,0.9333333333333332,0.05773502691896256,,,,
ensemble_mlp_reliamol_novinascore_vina,0.1,1.0,0.0,0.3333333333333333,0.2886751345948129,1.0,0.0,,,,
ensemble_mlp_reliamol_novinascore_vina,0.2,1.0,0.0,0.4166666666666667,0.14433756729740643,1.0,0.0,,,,
ensemble_mlp_reliamol_novinascore_vina,0.5,0.8000000000000002,0.0,0.6666666666666666,0.057735026918962595,0.8333333333333334,0.057735026918962595,,,,
ensemble_mlp_reliamol_novinascore_gnina_cnnscore,0.1,1.0,0.0,0.6666666666666666,0.28867513459481287,1.0,0.0,,,,
ensemble_mlp_reliamol_novinascore_gnina_cnnscore,0.2,1.0,0.0,0.6666666666666666,0.14433756729740646,1.0,0.0,,,,
ensemble_mlp_reliamol_novinascore_gnina_cnnscore,0.5,0.9666666666666667,0.05773502691896255,0.6666666666666666,0.057735026918962595,0.9666666666666667,0.05773502691896255,,,,
ensemble_mlp_reliamol_novinascore_gnina_cnnaffinity,0.1,1.0,0.0,0.16666666666666666,0.2886751345948129,1.0,0.0,,,,
ensemble_mlp_reliamol_novinascore_gnina_cnnaffinity,0.2,1.0,0.0,0.5,0.0,1.0,0.0,,,,
ensemble_mlp_reliamol_novinascore_gnina_cnnaffinity,0.5,0.9333333333333332,0.05773502691896253,0.7333333333333334,0.057735026918962644,0.9333333333333332,0.05773502691896253,,,,
ensemble_rf_reliamol_novinascore_vina,0.1,1.0,0.0,0.3333333333333333,0.2886751345948129,1.0,0.0,,,,
ensemble_rf_reliamol_novinascore_vina,0.2,1.0,0.0,0.4166666666666667,0.14433756729740643,1.0,0.0,,,,
ensemble_rf_reliamol_novinascore_vina,0.5,0.9,0.0,0.6666666666666666,0.057735026918962595,0.9333333333333332,0.05773502691896253,,,,
ensemble_rf_reliamol_novinascore_gnina_cnnscore,0.1,1.0,0.0,0.6666666666666666,0.2886751345948129,1.0,0.0,,,,
ensemble_rf_reliamol_novinascore_gnina_cnnscore,0.2,1.0,0.0,0.75,0.0,1.0,0.0,,,,
ensemble_rf_reliamol_novinascore_gnina_cnnscore,0.5,1.0,0.0,0.8000000000000002,0.0,1.0,0.0,,,,
ensemble_rf_reliamol_novinascore_gnina_cnnaffinity,0.1,1.0,0.0,0.6666666666666666,0.2886751345948129,1.0,0.0,,,,
ensemble_rf_reliamol_novinascore_gnina_cnnaffinity,0.2,1.0,0.0,0.5,0.0,1.0,0.0,,,,
ensemble_rf_reliamol_novinascore_gnina_cnnaffinity,0.5,0.9666666666666667,0.057735026918962595,0.6999999999999998,0.0,0.9666666666666667,0.057735026918962595,,,,
ensemble_hgb_reliamol_novinascore_vina,0.1,1.0,0.0,0.3333333333333333,0.2886751345948129,1.0,0.0,,,,
ensemble_hgb_reliamol_novinascore_vina,0.2,1.0,0.0,0.4166666666666667,0.14433756729740643,1.0,0.0,,,,
ensemble_hgb_reliamol_novinascore_vina,0.5,0.9333333333333332,0.05773502691896256,0.6999999999999998,0.0,0.9333333333333332,0.05773502691896256,,,,
ensemble_hgb_reliamol_novinascore_gnina_cnnscore,0.1,1.0,0.0,0.8333333333333334,0.28867513459481287,1.0,0.0,,,,
ensemble_hgb_reliamol_novinascore_gnina_cnnscore,0.2,1.0,0.0,0.75,0.25,1.0,0.0,,,,
ensemble_hgb_reliamol_novinascore_gnina_cnnscore,0.5,0.9666666666666667,0.05773502691896256,0.7333333333333334,0.057735026918962644,0.9666666666666667,0.05773502691896256,,,,
ensemble_hgb_reliamol_novinascore_gnina_cnnaffinity,0.1,1.0,0.0,0.6666666666666666,0.2886751345948129,1.0,0.0,,,,
ensemble_hgb_reliamol_novinascore_gnina_cnnaffinity,0.2,1.0,0.0,0.75,0.25,1.0,0.0,,,,
ensemble_hgb_reliamol_novinascore_gnina_cnnaffinity,0.5,0.9333333333333332,0.05773502691896256,0.7333333333333334,0.057735026918962644,0.9333333333333332,0.05773502691896256,,,,
