mode,sigma_angstrom,seed,method,top10_reliable,top20_reliable,roc_auc,pr_auc,ece
both,0.0,11,RF ReliaMol,0.999,0.999,0.982726268395252,0.9986630789321334,0.017917645156203595
both,0.0,11,QED/SA,0.966,0.9615,0.6454985372747849,0.954775615443334,0.4303999999999999
both,0.0,22,RF ReliaMol,0.999,0.999,0.9827349934770361,0.9986695777970924,0.019237371383270068
both,0.0,22,QED/SA,0.966,0.9615,0.6454985372747849,0.954775615443334,0.4303999999999999
both,0.0,33,RF ReliaMol,0.999,0.9985,0.9802431718899793,0.9983554844744302,0.019556282324320384
both,0.0,33,QED/SA,0.966,0.9615,0.6454985372747849,0.954775615443334,0.4303999999999999
both,0.1,11,RF ReliaMol,0.998,0.998,0.9785434024174499,0.9983416736011675,0.028396856599180318
both,0.1,11,QED/SA,0.966,0.9615,0.6454985372747849,0.954775615443334,0.4303999999999999
both,0.1,22,RF ReliaMol,0.998,0.999,0.9784323699607634,0.9983256409903425,0.029060674070306266
both,0.1,22,QED/SA,0.966,0.9615,0.6454985372747849,0.954775615443334,0.4303999999999999
both,0.1,33,RF ReliaMol,0.999,0.9985,0.9766402536049258,0.9981574175382835,0.028946945959603808
both,0.1,33,QED/SA,0.966,0.9615,0.6454985372747849,0.954775615443334,0.4303999999999999
both,0.25,11,RF ReliaMol,0.996,0.994,0.8938135155068639,0.989460827030938,0.19146533581531
both,0.25,11,QED/SA,0.966,0.9615,0.6454985372747849,0.954775615443334,0.4303999999999999
both,0.25,22,RF ReliaMol,0.996,0.9935,0.8979183962404007,0.9897421323782469,0.1889885032325593
both,0.25,22,QED/SA,0.966,0.9615,0.6454985372747849,0.954775615443334,0.4303999999999999
both,0.25,33,RF ReliaMol,0.995,0.993,0.8951124717091155,0.9890727263432357,0.18827730594018643
both,0.25,33,QED/SA,0.966,0.9615,0.6454985372747849,0.954775615443334,0.4303999999999999
both,0.5,11,RF ReliaMol,0.989,0.9865,0.8408833859617912,0.9819135897065957,0.367360001269645
both,0.5,11,QED/SA,0.966,0.9615,0.6454985372747849,0.954775615443334,0.4303999999999999
both,0.5,22,RF ReliaMol,0.991,0.987,0.8480541677785356,0.9828479260214876,0.36145177011021795
both,0.5,22,QED/SA,0.966,0.9615,0.6454985372747849,0.954775615443334,0.4303999999999999
both,0.5,33,RF ReliaMol,0.99,0.9875,0.8474809376266295,0.9828026403017683,0.361296002194254
both,0.5,33,QED/SA,0.966,0.9615,0.6454985372747849,0.954775615443334,0.4303999999999999
