source,method,coverage,n_pockets,mean,min,p10,bottom_quartile_mean,perfect_pockets
audit_label_zero_shot,qed_sa,0.01,117,0.8461538461538461,0.0,0.0,0.8461538461538461,99
audit_label_zero_shot,label_informed_rule,0.01,117,0.8974358974358975,0.0,0.6000000000000014,0.8974358974358975,105
audit_label_zero_shot,logreg_full,0.01,117,0.9743589743589743,0.0,1.0,0.9743589743589743,114
audit_label_zero_shot,rf_full,0.01,117,0.905982905982906,0.0,1.0,0.905982905982906,106
audit_label_zero_shot,hgb_full,0.01,117,0.8974358974358975,0.0,0.6000000000000014,0.8974358974358975,105
audit_label_zero_shot,qed_sa,0.05,117,0.9076923076923076,0.4,0.7200000000000003,0.7000000000000001,81
audit_label_zero_shot,label_informed_rule,0.05,117,0.9025641025641025,0.4,0.8,0.7285714285714286,75
audit_label_zero_shot,logreg_full,0.05,117,0.917948717948718,0.4,0.8,0.7473684210526317,79
audit_label_zero_shot,rf_full,0.05,117,0.8786324786324785,0.2,0.6,0.7160000000000001,67
audit_label_zero_shot,hgb_full,0.05,117,0.9111111111111111,0.4,0.8,0.7333333333333335,78
audit_label_zero_shot,qed_sa,0.1,117,0.8846153846153847,0.3,0.7,0.6909090909090909,51
audit_label_zero_shot,label_informed_rule,0.1,117,0.8692307692307693,0.2,0.7600000000000001,0.7200000000000001,45
audit_label_zero_shot,logreg_full,0.1,117,0.8897435897435898,0.3,0.7,0.674193548387097,58
audit_label_zero_shot,rf_full,0.1,117,0.8735042735042735,0.2,0.7,0.702777777777778,40
audit_label_zero_shot,hgb_full,0.1,117,0.8991452991452992,0.2,0.8,0.8065573770491804,56
audit_label_zero_shot,qed_sa,0.2,117,0.8758434547908235,0.2631578947368421,0.7100000000000002,0.7366541353383459,27
audit_label_zero_shot,label_informed_rule,0.2,117,0.8784075573549258,0.21052631578947367,0.8,0.7315789473684212,27
audit_label_zero_shot,logreg_full,0.2,117,0.883153396311291,0.21052631578947367,0.7300000000000001,0.7519138755980862,33
audit_label_zero_shot,rf_full,0.2,117,0.8865721997300943,0.2631578947368421,0.75,0.7459141274238228,28
audit_label_zero_shot,hgb_full,0.2,117,0.8862348178137653,0.15789473684210525,0.7300000000000001,0.737612323491656,41
audit_label_zero_shot,qed_sa,0.5,117,0.8620951954158641,0.23404255319148937,0.7280000000000001,0.7161702127659575,0
audit_label_zero_shot,label_informed_rule,0.5,117,0.8630671996021541,0.23404255319148937,0.752,0.7012765957446808,3
audit_label_zero_shot,logreg_full,0.5,117,0.8686955977153545,0.23404255319148937,0.7133061224489798,0.7432496743378202,0
audit_label_zero_shot,rf_full,0.5,117,0.8765335255760788,0.19148936170212766,0.74,0.6993344912433059,3
audit_label_zero_shot,hgb_full,0.5,117,0.8720290949622256,0.23404255319148937,0.6920000000000001,0.7321059487624837,6
aligned_physical_oof,aligned_logreg_chem_primitive,0.01,117,0.8974358974358975,0.0,0.6000000000000014,0.8974358974358975,105
aligned_physical_oof,aligned_hgb_direct_excluded,0.01,117,0.9230769230769231,0.0,1.0,0.9230769230769231,108
aligned_physical_oof,aligned_logreg_full,0.01,117,0.9487179487179487,0.0,1.0,0.9487179487179487,111
aligned_physical_oof,aligned_hgb_full,0.01,117,0.9658119658119658,0.0,1.0,0.9658119658119658,113
aligned_physical_oof,aligned_logreg_chem_primitive,0.05,117,0.905982905982906,0.0,0.8,0.7027027027027029,80
aligned_physical_oof,aligned_hgb_direct_excluded,0.05,117,0.9435897435897437,0.2,0.8,0.9435897435897437,94
aligned_physical_oof,aligned_logreg_full,0.05,117,0.9487179487179488,0.4,0.8,0.9487179487179488,96
aligned_physical_oof,aligned_hgb_full,0.05,117,0.9435897435897437,0.2,0.8,0.9435897435897437,97
aligned_physical_oof,aligned_logreg_chem_primitive,0.1,117,0.9111111111111112,0.0,0.8,0.792,67
aligned_physical_oof,aligned_hgb_direct_excluded,0.1,117,0.941880341880342,0.3,0.8600000000000002,0.8341463414634147,76
aligned_physical_oof,aligned_logreg_full,0.1,117,0.9367521367521369,0.4,0.8,0.7823529411764706,83
aligned_physical_oof,aligned_hgb_full,0.1,117,0.9427350427350428,0.3,0.8,0.8085714285714285,82
aligned_physical_oof,aligned_logreg_chem_primitive,0.2,117,0.9078722447143499,0.15789473684210525,0.75,0.7877600979192168,41
aligned_physical_oof,aligned_hgb_direct_excluded,0.2,117,0.9307242465137201,0.2631578947368421,0.85,0.7831578947368423,55
aligned_physical_oof,aligned_logreg_full,0.2,117,0.9358749437696806,0.3157894736842105,0.85,0.8090909090909091,60
aligned_physical_oof,aligned_hgb_full,0.2,117,0.9332883490778229,0.21052631578947367,0.85,0.7982173174872664,55
aligned_physical_oof,aligned_logreg_chem_primitive,0.5,117,0.8872225191222152,0.2127659574468085,0.732,0.7362934819317797,4
aligned_physical_oof,aligned_hgb_direct_excluded,0.5,117,0.8980479846057353,0.1702127659574468,0.78,0.7481364228476691,8
aligned_physical_oof,aligned_logreg_full,0.5,117,0.9152605328365206,0.2553191489361702,0.84,0.7652343320306845,17
aligned_physical_oof,aligned_hgb_full,0.5,117,0.9011077555226491,0.19148936170212766,0.8,0.7520131350412506,8
