method,reference,n_pockets,mean_delta,ci_low,ci_high,wins,ties,losses
aligned_hgb_full,qed_sa,39,0.05811965811965812,0.029059829059829047,0.0905982905982906,19,16,4
aligned_hgb_full,label_informed_rule,39,0.07350427350427347,0.04358974358974356,0.1034188034188034,21,13,5
aligned_hgb_full,aligned_logreg_chem_primitive,39,0.031623931623931616,0.0025641025641025693,0.06155982905982874,13,19,7
aligned_hgb_direct_excluded,qed_sa,39,0.05726495726495724,0.02649572649572649,0.08888888888888888,18,14,7
aligned_hgb_direct_excluded,label_informed_rule,39,0.07264957264957259,0.04102564102564099,0.10427350427350422,21,10,8
aligned_hgb_direct_excluded,aligned_logreg_chem_primitive,39,0.03076923076923075,0.002564102564102555,0.061538461538461514,14,16,9
aligned_logreg_full,qed_sa,39,0.052136752136752146,0.019658119658119658,0.08632478632478635,17,18,4
aligned_logreg_full,label_informed_rule,39,0.06752136752136749,0.03504273504273502,0.09999999999999995,20,15,4
aligned_logreg_full,aligned_logreg_chem_primitive,39,0.025641025641025647,-0.005128205128205116,0.05811965811965812,12,19,8
