roc_auc,pr_auc,brier,seed,source,method
0.5882975795169267,0.8694668911778543,0.826199335986466,11,audit_label_zero_shot,qed_sa
0.613134405008203,0.8756305162523136,0.4482537859676847,11,audit_label_zero_shot,label_informed_rule
0.6424070377875066,0.885704374216237,0.1801117196449694,11,audit_label_zero_shot,logreg_full
0.6371608654064356,0.8776190145271976,0.1599393263649937,11,audit_label_zero_shot,rf_full
0.6237096576284468,0.8789456732664267,0.17609094753062224,11,audit_label_zero_shot,hgb_full
0.5882975795169267,0.8694668911778543,0.826199335986466,22,audit_label_zero_shot,qed_sa
0.613134405008203,0.8756305162523136,0.4482537859676847,22,audit_label_zero_shot,label_informed_rule
0.6423184448191352,0.887172689186063,0.1807969010742987,22,audit_label_zero_shot,logreg_full
0.6372364299971054,0.8779195189404558,0.15961704405339164,22,audit_label_zero_shot,rf_full
0.6284282991523975,0.8814055265814634,0.17654491604823447,22,audit_label_zero_shot,hgb_full
0.5882975795169267,0.8694668911778543,0.826199335986466,33,audit_label_zero_shot,qed_sa
0.613134405008203,0.8756305162523136,0.4482537859676847,33,audit_label_zero_shot,label_informed_rule
0.6380242915286645,0.8851676510700603,0.18135483965276844,33,audit_label_zero_shot,logreg_full
0.6448634791832581,0.8812939880977543,0.1590475498392984,33,audit_label_zero_shot,rf_full
0.6293241777790832,0.8807177085245935,0.17604352949132684,33,audit_label_zero_shot,hgb_full
0.6510019769970963,0.8814524385087642,0.2257103003710416,13,aligned_physical_oof,aligned_logreg_chem_primitive
0.7919884478559318,0.9371357623144321,0.12305435523639664,13,aligned_physical_oof,aligned_hgb_direct_excluded
0.8274554820333933,0.949247952528941,0.1597758560920246,13,aligned_physical_oof,aligned_logreg_full
0.8005459600895783,0.9394314079685304,0.12040193829218,13,aligned_physical_oof,aligned_hgb_full
0.6511587912887056,0.8809165908245695,0.22399160773711163,29,aligned_physical_oof,aligned_logreg_chem_primitive
0.7965952822112427,0.9382081378081738,0.12175160542446528,29,aligned_physical_oof,aligned_hgb_direct_excluded
0.8231139528240075,0.9471507178406957,0.1591183155637969,29,aligned_physical_oof,aligned_logreg_full
0.801616182097872,0.938823283817956,0.11994692563487896,29,aligned_physical_oof,aligned_hgb_full
0.6506570803073939,0.8793244241897548,0.22382990092767557,47,aligned_physical_oof,aligned_logreg_chem_primitive
0.7935371666452685,0.9380943809737575,0.12502875257917354,47,aligned_physical_oof,aligned_hgb_direct_excluded
0.8208934435044535,0.9463448673209403,0.16201316236872776,47,aligned_physical_oof,aligned_logreg_full
0.7945159531300559,0.9379373750575191,0.12326760538303329,47,aligned_physical_oof,aligned_hgb_full
