pdb_id,chain_id,pocket_id,sdf_file,receptor_atoms,n_rows
14gs,A,14gs-A-rec-20gs-cbd-lig-tt-min-0-pocket10_14gs-A-rec-20gs-cbd-lig-tt-min-0,/home/test/wsk/public_generators/diffsbdd_zenodo_8239058/extracted/crossdocked_fullatom_cond/14gs-A-rec-20gs-cbd-lig-tt-min-0-pocket10_14gs-A-rec-20gs-cbd-lig-tt-min-0_gen.sdf,1527,100
1d7j,A,1d7j-A-rec-1tco-fk5-lig-tt-docked-0-pocket10_1d7j-A-rec-1tco-fk5-lig-tt-docked-0,/home/test/wsk/public_generators/diffsbdd_zenodo_8239058/extracted/crossdocked_fullatom_cond/1d7j-A-rec-1tco-fk5-lig-tt-docked-0-pocket10_1d7j-A-rec-1tco-fk5-lig-tt-docked-0_gen.sdf,832,100
1dxo,C,1dxo-C-rec-1gg5-e09-lig-tt-min-0-pocket10_1dxo-C-rec-1gg5-e09-lig-tt-min-0,/home/test/wsk/public_generators/diffsbdd_zenodo_8239058/extracted/crossdocked_fullatom_cond/1dxo-C-rec-1gg5-e09-lig-tt-min-0-pocket10_1dxo-C-rec-1gg5-e09-lig-tt-min-0_gen.sdf,2173,100
1a2g,A,1a2g-A-rec-4jmv-1ly-lig-tt-min-0-pocket10_1a2g-A-rec-4jmv-1ly-lig-tt-min-0,/home/test/wsk/public_generators/diffsbdd_zenodo_8239058/extracted/crossdocked_fullatom_cond/1a2g-A-rec-4jmv-1ly-lig-tt-min-0-pocket10_1a2g-A-rec-4jmv-1ly-lig-tt-min-0_gen.sdf,2352,100
1djy,A,1djy-A-rec-1djz-ip2-lig-tt-min-0-pocket10_1djy-A-rec-1djz-ip2-lig-tt-min-0,/home/test/wsk/public_generators/diffsbdd_zenodo_8239058/extracted/crossdocked_fullatom_cond/1djy-A-rec-1djz-ip2-lig-tt-min-0-pocket10_1djy-A-rec-1djz-ip2-lig-tt-min-0_gen.sdf,4057,100
1ai4,A,1ai4-A-rec-1ai5-mnp-lig-tt-docked-0-pocket10_1ai4-A-rec-1ai5-mnp-lig-tt-docked-0,/home/test/wsk/public_generators/diffsbdd_zenodo_8239058/extracted/crossdocked_fullatom_cond/1ai4-A-rec-1ai5-mnp-lig-tt-docked-0-pocket10_1ai4-A-rec-1ai5-mnp-lig-tt-docked-0_gen.sdf,1656,100
1afs,A,1afs-A-rec-1afs-tes-lig-tt-min-0-pocket10_1afs-A-rec-1afs-tes-lig-tt-min-0,/home/test/wsk/public_generators/diffsbdd_zenodo_8239058/extracted/crossdocked_fullatom_cond/1afs-A-rec-1afs-tes-lig-tt-min-0-pocket10_1afs-A-rec-1afs-tes-lig-tt-min-0_gen.sdf,2581,100
1coy,A,1coy-A-rec-1coy-and-lig-tt-docked-0-pocket10_1coy-A-rec-1coy-and-lig-tt-docked-0,/home/test/wsk/public_generators/diffsbdd_zenodo_8239058/extracted/crossdocked_fullatom_cond/1coy-A-rec-1coy-and-lig-tt-docked-0-pocket10_1coy-A-rec-1coy-and-lig-tt-docked-0_gen.sdf,3771,100
1jn2,P,1jn2-P-rec-1val-png-lig-tt-docked-11-pocket10_1jn2-P-rec-1val-png-lig-tt-docked-11,/home/test/wsk/public_generators/diffsbdd_zenodo_8239058/extracted/crossdocked_fullatom_cond/1jn2-P-rec-1val-png-lig-tt-docked-11-pocket10_1jn2-P-rec-1val-png-lig-tt-docked-11_gen.sdf,1809,100
1gg5,A,1gg5-A-rec-1kbo-340-lig-tt-min-0-pocket10_1gg5-A-rec-1kbo-340-lig-tt-min-0,/home/test/wsk/public_generators/diffsbdd_zenodo_8239058/extracted/crossdocked_fullatom_cond/1gg5-A-rec-1kbo-340-lig-tt-min-0-pocket10_1gg5-A-rec-1kbo-340-lig-tt-min-0_gen.sdf,2173,100
1fmc,B,1fmc-B-rec-1fmc-cho-lig-tt-docked-1-pocket10_1fmc-B-rec-1fmc-cho-lig-tt-docked-1,/home/test/wsk/public_generators/diffsbdd_zenodo_8239058/extracted/crossdocked_fullatom_cond/1fmc-B-rec-1fmc-cho-lig-tt-docked-1-pocket10_1fmc-B-rec-1fmc-cho-lig-tt-docked-1_gen.sdf,1876,100
1k9t,A,1k9t-A-rec-2wlz-dio-lig-tt-min-0-pocket10_1k9t-A-rec-2wlz-dio-lig-tt-min-0,/home/test/wsk/public_generators/diffsbdd_zenodo_8239058/extracted/crossdocked_fullatom_cond/1k9t-A-rec-2wlz-dio-lig-tt-min-0-pocket10_1k9t-A-rec-2wlz-dio-lig-tt-min-0_gen.sdf,4157,100
1h0i,A,1h0i-A-rec-1e6z-ngo-lig-it2-tt-docked-15-pocket10_1h0i-A-rec-1e6z-ngo-lig-it2-tt-docked-15,/home/test/wsk/public_generators/diffsbdd_zenodo_8239058/extracted/crossdocked_fullatom_cond/1h0i-A-rec-1e6z-ngo-lig-it2-tt-docked-15-pocket10_1h0i-A-rec-1e6z-ngo-lig-it2-tt-docked-15_gen.sdf,3912,100
1l3l,A,1l3l-A-rec-1l3l-lae-lig-tt-min-0-pocket10_1l3l-A-rec-1l3l-lae-lig-tt-min-0,/home/test/wsk/public_generators/diffsbdd_zenodo_8239058/extracted/crossdocked_fullatom_cond/1l3l-A-rec-1l3l-lae-lig-tt-min-0-pocket10_1l3l-A-rec-1l3l-lae-lig-tt-min-0_gen.sdf,1807,100
1e8h,A,1e8h-A-rec-1e8h-adp-lig-tt-min-0-pocket10_1e8h-A-rec-1e8h-adp-lig-tt-min-0,/home/test/wsk/public_generators/diffsbdd_zenodo_8239058/extracted/crossdocked_fullatom_cond/1e8h-A-rec-1e8h-adp-lig-tt-min-0-pocket10_1e8h-A-rec-1e8h-adp-lig-tt-min-0_gen.sdf,4311,100
1h36,A,1h36-A-rec-1o79-r23-lig-tt-docked-5-pocket10_1h36-A-rec-1o79-r23-lig-tt-docked-5,/home/test/wsk/public_generators/diffsbdd_zenodo_8239058/extracted/crossdocked_fullatom_cond/1h36-A-rec-1o79-r23-lig-tt-docked-5-pocket10_1h36-A-rec-1o79-r23-lig-tt-docked-5_gen.sdf,4964,100
1rs9,A,1rs9-A-rec-1dmk-itu-lig-tt-min-0-pocket10_1rs9-A-rec-1dmk-itu-lig-tt-min-0,/home/test/wsk/public_generators/diffsbdd_zenodo_8239058/extracted/crossdocked_fullatom_cond/1rs9-A-rec-1dmk-itu-lig-tt-min-0-pocket10_1rs9-A-rec-1dmk-itu-lig-tt-min-0_gen.sdf,3227,100
2azy,A,2azy-A-rec-2azy-chd-lig-tt-docked-0-pocket10_2azy-A-rec-2azy-chd-lig-tt-docked-0,/home/test/wsk/public_generators/diffsbdd_zenodo_8239058/extracted/crossdocked_fullatom_cond/2azy-A-rec-2azy-chd-lig-tt-docked-0-pocket10_2azy-A-rec-2azy-chd-lig-tt-docked-0_gen.sdf,995,100
1phk,A,1phk-A-rec-1phk-atp-lig-tt-min-0-pocket10_1phk-A-rec-1phk-atp-lig-tt-min-0,/home/test/wsk/public_generators/diffsbdd_zenodo_8239058/extracted/crossdocked_fullatom_cond/1phk-A-rec-1phk-atp-lig-tt-min-0-pocket10_1phk-A-rec-1phk-atp-lig-tt-min-0_gen.sdf,2229,100
2cy0,A,2cy0-A-rec-2d5c-skm-lig-tt-min-0-pocket10_2cy0-A-rec-2d5c-skm-lig-tt-min-0,/home/test/wsk/public_generators/diffsbdd_zenodo_8239058/extracted/crossdocked_fullatom_cond/2cy0-A-rec-2d5c-skm-lig-tt-min-0-pocket10_2cy0-A-rec-2d5c-skm-lig-tt-min-0_gen.sdf,1993,100
1umd,B,1umd-B-rec-1umb-tdp-lig-tt-docked-1-pocket10_1umd-B-rec-1umb-tdp-lig-tt-docked-1,/home/test/wsk/public_generators/diffsbdd_zenodo_8239058/extracted/crossdocked_fullatom_cond/1umd-B-rec-1umb-tdp-lig-tt-docked-1-pocket10_1umd-B-rec-1umb-tdp-lig-tt-docked-1_gen.sdf,2463,100
2e6d,A,2e6d-A-rec-2e6d-fum-lig-tt-min-0-pocket10_2e6d-A-rec-2e6d-fum-lig-tt-min-0,/home/test/wsk/public_generators/diffsbdd_zenodo_8239058/extracted/crossdocked_fullatom_cond/2e6d-A-rec-2e6d-fum-lig-tt-min-0-pocket10_2e6d-A-rec-2e6d-fum-lig-tt-min-0_gen.sdf,2379,100
2e24,A,2e24-A-rec-1j0n-ceg-lig-tt-docked-14-pocket10_2e24-A-rec-1j0n-ceg-lig-tt-docked-14,/home/test/wsk/public_generators/diffsbdd_zenodo_8239058/extracted/crossdocked_fullatom_cond/2e24-A-rec-1j0n-ceg-lig-tt-docked-14-pocket10_2e24-A-rec-1j0n-ceg-lig-tt-docked-14_gen.sdf,5689,100
1r1h,A,1r1h-A-rec-1r1h-bir-lig-tt-docked-1-pocket10_1r1h-A-rec-1r1h-bir-lig-tt-docked-1,/home/test/wsk/public_generators/diffsbdd_zenodo_8239058/extracted/crossdocked_fullatom_cond/1r1h-A-rec-1r1h-bir-lig-tt-docked-1-pocket10_1r1h-A-rec-1r1h-bir-lig-tt-docked-1_gen.sdf,5595,100
2gns,A,2gns-A-rec-4qer-stl-lig-tt-min-0-pocket10_2gns-A-rec-4qer-stl-lig-tt-min-0,/home/test/wsk/public_generators/diffsbdd_zenodo_8239058/extracted/crossdocked_fullatom_cond/2gns-A-rec-4qer-stl-lig-tt-min-0-pocket10_2gns-A-rec-4qer-stl-lig-tt-min-0_gen.sdf,944,100
2f2c,B,2f2c-B-rec-1xo2-fse-lig-tt-min-0-pocket10_2f2c-B-rec-1xo2-fse-lig-tt-min-0,/home/test/wsk/public_generators/diffsbdd_zenodo_8239058/extracted/crossdocked_fullatom_cond/2f2c-B-rec-1xo2-fse-lig-tt-min-0-pocket10_2f2c-B-rec-1xo2-fse-lig-tt-min-0_gen.sdf,2119,100
2hcj,B,2hcj-B-rec-2hcj-gdp-lig-tt-docked-0-pocket10_2hcj-B-rec-2hcj-gdp-lig-tt-docked-0,/home/test/wsk/public_generators/diffsbdd_zenodo_8239058/extracted/crossdocked_fullatom_cond/2hcj-B-rec-2hcj-gdp-lig-tt-docked-0-pocket10_2hcj-B-rec-2hcj-gdp-lig-tt-docked-0_gen.sdf,2653,100
2pc8,A,2pc8-A-rec-1eqc-cts-lig-tt-docked-6-pocket10_2pc8-A-rec-1eqc-cts-lig-tt-docked-6,/home/test/wsk/public_generators/diffsbdd_zenodo_8239058/extracted/crossdocked_fullatom_cond/2pc8-A-rec-1eqc-cts-lig-tt-docked-6-pocket10_2pc8-A-rec-1eqc-cts-lig-tt-docked-6_gen.sdf,3232,100
2jjg,A,2jjg-A-rec-2jjg-plp-lig-tt-min-0-pocket10_2jjg-A-rec-2jjg-plp-lig-tt-min-0,/home/test/wsk/public_generators/diffsbdd_zenodo_8239058/extracted/crossdocked_fullatom_cond/2jjg-A-rec-2jjg-plp-lig-tt-min-0-pocket10_2jjg-A-rec-2jjg-plp-lig-tt-min-0_gen.sdf,3354,100
2pqw,A,2pqw-A-rec-2rhy-mlz-lig-tt-min-0-pocket10_2pqw-A-rec-2rhy-mlz-lig-tt-min-0,/home/test/wsk/public_generators/diffsbdd_zenodo_8239058/extracted/crossdocked_fullatom_cond/2pqw-A-rec-2rhy-mlz-lig-tt-min-0-pocket10_2pqw-A-rec-2rhy-mlz-lig-tt-min-0_gen.sdf,2565,100
2rhy,A,2rhy-A-rec-2rhy-mlz-lig-tt-min-0-pocket10_2rhy-A-rec-2rhy-mlz-lig-tt-min-0,/home/test/wsk/public_generators/diffsbdd_zenodo_8239058/extracted/crossdocked_fullatom_cond/2rhy-A-rec-2rhy-mlz-lig-tt-min-0-pocket10_2rhy-A-rec-2rhy-mlz-lig-tt-min-0_gen.sdf,2544,100
2rma,A,2rma-A-rec-3rdd-ea4-lig-tt-docked-0-pocket10_2rma-A-rec-3rdd-ea4-lig-tt-docked-0,/home/test/wsk/public_generators/diffsbdd_zenodo_8239058/extracted/crossdocked_fullatom_cond/2rma-A-rec-3rdd-ea4-lig-tt-docked-0-pocket10_2rma-A-rec-3rdd-ea4-lig-tt-docked-0_gen.sdf,1266,100
2v3r,A,2v3r-A-rec-1dy4-snp-lig-tt-docked-1-pocket10_2v3r-A-rec-1dy4-snp-lig-tt-docked-1,/home/test/wsk/public_generators/diffsbdd_zenodo_8239058/extracted/crossdocked_fullatom_cond/2v3r-A-rec-1dy4-snp-lig-tt-docked-1-pocket10_2v3r-A-rec-1dy4-snp-lig-tt-docked-1_gen.sdf,3392,100
2z3h,A,2z3h-A-rec-1wn6-bst-lig-tt-docked-3-pocket10_2z3h-A-rec-1wn6-bst-lig-tt-docked-3,/home/test/wsk/public_generators/diffsbdd_zenodo_8239058/extracted/crossdocked_fullatom_cond/2z3h-A-rec-1wn6-bst-lig-tt-docked-3-pocket10_2z3h-A-rec-1wn6-bst-lig-tt-docked-3_gen.sdf,916,100
2zen,A,2zen-A-rec-2afx-1bn-lig-tt-docked-7-pocket10_2zen-A-rec-2afx-1bn-lig-tt-docked-7,/home/test/wsk/public_generators/diffsbdd_zenodo_8239058/extracted/crossdocked_fullatom_cond/2zen-A-rec-2afx-1bn-lig-tt-docked-7-pocket10_2zen-A-rec-2afx-1bn-lig-tt-docked-7_gen.sdf,2607,100
3chc,B,3chc-B-rec-3ch9-xrg-lig-tt-min-0-pocket10_3chc-B-rec-3ch9-xrg-lig-tt-min-0,/home/test/wsk/public_generators/diffsbdd_zenodo_8239058/extracted/crossdocked_fullatom_cond/3chc-B-rec-3ch9-xrg-lig-tt-min-0-pocket10_3chc-B-rec-3ch9-xrg-lig-tt-min-0_gen.sdf,3079,100
3af2,A,3af2-A-rec-3af4-gcp-lig-tt-min-0-pocket10_3af2-A-rec-3af4-gcp-lig-tt-min-0,/home/test/wsk/public_generators/diffsbdd_zenodo_8239058/extracted/crossdocked_fullatom_cond/3af2-A-rec-3af4-gcp-lig-tt-min-0-pocket10_3af2-A-rec-3af4-gcp-lig-tt-min-0_gen.sdf,2467,100
3b6h,A,3b6h-A-rec-3b6h-mxd-lig-tt-min-0-pocket10_3b6h-A-rec-3b6h-mxd-lig-tt-min-0,/home/test/wsk/public_generators/diffsbdd_zenodo_8239058/extracted/crossdocked_fullatom_cond/3b6h-A-rec-3b6h-mxd-lig-tt-min-0-pocket10_3b6h-A-rec-3b6h-mxd-lig-tt-min-0_gen.sdf,3812,100
3dzh,A,3dzh-A-rec-3u4i-cvr-lig-tt-docked-0-pocket10_3dzh-A-rec-3u4i-cvr-lig-tt-docked-0,/home/test/wsk/public_generators/diffsbdd_zenodo_8239058/extracted/crossdocked_fullatom_cond/3dzh-A-rec-3u4i-cvr-lig-tt-docked-0-pocket10_3dzh-A-rec-3u4i-cvr-lig-tt-docked-0_gen.sdf,2050,100
3daf,A,3daf-A-rec-3daf-feg-lig-tt-docked-0-pocket10_3daf-A-rec-3daf-feg-lig-tt-docked-0,/home/test/wsk/public_generators/diffsbdd_zenodo_8239058/extracted/crossdocked_fullatom_cond/3daf-A-rec-3daf-feg-lig-tt-docked-0-pocket10_3daf-A-rec-3daf-feg-lig-tt-docked-0_gen.sdf,2614,100
3ej8,A,3ej8-A-rec-2nsi-itu-lig-tt-min-0-pocket10_3ej8-A-rec-2nsi-itu-lig-tt-min-0,/home/test/wsk/public_generators/diffsbdd_zenodo_8239058/extracted/crossdocked_fullatom_cond/3ej8-A-rec-2nsi-itu-lig-tt-min-0-pocket10_3ej8-A-rec-2nsi-itu-lig-tt-min-0_gen.sdf,3416,100
3g51,A,3g51-A-rec-3g51-anp-lig-tt-min-0-pocket10_3g51-A-rec-3g51-anp-lig-tt-min-0,/home/test/wsk/public_generators/diffsbdd_zenodo_8239058/extracted/crossdocked_fullatom_cond/3g51-A-rec-3g51-anp-lig-tt-min-0-pocket10_3g51-A-rec-3g51-anp-lig-tt-min-0_gen.sdf,2270,100
3gs6,A,3gs6-A-rec-2oxn-oan-lig-tt-docked-4-pocket10_3gs6-A-rec-2oxn-oan-lig-tt-docked-4,/home/test/wsk/public_generators/diffsbdd_zenodo_8239058/extracted/crossdocked_fullatom_cond/3gs6-A-rec-2oxn-oan-lig-tt-docked-4-pocket10_3gs6-A-rec-2oxn-oan-lig-tt-docked-4_gen.sdf,2499,100
3hy9,B,3hy9-B-rec-3hyg-099-lig-tt-min-0-pocket10_3hy9-B-rec-3hyg-099-lig-tt-min-0,/home/test/wsk/public_generators/diffsbdd_zenodo_8239058/extracted/crossdocked_fullatom_cond/3hy9-B-rec-3hyg-099-lig-tt-min-0-pocket10_3hy9-B-rec-3hyg-099-lig-tt-min-0_gen.sdf,1682,100
3kc1,A,3kc1-A-rec-3kc1-2t6-lig-tt-min-0-pocket10_3kc1-A-rec-3kc1-2t6-lig-tt-min-0,/home/test/wsk/public_generators/diffsbdd_zenodo_8239058/extracted/crossdocked_fullatom_cond/3kc1-A-rec-3kc1-2t6-lig-tt-min-0-pocket10_3kc1-A-rec-3kc1-2t6-lig-tt-min-0_gen.sdf,2441,100
3jyh,A,3jyh-A-rec-3n0t-opy-lig-tt-min-0-pocket10_3jyh-A-rec-3n0t-opy-lig-tt-min-0,/home/test/wsk/public_generators/diffsbdd_zenodo_8239058/extracted/crossdocked_fullatom_cond/3jyh-A-rec-3n0t-opy-lig-tt-min-0-pocket10_3jyh-A-rec-3n0t-opy-lig-tt-min-0_gen.sdf,3472,100
3l3n,A,3l3n-A-rec-2iux-nxa-lig-tt-docked-2-pocket10_3l3n-A-rec-2iux-nxa-lig-tt-docked-2,/home/test/wsk/public_generators/diffsbdd_zenodo_8239058/extracted/crossdocked_fullatom_cond/3l3n-A-rec-2iux-nxa-lig-tt-docked-2-pocket10_3l3n-A-rec-2iux-nxa-lig-tt-docked-2_gen.sdf,4689,100
3li4,A,3li4-A-rec-2gvv-di9-lig-tt-min-0-pocket10_3li4-A-rec-2gvv-di9-lig-tt-min-0,/home/test/wsk/public_generators/diffsbdd_zenodo_8239058/extracted/crossdocked_fullatom_cond/3li4-A-rec-2gvv-di9-lig-tt-min-0-pocket10_3li4-A-rec-2gvv-di9-lig-tt-min-0_gen.sdf,2451,100
3nfb,A,3nfb-A-rec-3nfb-oae-lig-tt-docked-2-pocket10_3nfb-A-rec-3nfb-oae-lig-tt-docked-2,/home/test/wsk/public_generators/diffsbdd_zenodo_8239058/extracted/crossdocked_fullatom_cond/3nfb-A-rec-3nfb-oae-lig-tt-docked-2-pocket10_3nfb-A-rec-3nfb-oae-lig-tt-docked-2_gen.sdf,2704,100
3pdh,A,3pdh-A-rec-4buz-ocz-lig-tt-min-0-pocket10_3pdh-A-rec-4buz-ocz-lig-tt-min-0,/home/test/wsk/public_generators/diffsbdd_zenodo_8239058/extracted/crossdocked_fullatom_cond/3pdh-A-rec-4buz-ocz-lig-tt-min-0-pocket10_3pdh-A-rec-4buz-ocz-lig-tt-min-0_gen.sdf,1928,100
3pnm,A,3pnm-A-rec-3pnq-2ha-lig-tt-docked-10-pocket10_3pnm-A-rec-3pnq-2ha-lig-tt-docked-10,/home/test/wsk/public_generators/diffsbdd_zenodo_8239058/extracted/crossdocked_fullatom_cond/3pnm-A-rec-3pnq-2ha-lig-tt-docked-10-pocket10_3pnm-A-rec-3pnq-2ha-lig-tt-docked-10_gen.sdf,2568,100
3o96,A,3o96-A-rec-3o96-iqo-lig-tt-docked-2-pocket10_3o96-A-rec-3o96-iqo-lig-tt-docked-2,/home/test/wsk/public_generators/diffsbdd_zenodo_8239058/extracted/crossdocked_fullatom_cond/3o96-A-rec-3o96-iqo-lig-tt-docked-2-pocket10_3o96-A-rec-3o96-iqo-lig-tt-docked-2_gen.sdf,3031,100
3tym,A,3tym-A-rec-3n5v-xfh-lig-tt-min-0-pocket10_3tym-A-rec-3n5v-xfh-lig-tt-min-0,/home/test/wsk/public_generators/diffsbdd_zenodo_8239058/extracted/crossdocked_fullatom_cond/3tym-A-rec-3n5v-xfh-lig-tt-min-0-pocket10_3tym-A-rec-3n5v-xfh-lig-tt-min-0_gen.sdf,3319,100
3u9f,C,3u9f-C-rec-3u9f-clm-lig-tt-min-0-pocket10_3u9f-C-rec-3u9f-clm-lig-tt-min-0,/home/test/wsk/public_generators/diffsbdd_zenodo_8239058/extracted/crossdocked_fullatom_cond/3u9f-C-rec-3u9f-clm-lig-tt-min-0-pocket10_3u9f-C-rec-3u9f-clm-lig-tt-min-0_gen.sdf,1784,100
3u5y,B,3u5y-B-rec-3u57-dh8-lig-tt-min-0-pocket10_3u5y-B-rec-3u57-dh8-lig-tt-min-0,/home/test/wsk/public_generators/diffsbdd_zenodo_8239058/extracted/crossdocked_fullatom_cond/3u5y-B-rec-3u57-dh8-lig-tt-min-0-pocket10_3u5y-B-rec-3u57-dh8-lig-tt-min-0_gen.sdf,3772,100
3v4t,A,3v4t-A-rec-4e7f-udp-lig-tt-min-0-pocket10_3v4t-A-rec-4e7f-udp-lig-tt-min-0,/home/test/wsk/public_generators/diffsbdd_zenodo_8239058/extracted/crossdocked_fullatom_cond/3v4t-A-rec-4e7f-udp-lig-tt-min-0-pocket10_3v4t-A-rec-4e7f-udp-lig-tt-min-0_gen.sdf,3136,100
3w83,B,3w83-B-rec-2e6d-fum-lig-tt-min-0-pocket10_3w83-B-rec-2e6d-fum-lig-tt-min-0,/home/test/wsk/public_generators/diffsbdd_zenodo_8239058/extracted/crossdocked_fullatom_cond/3w83-B-rec-2e6d-fum-lig-tt-min-0-pocket10_3w83-B-rec-2e6d-fum-lig-tt-min-0_gen.sdf,2388,100
4aua,A,4aua-A-rec-4aua-4au-lig-it2-tt-docked-7-pocket10_4aua-A-rec-4aua-4au-lig-it2-tt-docked-7,/home/test/wsk/public_generators/diffsbdd_zenodo_8239058/extracted/crossdocked_fullatom_cond/4aua-A-rec-4aua-4au-lig-it2-tt-docked-7-pocket10_4aua-A-rec-4aua-4au-lig-it2-tt-docked-7_gen.sdf,2048,100
4aaw,A,4aaw-A-rec-4ac3-r83-lig-tt-min-0-pocket10_4aaw-A-rec-4ac3-r83-lig-tt-min-0,/home/test/wsk/public_generators/diffsbdd_zenodo_8239058/extracted/crossdocked_fullatom_cond/4aaw-A-rec-4ac3-r83-lig-tt-min-0-pocket10_4aaw-A-rec-4ac3-r83-lig-tt-min-0_gen.sdf,3442,100
4azf,A,4azf-A-rec-5lxc-7aa-lig-tt-min-0-pocket10_4azf-A-rec-5lxc-7aa-lig-tt-min-0,/home/test/wsk/public_generators/diffsbdd_zenodo_8239058/extracted/crossdocked_fullatom_cond/4azf-A-rec-5lxc-7aa-lig-tt-min-0-pocket10_4azf-A-rec-5lxc-7aa-lig-tt-min-0_gen.sdf,3192,100
4bel,A,4bel-A-rec-2ewy-dbo-lig-tt-min-0-pocket10_4bel-A-rec-2ewy-dbo-lig-tt-min-0,/home/test/wsk/public_generators/diffsbdd_zenodo_8239058/extracted/crossdocked_fullatom_cond/4bel-A-rec-2ewy-dbo-lig-tt-min-0-pocket10_4bel-A-rec-2ewy-dbo-lig-tt-min-0_gen.sdf,2821,100
4d7o,A,4d7o-A-rec-3n5z-xfm-lig-tt-min-0-pocket10_4d7o-A-rec-3n5z-xfm-lig-tt-min-0,/home/test/wsk/public_generators/diffsbdd_zenodo_8239058/extracted/crossdocked_fullatom_cond/4d7o-A-rec-3n5z-xfm-lig-tt-min-0-pocket10_4d7o-A-rec-3n5z-xfm-lig-tt-min-0_gen.sdf,3323,100
4f1m,A,4f1m-A-rec-4f1m-acp-lig-tt-min-0-pocket10_4f1m-A-rec-4f1m-acp-lig-tt-min-0,/home/test/wsk/public_generators/diffsbdd_zenodo_8239058/extracted/crossdocked_fullatom_cond/4f1m-A-rec-4f1m-acp-lig-tt-min-0-pocket10_4f1m-A-rec-4f1m-acp-lig-tt-min-0_gen.sdf,2224,100
4g3d,B,4g3d-B-rec-4idv-13v-lig-tt-min-0-pocket10_4g3d-B-rec-4idv-13v-lig-tt-min-0,/home/test/wsk/public_generators/diffsbdd_zenodo_8239058/extracted/crossdocked_fullatom_cond/4g3d-B-rec-4idv-13v-lig-tt-min-0-pocket10_4g3d-B-rec-4idv-13v-lig-tt-min-0_gen.sdf,2443,100
4gvd,A,4gvd-A-rec-4nxr-ans-lig-tt-min-0-pocket10_4gvd-A-rec-4nxr-ans-lig-tt-min-0,/home/test/wsk/public_generators/diffsbdd_zenodo_8239058/extracted/crossdocked_fullatom_cond/4gvd-A-rec-4nxr-ans-lig-tt-min-0-pocket10_4gvd-A-rec-4nxr-ans-lig-tt-min-0_gen.sdf,639,100
4h3c,A,4h3c-A-rec-5cqj-53q-lig-tt-docked-2-pocket10_4h3c-A-rec-5cqj-53q-lig-tt-docked-2,/home/test/wsk/public_generators/diffsbdd_zenodo_8239058/extracted/crossdocked_fullatom_cond/4h3c-A-rec-5cqj-53q-lig-tt-docked-2-pocket10_4h3c-A-rec-5cqj-53q-lig-tt-docked-2_gen.sdf,1629,100
4iiy,A,4iiy-A-rec-3tle-gsu-lig-tt-docked-12-pocket10_4iiy-A-rec-3tle-gsu-lig-tt-docked-12,/home/test/wsk/public_generators/diffsbdd_zenodo_8239058/extracted/crossdocked_fullatom_cond/4iiy-A-rec-3tle-gsu-lig-tt-docked-12-pocket10_4iiy-A-rec-3tle-gsu-lig-tt-docked-12_gen.sdf,2680,100
4iwq,A,4iwq-A-rec-4jlc-su6-lig-tt-min-0-pocket10_4iwq-A-rec-4jlc-su6-lig-tt-min-0,/home/test/wsk/public_generators/diffsbdd_zenodo_8239058/extracted/crossdocked_fullatom_cond/4iwq-A-rec-4jlc-su6-lig-tt-min-0-pocket10_4iwq-A-rec-4jlc-su6-lig-tt-min-0_gen.sdf,5052,100
4keu,A,4keu-A-rec-4ket-pg4-lig-tt-min-0-pocket10_4keu-A-rec-4ket-pg4-lig-tt-min-0,/home/test/wsk/public_generators/diffsbdd_zenodo_8239058/extracted/crossdocked_fullatom_cond/4keu-A-rec-4ket-pg4-lig-tt-min-0-pocket10_4keu-A-rec-4ket-pg4-lig-tt-min-0_gen.sdf,2536,100
4ja8,B,4ja8-B-rec-4ja8-1k9-lig-tt-docked-0-pocket10_4ja8-B-rec-4ja8-1k9-lig-tt-docked-0,/home/test/wsk/public_generators/diffsbdd_zenodo_8239058/extracted/crossdocked_fullatom_cond/4ja8-B-rec-4ja8-1k9-lig-tt-docked-0-pocket10_4ja8-B-rec-4ja8-1k9-lig-tt-docked-0_gen.sdf,3269,100
4kcq,A,4kcq-A-rec-4cwv-hw8-lig-tt-min-0-pocket10_4kcq-A-rec-4cwv-hw8-lig-tt-min-0,/home/test/wsk/public_generators/diffsbdd_zenodo_8239058/extracted/crossdocked_fullatom_cond/4kcq-A-rec-4cwv-hw8-lig-tt-min-0-pocket10_4kcq-A-rec-4cwv-hw8-lig-tt-min-0_gen.sdf,3214,100
4lfu,A,4lfu-A-rec-4y13-480-lig-tt-min-0-pocket10_4lfu-A-rec-4y13-480-lig-tt-min-0,/home/test/wsk/public_generators/diffsbdd_zenodo_8239058/extracted/crossdocked_fullatom_cond/4lfu-A-rec-4y13-480-lig-tt-min-0-pocket10_4lfu-A-rec-4y13-480-lig-tt-min-0_gen.sdf,1941,100
4m7t,A,4m7t-A-rec-4m7t-sam-lig-tt-min-0-pocket10_4m7t-A-rec-4m7t-sam-lig-tt-min-0,/home/test/wsk/public_generators/diffsbdd_zenodo_8239058/extracted/crossdocked_fullatom_cond/4m7t-A-rec-4m7t-sam-lig-tt-min-0-pocket10_4m7t-A-rec-4m7t-sam-lig-tt-min-0_gen.sdf,1952,100
4p6p,A,4p6p-A-rec-4p77-5rp-lig-tt-docked-0-pocket10_4p6p-A-rec-4p77-5rp-lig-tt-docked-0,/home/test/wsk/public_generators/diffsbdd_zenodo_8239058/extracted/crossdocked_fullatom_cond/4p6p-A-rec-4p77-5rp-lig-tt-docked-0-pocket10_4p6p-A-rec-4p77-5rp-lig-tt-docked-0_gen.sdf,1644,100
4pxz,A,4pxz-A-rec-4pxz-6ad-lig-tt-min-0-pocket10_4pxz-A-rec-4pxz-6ad-lig-tt-min-0,/home/test/wsk/public_generators/diffsbdd_zenodo_8239058/extracted/crossdocked_fullatom_cond/4pxz-A-rec-4pxz-6ad-lig-tt-min-0-pocket10_4pxz-A-rec-4pxz-6ad-lig-tt-min-0_gen.sdf,3140,100
4q8b,B,4q8b-B-rec-4q8b-sxx-lig-tt-min-0-pocket10_4q8b-B-rec-4q8b-sxx-lig-tt-min-0,/home/test/wsk/public_generators/diffsbdd_zenodo_8239058/extracted/crossdocked_fullatom_cond/4q8b-B-rec-4q8b-sxx-lig-tt-min-0-pocket10_4q8b-B-rec-4q8b-sxx-lig-tt-min-0_gen.sdf,4020,100
4rn0,B,4rn0-B-rec-4rn1-l8g-lig-tt-min-0-pocket10_4rn0-B-rec-4rn1-l8g-lig-tt-min-0,/home/test/wsk/public_generators/diffsbdd_zenodo_8239058/extracted/crossdocked_fullatom_cond/4rn0-B-rec-4rn1-l8g-lig-tt-min-0-pocket10_4rn0-B-rec-4rn1-l8g-lig-tt-min-0_gen.sdf,2859,100
4rlu,A,4rlu-A-rec-4rlu-hcc-lig-tt-min-0-pocket10_4rlu-A-rec-4rlu-hcc-lig-tt-min-0,/home/test/wsk/public_generators/diffsbdd_zenodo_8239058/extracted/crossdocked_fullatom_cond/4rlu-A-rec-4rlu-hcc-lig-tt-min-0-pocket10_4rlu-A-rec-4rlu-hcc-lig-tt-min-0_gen.sdf,1214,100
4rv4,A,4rv4-A-rec-4rv4-prp-lig-tt-docked-2-pocket10_4rv4-A-rec-4rv4-prp-lig-tt-docked-2,/home/test/wsk/public_generators/diffsbdd_zenodo_8239058/extracted/crossdocked_fullatom_cond/4rv4-A-rec-4rv4-prp-lig-tt-docked-2-pocket10_4rv4-A-rec-4rv4-prp-lig-tt-docked-2_gen.sdf,1563,100
4qlk,A,4qlk-A-rec-4qlk-ctt-lig-tt-docked-0-pocket10_4qlk-A-rec-4qlk-ctt-lig-tt-docked-0,/home/test/wsk/public_generators/diffsbdd_zenodo_8239058/extracted/crossdocked_fullatom_cond/4qlk-A-rec-4qlk-ctt-lig-tt-docked-0-pocket10_4qlk-A-rec-4qlk-ctt-lig-tt-docked-0_gen.sdf,3802,100
4tos,A,4tos-A-rec-4tos-355-lig-tt-min-0-pocket10_4tos-A-rec-4tos-355-lig-tt-min-0,/home/test/wsk/public_generators/diffsbdd_zenodo_8239058/extracted/crossdocked_fullatom_cond/4tos-A-rec-4tos-355-lig-tt-min-0-pocket10_4tos-A-rec-4tos-355-lig-tt-min-0_gen.sdf,1663,100
4tqr,A,4tqr-A-rec-2xca-doc-lig-tt-min-0-pocket10_4tqr-A-rec-2xca-doc-lig-tt-min-0,/home/test/wsk/public_generators/diffsbdd_zenodo_8239058/extracted/crossdocked_fullatom_cond/4tqr-A-rec-2xca-doc-lig-tt-min-0-pocket10_4tqr-A-rec-2xca-doc-lig-tt-min-0_gen.sdf,2658,100
4u5s,A,4u5s-A-rec-4u54-3c5-lig-tt-min-0-pocket10_4u5s-A-rec-4u54-3c5-lig-tt-min-0,/home/test/wsk/public_generators/diffsbdd_zenodo_8239058/extracted/crossdocked_fullatom_cond/4u5s-A-rec-4u54-3c5-lig-tt-min-0-pocket10_4u5s-A-rec-4u54-3c5-lig-tt-min-0_gen.sdf,3254,100
4xli,B,4xli-B-rec-4xli-1n1-lig-tt-min-0-pocket10_4xli-B-rec-4xli-1n1-lig-tt-min-0,/home/test/wsk/public_generators/diffsbdd_zenodo_8239058/extracted/crossdocked_fullatom_cond/4xli-B-rec-4xli-1n1-lig-tt-min-0-pocket10_4xli-B-rec-4xli-1n1-lig-tt-min-0_gen.sdf,2131,100
4yhj,A,4yhj-A-rec-4yhj-an2-lig-tt-min-0-pocket10_4yhj-A-rec-4yhj-an2-lig-tt-min-0,/home/test/wsk/public_generators/diffsbdd_zenodo_8239058/extracted/crossdocked_fullatom_cond/4yhj-A-rec-4yhj-an2-lig-tt-min-0-pocket10_4yhj-A-rec-4yhj-an2-lig-tt-min-0_gen.sdf,4067,100
4z2g,A,4z2g-A-rec-4z2g-m6v-lig-tt-docked-16-pocket10_4z2g-A-rec-4z2g-m6v-lig-tt-docked-16,/home/test/wsk/public_generators/diffsbdd_zenodo_8239058/extracted/crossdocked_fullatom_cond/4z2g-A-rec-4z2g-m6v-lig-tt-docked-16-pocket10_4z2g-A-rec-4z2g-m6v-lig-tt-docked-16_gen.sdf,3913,100
5aeh,A,5aeh-A-rec-5aeh-8ir-lig-tt-docked-0-pocket10_5aeh-A-rec-5aeh-8ir-lig-tt-docked-0,/home/test/wsk/public_generators/diffsbdd_zenodo_8239058/extracted/crossdocked_fullatom_cond/5aeh-A-rec-5aeh-8ir-lig-tt-docked-0-pocket10_5aeh-A-rec-5aeh-8ir-lig-tt-docked-0_gen.sdf,1679,100
4zfa,A,4zfa-A-rec-1smj-pam-lig-tt-min-0-pocket10_4zfa-A-rec-1smj-pam-lig-tt-min-0,/home/test/wsk/public_generators/diffsbdd_zenodo_8239058/extracted/crossdocked_fullatom_cond/4zfa-A-rec-1smj-pam-lig-tt-min-0-pocket10_4zfa-A-rec-1smj-pam-lig-tt-min-0_gen.sdf,3699,100
5b08,A,5b08-A-rec-5b09-4mx-lig-tt-min-0-pocket10_5b08-A-rec-5b09-4mx-lig-tt-min-0,/home/test/wsk/public_generators/diffsbdd_zenodo_8239058/extracted/crossdocked_fullatom_cond/5b08-A-rec-5b09-4mx-lig-tt-min-0-pocket10_5b08-A-rec-5b09-4mx-lig-tt-min-0_gen.sdf,855,100
5bur,A,5bur-A-rec-5x8f-amp-lig-tt-docked-7-pocket10_5bur-A-rec-5x8f-amp-lig-tt-docked-7,/home/test/wsk/public_generators/diffsbdd_zenodo_8239058/extracted/crossdocked_fullatom_cond/5bur-A-rec-5x8f-amp-lig-tt-docked-7-pocket10_5bur-A-rec-5x8f-amp-lig-tt-docked-7_gen.sdf,3514,100
5d7n,D,5d7n-D-rec-4jt9-1ns-lig-tt-min-0-pocket10_5d7n-D-rec-4jt9-1ns-lig-tt-min-0,/home/test/wsk/public_generators/diffsbdd_zenodo_8239058/extracted/crossdocked_fullatom_cond/5d7n-D-rec-4jt9-1ns-lig-tt-min-0-pocket10_5d7n-D-rec-4jt9-1ns-lig-tt-min-0_gen.sdf,2157,100
5mgl,A,5mgl-A-rec-5mgl-7mu-lig-tt-min-0-pocket10_5mgl-A-rec-5mgl-7mu-lig-tt-min-0,/home/test/wsk/public_generators/diffsbdd_zenodo_8239058/extracted/crossdocked_fullatom_cond/5mgl-A-rec-5mgl-7mu-lig-tt-min-0-pocket10_5mgl-A-rec-5mgl-7mu-lig-tt-min-0_gen.sdf,834,100
5i0b,A,5i0b-A-rec-5vef-m77-lig-tt-min-0-pocket10_5i0b-A-rec-5vef-m77-lig-tt-min-0,/home/test/wsk/public_generators/diffsbdd_zenodo_8239058/extracted/crossdocked_fullatom_cond/5i0b-A-rec-5vef-m77-lig-tt-min-0-pocket10_5i0b-A-rec-5vef-m77-lig-tt-min-0_gen.sdf,2279,100
5l1v,A,5l1v-A-rec-5l1v-7pf-lig-tt-docked-0-pocket10_5l1v-A-rec-5l1v-7pf-lig-tt-docked-0,/home/test/wsk/public_generators/diffsbdd_zenodo_8239058/extracted/crossdocked_fullatom_cond/5l1v-A-rec-5l1v-7pf-lig-tt-docked-0-pocket10_5l1v-A-rec-5l1v-7pf-lig-tt-docked-0_gen.sdf,3119,100
5ngz,A,5ngz-A-rec-5ngz-2bg-lig-tt-min-0-pocket10_5ngz-A-rec-5ngz-2bg-lig-tt-min-0,/home/test/wsk/public_generators/diffsbdd_zenodo_8239058/extracted/crossdocked_fullatom_cond/5ngz-A-rec-5ngz-2bg-lig-tt-min-0-pocket10_5ngz-A-rec-5ngz-2bg-lig-tt-min-0_gen.sdf,1217,100
5mma,A,5mma-A-rec-4ztf-x2p-lig-tt-min-0-pocket10_5mma-A-rec-4ztf-x2p-lig-tt-min-0,/home/test/wsk/public_generators/diffsbdd_zenodo_8239058/extracted/crossdocked_fullatom_cond/5mma-A-rec-4ztf-x2p-lig-tt-min-0-pocket10_5mma-A-rec-4ztf-x2p-lig-tt-min-0_gen.sdf,2940,100
5liu,X,5liu-X-rec-4gq0-qap-lig-tt-min-0-pocket10_5liu-X-rec-4gq0-qap-lig-tt-min-0,/home/test/wsk/public_generators/diffsbdd_zenodo_8239058/extracted/crossdocked_fullatom_cond/5liu-X-rec-4gq0-qap-lig-tt-min-0-pocket10_5liu-X-rec-4gq0-qap-lig-tt-min-0_gen.sdf,2451,100
5q0k,A,5q0k-A-rec-5q0q-9ld-lig-tt-docked-0-pocket10_5q0k-A-rec-5q0q-9ld-lig-tt-docked-0,/home/test/wsk/public_generators/diffsbdd_zenodo_8239058/extracted/crossdocked_fullatom_cond/5q0k-A-rec-5q0q-9ld-lig-tt-docked-0-pocket10_5q0k-A-rec-5q0q-9ld-lig-tt-docked-0_gen.sdf,1840,100
5tjn,A,5tjn-A-rec-1zj1-nlc-lig-tt-docked-4-pocket10_5tjn-A-rec-1zj1-nlc-lig-tt-docked-4,/home/test/wsk/public_generators/diffsbdd_zenodo_8239058/extracted/crossdocked_fullatom_cond/5tjn-A-rec-1zj1-nlc-lig-tt-docked-4-pocket10_5tjn-A-rec-1zj1-nlc-lig-tt-docked-4_gen.sdf,2290,100
5w2g,A,5w2g-A-rec-5w2i-adp-lig-tt-min-0-pocket10_5w2g-A-rec-5w2i-adp-lig-tt-min-0,/home/test/wsk/public_generators/diffsbdd_zenodo_8239058/extracted/crossdocked_fullatom_cond/5w2g-A-rec-5w2i-adp-lig-tt-min-0-pocket10_5w2g-A-rec-5w2i-adp-lig-tt-min-0_gen.sdf,2034,100
