pdb_id,chain_id,pocket_id,n_candidates,sanitize_rate,reliable_proxy_rate,chemical_failure_proxy_rate,geometric_failure_proxy_rate,pocket_failure_proxy_rate,clash_failure_proxy_rate,median_qed,median_sa_proxy,median_min_dist_to_receptor,median_receptor_contacts_4p5,receptor_atoms,coordinate_mismatch,high_clash_alignment,usable_public_pdb_alignment,alignment_status
14gs,A,14gs-A-rec-20gs-cbd-lig-tt-min-0-pocket10_14gs-A-rec-20gs-cbd-lig-tt-min-0,100,1.0,0.01,0.01,0.02,0.0,0.99,0.5403102931142338,3.42946391790277,0.5800439119338989,17.0,1527,False,True,False,high_clash_alignment
1d7j,A,1d7j-A-rec-1tco-fk5-lig-tt-docked-0-pocket10_1d7j-A-rec-1tco-fk5-lig-tt-docked-0,100,1.0,0.0,0.0,0.02,1.0,0.0,0.5009081183765358,4.32606123848921,42.77555465698242,0.0,832,True,False,False,coordinate_mismatch
1dxo,C,1dxo-C-rec-1gg5-e09-lig-tt-min-0-pocket10_1dxo-C-rec-1gg5-e09-lig-tt-min-0,100,1.0,0.0,0.01,0.01,1.0,0.0,0.5927821071020056,3.214175837087048,31.063127517700195,0.0,2173,True,False,False,coordinate_mismatch
1a2g,A,1a2g-A-rec-4jmv-1ly-lig-tt-min-0-pocket10_1a2g-A-rec-4jmv-1ly-lig-tt-min-0,100,1.0,0.0,0.0,0.0,1.0,0.0,0.5735621067235408,3.299290240565245,92.97182846069336,0.0,2352,True,False,False,coordinate_mismatch
1djy,A,1djy-A-rec-1djz-ip2-lig-tt-min-0-pocket10_1djy-A-rec-1djz-ip2-lig-tt-min-0,100,1.0,0.0,0.0,0.01,1.0,0.0,0.35263263982131016,3.9936951324368413,30.904802322387695,0.0,4057,True,False,False,coordinate_mismatch
1ai4,A,1ai4-A-rec-1ai5-mnp-lig-tt-docked-0-pocket10_1ai4-A-rec-1ai5-mnp-lig-tt-docked-0,100,1.0,0.03,0.0,0.04,0.97,0.0,0.606372303349833,3.966222390999266,6.894587755203247,0.0,1656,False,False,False,ambiguous
1afs,A,1afs-A-rec-1afs-tes-lig-tt-min-0-pocket10_1afs-A-rec-1afs-tes-lig-tt-min-0,100,1.0,0.98,0.0,0.01,0.0,0.0,0.6088393207014631,3.834668256522333,2.854214072227478,19.0,2581,False,False,True,usable_public_pdb_alignment
1coy,A,1coy-A-rec-1coy-and-lig-tt-docked-0-pocket10_1coy-A-rec-1coy-and-lig-tt-docked-0,100,1.0,1.0,0.0,0.0,0.0,0.0,0.5269168187285436,4.099037540543817,2.6348884105682373,25.0,3771,False,False,True,usable_public_pdb_alignment
1jn2,P,1jn2-P-rec-1val-png-lig-tt-docked-11-pocket10_1jn2-P-rec-1val-png-lig-tt-docked-11,100,1.0,0.0,0.01,0.0,1.0,0.0,0.3658646346940899,3.448074322460555,76.43212127685547,0.0,1809,True,False,False,coordinate_mismatch
1gg5,A,1gg5-A-rec-1kbo-340-lig-tt-min-0-pocket10_1gg5-A-rec-1kbo-340-lig-tt-min-0,100,1.0,0.88,0.0,0.0,0.11,0.01,0.5481164057771828,3.8689922415349836,3.2171701192855835,3.0,2173,False,False,True,usable_public_pdb_alignment
1fmc,B,1fmc-B-rec-1fmc-cho-lig-tt-docked-1-pocket10_1fmc-B-rec-1fmc-cho-lig-tt-docked-1,100,1.0,0.99,0.0,0.0,0.0,0.01,0.565961544274576,4.064077181666191,2.69514799118042,25.0,1876,False,False,True,usable_public_pdb_alignment
1k9t,A,1k9t-A-rec-2wlz-dio-lig-tt-min-0-pocket10_1k9t-A-rec-2wlz-dio-lig-tt-min-0,100,1.0,0.92,0.0,0.04,0.01,0.04,0.5340933902078883,3.6049234277267996,2.228333353996277,12.0,4157,False,False,True,usable_public_pdb_alignment
1h0i,A,1h0i-A-rec-1e6z-ngo-lig-it2-tt-docked-15-pocket10_1h0i-A-rec-1e6z-ngo-lig-it2-tt-docked-15,100,1.0,0.0,0.0,0.03,1.0,0.0,0.3819044690635179,4.106102468546215,125.80989074707031,0.0,3912,True,False,False,coordinate_mismatch
1l3l,A,1l3l-A-rec-1l3l-lae-lig-tt-min-0-pocket10_1l3l-A-rec-1l3l-lae-lig-tt-min-0,100,1.0,0.78,0.0,0.04,0.0,0.16,0.42897719442580984,4.801546964318575,1.8820675611495972,32.0,1807,False,False,True,usable_public_pdb_alignment
1e8h,A,1e8h-A-rec-1e8h-adp-lig-tt-min-0-pocket10_1e8h-A-rec-1e8h-adp-lig-tt-min-0,100,1.0,0.93,0.0,0.01,0.0,0.04,0.2170772444005862,4.924372920417476,2.0649518966674805,30.0,4311,False,False,True,usable_public_pdb_alignment
1h36,A,1h36-A-rec-1o79-r23-lig-tt-docked-5-pocket10_1h36-A-rec-1o79-r23-lig-tt-docked-5,100,1.0,0.1,0.0,0.02,0.89,0.0,0.39874227158427283,5.24690528816261,6.04512619972229,0.0,4964,False,False,False,ambiguous
1rs9,A,1rs9-A-rec-1dmk-itu-lig-tt-min-0-pocket10_1rs9-A-rec-1dmk-itu-lig-tt-min-0,100,1.0,0.99,0.0,0.01,0.0,0.0,0.52322593654867,3.4125841585007155,2.757331967353821,17.0,3227,False,False,True,usable_public_pdb_alignment
2azy,A,2azy-A-rec-2azy-chd-lig-tt-docked-0-pocket10_2azy-A-rec-2azy-chd-lig-tt-docked-0,100,1.0,0.15,0.0,0.0,0.85,0.0,0.5800189444872972,4.057390781648756,5.828059673309326,0.0,995,False,False,False,ambiguous
1phk,A,1phk-A-rec-1phk-atp-lig-tt-min-0-pocket10_1phk-A-rec-1phk-atp-lig-tt-min-0,100,1.0,0.98,0.0,0.01,0.0,0.0,0.3170837296210497,4.882430071970102,2.6277852058410645,30.0,2229,False,False,True,usable_public_pdb_alignment
2cy0,A,2cy0-A-rec-2d5c-skm-lig-tt-min-0-pocket10_2cy0-A-rec-2d5c-skm-lig-tt-min-0,100,1.0,0.71,0.0,0.04,0.0,0.26,0.3864344937880203,3.8217171686251756,1.4503523111343384,20.0,1993,False,False,True,usable_public_pdb_alignment
1umd,B,1umd-B-rec-1umb-tdp-lig-tt-docked-1-pocket10_1umd-B-rec-1umb-tdp-lig-tt-docked-1,100,1.0,1.0,0.0,0.0,0.0,0.0,0.24040642559073644,5.106290484885258,2.704717993736267,18.0,2463,False,False,True,usable_public_pdb_alignment
2e6d,A,2e6d-A-rec-2e6d-fum-lig-tt-min-0-pocket10_2e6d-A-rec-2e6d-fum-lig-tt-min-0,100,1.0,0.0,0.0,0.02,1.0,0.0,0.37955913451723167,3.6114175360483562,81.21681213378906,0.0,2379,True,False,False,coordinate_mismatch
2e24,A,2e24-A-rec-1j0n-ceg-lig-tt-docked-14-pocket10_2e24-A-rec-1j0n-ceg-lig-tt-docked-14,100,1.0,0.0,0.0,0.01,1.0,0.0,0.5175957582365807,3.6878264720681138,80.32704162597656,0.0,5689,True,False,False,coordinate_mismatch
1r1h,A,1r1h-A-rec-1r1h-bir-lig-tt-docked-1-pocket10_1r1h-A-rec-1r1h-bir-lig-tt-docked-1,100,1.0,0.0,0.0,0.0,1.0,0.0,0.3694190606624078,4.554437224036997,18.509650230407715,0.0,5595,True,False,False,coordinate_mismatch
2gns,A,2gns-A-rec-4qer-stl-lig-tt-min-0-pocket10_2gns-A-rec-4qer-stl-lig-tt-min-0,100,1.0,0.0,0.04,0.02,1.0,0.0,0.5427378709552226,2.990127354586364,9.878174781799316,0.0,944,False,False,False,ambiguous
2f2c,B,2f2c-B-rec-1xo2-fse-lig-tt-min-0-pocket10_2f2c-B-rec-1xo2-fse-lig-tt-min-0,100,1.0,0.0,0.0,0.01,1.0,0.0,0.6109435762325579,3.5823969994678313,11.533021926879883,0.0,2119,True,False,False,coordinate_mismatch
2hcj,B,2hcj-B-rec-2hcj-gdp-lig-tt-docked-0-pocket10_2hcj-B-rec-2hcj-gdp-lig-tt-docked-0,100,1.0,0.0,0.0,0.0,1.0,0.0,0.442283523964308,3.968341408130161,76.72262573242188,0.0,2653,True,False,False,coordinate_mismatch
2pc8,A,2pc8-A-rec-1eqc-cts-lig-tt-docked-6-pocket10_2pc8-A-rec-1eqc-cts-lig-tt-docked-6,100,1.0,0.0,0.0,0.1,1.0,0.0,0.46233178347434756,4.045583249334653,36.07407188415527,0.0,3232,True,False,False,coordinate_mismatch
2jjg,A,2jjg-A-rec-2jjg-plp-lig-tt-min-0-pocket10_2jjg-A-rec-2jjg-plp-lig-tt-min-0,100,1.0,0.96,0.0,0.01,0.0,0.03,0.3943642013897199,4.225972419021042,2.490823984146118,22.0,3354,False,False,True,usable_public_pdb_alignment
2pqw,A,2pqw-A-rec-2rhy-mlz-lig-tt-min-0-pocket10_2pqw-A-rec-2rhy-mlz-lig-tt-min-0,100,1.0,0.0,0.0,0.0,1.0,0.0,0.6273416809346392,3.2675639775287055,114.63500213623047,0.0,2565,True,False,False,coordinate_mismatch
2rhy,A,2rhy-A-rec-2rhy-mlz-lig-tt-min-0-pocket10_2rhy-A-rec-2rhy-mlz-lig-tt-min-0,100,1.0,0.0,0.0,0.14,1.0,0.0,0.6281666705507899,3.5464640262070923,59.60789680480957,0.0,2544,True,False,False,coordinate_mismatch
2rma,A,2rma-A-rec-3rdd-ea4-lig-tt-docked-0-pocket10_2rma-A-rec-3rdd-ea4-lig-tt-docked-0,100,1.0,0.0,0.0,0.02,1.0,0.0,0.4044671058271044,4.361529734482607,80.80118560791016,0.0,1266,True,False,False,coordinate_mismatch
2v3r,A,2v3r-A-rec-1dy4-snp-lig-tt-docked-1-pocket10_2v3r-A-rec-1dy4-snp-lig-tt-docked-1,100,1.0,0.99,0.0,0.0,0.0,0.0,0.3560610182674191,4.52784813776266,2.4947049617767334,29.0,3392,False,False,True,usable_public_pdb_alignment
2z3h,A,2z3h-A-rec-1wn6-bst-lig-tt-docked-3-pocket10_2z3h-A-rec-1wn6-bst-lig-tt-docked-3,100,1.0,0.9,0.0,0.03,0.0,0.07,0.44413061433048373,4.341723097878199,1.9926207661628723,23.0,916,False,False,True,usable_public_pdb_alignment
2zen,A,2zen-A-rec-2afx-1bn-lig-tt-docked-7-pocket10_2zen-A-rec-2afx-1bn-lig-tt-docked-7,100,1.0,0.0,0.0,0.01,1.0,0.0,0.493152555816558,3.5151896433363583,56.05848693847656,0.0,2607,True,False,False,coordinate_mismatch
3chc,B,3chc-B-rec-3ch9-xrg-lig-tt-min-0-pocket10_3chc-B-rec-3ch9-xrg-lig-tt-min-0,100,1.0,0.0,0.0,0.05,1.0,0.0,0.51252797867358,3.799881206821677,29.694754600524902,0.0,3079,True,False,False,coordinate_mismatch
3af2,A,3af2-A-rec-3af4-gcp-lig-tt-min-0-pocket10_3af2-A-rec-3af4-gcp-lig-tt-min-0,100,1.0,0.0,0.0,0.01,1.0,0.0,0.2403866748397518,4.805986414580936,57.94562911987305,0.0,2467,True,False,False,coordinate_mismatch
3b6h,A,3b6h-A-rec-3b6h-mxd-lig-tt-min-0-pocket10_3b6h-A-rec-3b6h-mxd-lig-tt-min-0,100,1.0,0.99,0.0,0.01,0.0,0.0,0.49414255620893544,3.9549986565481507,2.882270097732544,19.5,3812,False,False,True,usable_public_pdb_alignment
3dzh,A,3dzh-A-rec-3u4i-cvr-lig-tt-docked-0-pocket10_3dzh-A-rec-3u4i-cvr-lig-tt-docked-0,100,1.0,0.78,0.0,0.0,0.0,0.22,0.33557222831249456,4.7619150868124365,1.4125061631202698,29.0,2050,False,False,True,usable_public_pdb_alignment
3daf,A,3daf-A-rec-3daf-feg-lig-tt-docked-0-pocket10_3daf-A-rec-3daf-feg-lig-tt-docked-0,100,1.0,0.93,0.0,0.02,0.0,0.03,0.2524160985751111,5.122318671872049,2.1077715158462524,32.0,2614,False,False,True,usable_public_pdb_alignment
3ej8,A,3ej8-A-rec-2nsi-itu-lig-tt-min-0-pocket10_3ej8-A-rec-2nsi-itu-lig-tt-min-0,100,1.0,0.0,0.0,0.01,1.0,0.0,0.5826220306290473,3.5260240539512715,86.14557647705078,0.0,3416,True,False,False,coordinate_mismatch
3g51,A,3g51-A-rec-3g51-anp-lig-tt-min-0-pocket10_3g51-A-rec-3g51-anp-lig-tt-min-0,100,1.0,0.0,0.0,0.0,1.0,0.0,0.3405572505220076,4.645168093563344,80.09120178222656,0.0,2270,True,False,False,coordinate_mismatch
3gs6,A,3gs6-A-rec-2oxn-oan-lig-tt-docked-4-pocket10_3gs6-A-rec-2oxn-oan-lig-tt-docked-4,100,1.0,0.0,0.0,0.0,0.0,1.0,0.3334531653455875,4.163353581414501,0.48397986590862274,24.5,2499,False,True,False,high_clash_alignment
3hy9,B,3hy9-B-rec-3hyg-099-lig-tt-min-0-pocket10_3hy9-B-rec-3hyg-099-lig-tt-min-0,100,1.0,0.96,0.0,0.01,0.0,0.03,0.4611873874036999,4.047173657218602,2.601753354072571,22.0,1682,False,False,True,usable_public_pdb_alignment
3kc1,A,3kc1-A-rec-3kc1-2t6-lig-tt-min-0-pocket10_3kc1-A-rec-3kc1-2t6-lig-tt-min-0,100,1.0,0.0,0.0,0.0,1.0,0.0,0.5087382490925925,3.597316898727845,9.687076568603516,0.0,2441,False,False,False,ambiguous
3jyh,A,3jyh-A-rec-3n0t-opy-lig-tt-min-0-pocket10_3jyh-A-rec-3n0t-opy-lig-tt-min-0,100,1.0,0.0,0.0,0.01,1.0,0.0,0.5344162301404,3.994398445130048,81.28860855102539,0.0,3472,True,False,False,coordinate_mismatch
3l3n,A,3l3n-A-rec-2iux-nxa-lig-tt-docked-2-pocket10_3l3n-A-rec-2iux-nxa-lig-tt-docked-2,100,1.0,0.0,0.0,0.01,1.0,0.0,0.44450205830587664,3.7453855064420805,69.03075408935547,0.0,4689,True,False,False,coordinate_mismatch
3li4,A,3li4-A-rec-2gvv-di9-lig-tt-min-0-pocket10_3li4-A-rec-2gvv-di9-lig-tt-min-0,100,1.0,0.0,0.0,0.0,1.0,0.0,0.45421753601296055,4.208394567690739,9.27348279953003,0.0,2451,False,False,False,ambiguous
3nfb,A,3nfb-A-rec-3nfb-oae-lig-tt-docked-2-pocket10_3nfb-A-rec-3nfb-oae-lig-tt-docked-2,100,1.0,0.0,0.0,0.0,1.0,0.0,0.5299582475557912,4.008897032235046,11.619009971618652,0.0,2704,True,False,False,coordinate_mismatch
3pdh,A,3pdh-A-rec-4buz-ocz-lig-tt-min-0-pocket10_3pdh-A-rec-4buz-ocz-lig-tt-min-0,100,1.0,0.96,0.0,0.02,0.0,0.01,0.5542179791949866,3.9725828845322546,2.6857151985168457,23.0,1928,False,False,True,usable_public_pdb_alignment
3pnm,A,3pnm-A-rec-3pnq-2ha-lig-tt-docked-10-pocket10_3pnm-A-rec-3pnq-2ha-lig-tt-docked-10,100,1.0,0.0,0.0,0.05,1.0,0.0,0.5187760073350994,3.6257464094896226,34.1078987121582,0.0,2568,True,False,False,coordinate_mismatch
3o96,A,3o96-A-rec-3o96-iqo-lig-tt-docked-2-pocket10_3o96-A-rec-3o96-iqo-lig-tt-docked-2,100,1.0,0.0,0.0,0.02,1.0,0.0,0.373755796925361,5.303541008556261,22.99889087677002,0.0,3031,True,False,False,coordinate_mismatch
3tym,A,3tym-A-rec-3n5v-xfh-lig-tt-min-0-pocket10_3tym-A-rec-3n5v-xfh-lig-tt-min-0,100,1.0,0.99,0.0,0.01,0.0,0.0,0.46873809846222403,4.349195243690296,3.035022497177124,24.0,3319,False,False,True,usable_public_pdb_alignment
3u9f,C,3u9f-C-rec-3u9f-clm-lig-tt-min-0-pocket10_3u9f-C-rec-3u9f-clm-lig-tt-min-0,100,1.0,0.98,0.0,0.01,0.0,0.01,0.5025100797645737,4.346431070519872,2.7405776977539062,24.0,1784,False,False,True,usable_public_pdb_alignment
3u5y,B,3u5y-B-rec-3u57-dh8-lig-tt-min-0-pocket10_3u5y-B-rec-3u57-dh8-lig-tt-min-0,100,1.0,0.0,0.0,0.02,1.0,0.0,0.3926800300633372,4.721491228273315,78.16949844360352,0.0,3772,True,False,False,coordinate_mismatch
3v4t,A,3v4t-A-rec-4e7f-udp-lig-tt-min-0-pocket10_3v4t-A-rec-4e7f-udp-lig-tt-min-0,100,1.0,0.0,0.0,0.0,1.0,0.0,0.33411299401536887,4.2954346071574765,119.97138214111328,0.0,3136,True,False,False,coordinate_mismatch
3w83,B,3w83-B-rec-2e6d-fum-lig-tt-min-0-pocket10_3w83-B-rec-2e6d-fum-lig-tt-min-0,100,1.0,0.0,0.0,0.0,1.0,0.0,0.4217773942856934,3.768791213421481,8.754518032073975,0.0,2388,False,False,False,ambiguous
4aua,A,4aua-A-rec-4aua-4au-lig-it2-tt-docked-7-pocket10_4aua-A-rec-4aua-4au-lig-it2-tt-docked-7,100,1.0,0.0,0.0,0.0,1.0,0.0,0.6054692459722865,3.2663916757222298,24.64345932006836,0.0,2048,True,False,False,coordinate_mismatch
4aaw,A,4aaw-A-rec-4ac3-r83-lig-tt-min-0-pocket10_4aaw-A-rec-4ac3-r83-lig-tt-min-0,100,1.0,0.0,0.0,0.01,1.0,0.0,0.49186414157998826,4.336217680873284,23.22602939605713,0.0,3442,True,False,False,coordinate_mismatch
4azf,A,4azf-A-rec-5lxc-7aa-lig-tt-min-0-pocket10_4azf-A-rec-5lxc-7aa-lig-tt-min-0,100,1.0,0.3,0.0,0.01,0.0,0.7,0.5784387199394918,4.151574350224934,1.0293675065040588,19.0,3192,False,True,False,high_clash_alignment
4bel,A,4bel-A-rec-2ewy-dbo-lig-tt-min-0-pocket10_4bel-A-rec-2ewy-dbo-lig-tt-min-0,100,1.0,0.17,0.0,0.0,0.01,0.82,0.3062310708835953,5.137995418819795,0.6631191372871399,14.0,2821,False,True,False,high_clash_alignment
4d7o,A,4d7o-A-rec-3n5z-xfm-lig-tt-min-0-pocket10_4d7o-A-rec-3n5z-xfm-lig-tt-min-0,100,1.0,1.0,0.0,0.0,0.0,0.0,0.5135804157072021,4.127394300020896,2.781740427017212,22.5,3323,False,False,True,usable_public_pdb_alignment
4f1m,A,4f1m-A-rec-4f1m-acp-lig-tt-min-0-pocket10_4f1m-A-rec-4f1m-acp-lig-tt-min-0,100,1.0,0.0,0.0,0.01,1.0,0.0,0.5674781460426086,4.011112333658706,17.907014846801758,0.0,2224,True,False,False,coordinate_mismatch
4g3d,B,4g3d-B-rec-4idv-13v-lig-tt-min-0-pocket10_4g3d-B-rec-4idv-13v-lig-tt-min-0,100,1.0,0.0,0.0,0.01,1.0,0.0,0.3785459777218897,4.893862091973474,31.776942253112793,0.0,2443,True,False,False,coordinate_mismatch
4gvd,A,4gvd-A-rec-4nxr-ans-lig-tt-min-0-pocket10_4gvd-A-rec-4nxr-ans-lig-tt-min-0,100,1.0,0.0,0.0,0.01,1.0,0.0,0.5346701394060505,3.0088540237440173,6.782799959182739,0.0,639,False,False,False,ambiguous
4h3c,A,4h3c-A-rec-5cqj-53q-lig-tt-docked-2-pocket10_4h3c-A-rec-5cqj-53q-lig-tt-docked-2,100,1.0,0.29,0.0,0.04,0.7,0.01,0.5550456329024945,3.7759302474283967,5.071841478347778,0.0,1629,False,False,False,ambiguous
4iiy,A,4iiy-A-rec-3tle-gsu-lig-tt-docked-12-pocket10_4iiy-A-rec-3tle-gsu-lig-tt-docked-12,100,1.0,0.99,0.0,0.01,0.0,0.0,0.2970452768559788,4.619935506838136,2.7312581539154053,25.5,2680,False,False,True,usable_public_pdb_alignment
4iwq,A,4iwq-A-rec-4jlc-su6-lig-tt-min-0-pocket10_4iwq-A-rec-4jlc-su6-lig-tt-min-0,100,1.0,0.99,0.0,0.01,0.0,0.0,0.5844501363520098,3.7824293606639263,2.825701117515564,23.0,5052,False,False,True,usable_public_pdb_alignment
4keu,A,4keu-A-rec-4ket-pg4-lig-tt-min-0-pocket10_4keu-A-rec-4ket-pg4-lig-tt-min-0,100,1.0,0.0,0.0,0.02,1.0,0.0,0.45138626673910176,4.589024971576752,103.5718002319336,0.0,2536,True,False,False,coordinate_mismatch
4ja8,B,4ja8-B-rec-4ja8-1k9-lig-tt-docked-0-pocket10_4ja8-B-rec-4ja8-1k9-lig-tt-docked-0,100,1.0,0.0,0.0,0.0,1.0,0.0,0.33698748734813677,5.385761170193232,34.18313789367676,0.0,3269,True,False,False,coordinate_mismatch
4kcq,A,4kcq-A-rec-4cwv-hw8-lig-tt-min-0-pocket10_4kcq-A-rec-4cwv-hw8-lig-tt-min-0,100,1.0,0.97,0.0,0.03,0.0,0.0,0.40578119013330294,4.399877048276402,2.7830634117126465,21.5,3214,False,False,True,usable_public_pdb_alignment
4lfu,A,4lfu-A-rec-4y13-480-lig-tt-min-0-pocket10_4lfu-A-rec-4y13-480-lig-tt-min-0,100,1.0,0.0,0.0,0.0,1.0,0.0,0.6135238241901781,4.216304054950671,79.4449234008789,0.0,1941,True,False,False,coordinate_mismatch
4m7t,A,4m7t-A-rec-4m7t-sam-lig-tt-min-0-pocket10_4m7t-A-rec-4m7t-sam-lig-tt-min-0,100,1.0,0.93,0.0,0.01,0.0,0.02,0.3173496761629346,5.00701204716145,2.5975204706192017,32.0,1952,False,False,True,usable_public_pdb_alignment
4p6p,A,4p6p-A-rec-4p77-5rp-lig-tt-docked-0-pocket10_4p6p-A-rec-4p77-5rp-lig-tt-docked-0,100,1.0,0.95,0.0,0.02,0.0,0.03,0.27901570608385107,4.198550526574353,2.138810396194458,22.0,1644,False,False,True,usable_public_pdb_alignment
4pxz,A,4pxz-A-rec-4pxz-6ad-lig-tt-min-0-pocket10_4pxz-A-rec-4pxz-6ad-lig-tt-min-0,100,1.0,0.0,0.0,0.01,1.0,0.0,0.2826796286486821,5.154014858402727,18.837617874145508,0.0,3140,True,False,False,coordinate_mismatch
4q8b,B,4q8b-B-rec-4q8b-sxx-lig-tt-min-0-pocket10_4q8b-B-rec-4q8b-sxx-lig-tt-min-0,100,1.0,0.97,0.0,0.02,0.0,0.01,0.5934570452262411,3.173698371637247,2.988056778907776,15.0,4020,False,False,True,usable_public_pdb_alignment
4rn0,B,4rn0-B-rec-4rn1-l8g-lig-tt-min-0-pocket10_4rn0-B-rec-4rn1-l8g-lig-tt-min-0,100,1.0,0.0,0.0,0.03,1.0,0.0,0.5793707731310519,3.3593628473594173,9.019020080566406,0.0,2859,False,False,False,ambiguous
4rlu,A,4rlu-A-rec-4rlu-hcc-lig-tt-min-0-pocket10_4rlu-A-rec-4rlu-hcc-lig-tt-min-0,100,1.0,0.95,0.0,0.03,0.0,0.02,0.49441921970928027,4.537373671384002,2.2798303365707397,30.0,1214,False,False,True,usable_public_pdb_alignment
4rv4,A,4rv4-A-rec-4rv4-prp-lig-tt-docked-2-pocket10_4rv4-A-rec-4rv4-prp-lig-tt-docked-2,100,1.0,1.0,0.0,0.0,0.0,0.0,0.3578461880643863,3.8493340736880803,2.7060071229934692,18.0,1563,False,False,True,usable_public_pdb_alignment
4qlk,A,4qlk-A-rec-4qlk-ctt-lig-tt-docked-0-pocket10_4qlk-A-rec-4qlk-ctt-lig-tt-docked-0,100,1.0,0.0,0.0,0.02,0.0,1.0,0.3139118730625181,4.876070902228568,0.5033209919929504,27.5,3802,False,True,False,high_clash_alignment
4tos,A,4tos-A-rec-4tos-355-lig-tt-min-0-pocket10_4tos-A-rec-4tos-355-lig-tt-min-0,100,1.0,1.0,0.0,0.0,0.0,0.0,0.3828929968912047,4.989203639766746,2.6965577602386475,33.0,1663,False,False,True,usable_public_pdb_alignment
4tqr,A,4tqr-A-rec-2xca-doc-lig-tt-min-0-pocket10_4tqr-A-rec-2xca-doc-lig-tt-min-0,100,1.0,0.0,0.01,0.03,1.0,0.0,0.5040046792972208,3.544957806809254,82.1771469116211,0.0,2658,True,False,False,coordinate_mismatch
4u5s,A,4u5s-A-rec-4u54-3c5-lig-tt-min-0-pocket10_4u5s-A-rec-4u54-3c5-lig-tt-min-0,100,1.0,0.02,0.0,0.02,0.0,0.98,0.4743856563725235,3.5323671730206163,0.6807398498058319,18.0,3254,False,True,False,high_clash_alignment
4xli,B,4xli-B-rec-4xli-1n1-lig-tt-min-0-pocket10_4xli-B-rec-4xli-1n1-lig-tt-min-0,100,1.0,0.0,0.0,0.0,1.0,0.0,0.581157403117769,4.141887679787972,44.32620048522949,0.0,2131,True,False,False,coordinate_mismatch
4yhj,A,4yhj-A-rec-4yhj-an2-lig-tt-min-0-pocket10_4yhj-A-rec-4yhj-an2-lig-tt-min-0,100,1.0,0.98,0.0,0.01,0.0,0.02,0.5147655939727973,4.327338319950652,2.702440857887268,26.0,4067,False,False,True,usable_public_pdb_alignment
4z2g,A,4z2g-A-rec-4z2g-m6v-lig-tt-docked-16-pocket10_4z2g-A-rec-4z2g-m6v-lig-tt-docked-16,100,1.0,0.94,0.0,0.01,0.0,0.0,0.29201005562288596,5.159512315044068,2.5829962491989136,29.5,3913,False,False,True,usable_public_pdb_alignment
5aeh,A,5aeh-A-rec-5aeh-8ir-lig-tt-docked-0-pocket10_5aeh-A-rec-5aeh-8ir-lig-tt-docked-0,100,1.0,0.0,0.0,0.0,1.0,0.0,0.5920162970486149,4.206741465665463,52.18954086303711,0.0,1679,True,False,False,coordinate_mismatch
4zfa,A,4zfa-A-rec-1smj-pam-lig-tt-min-0-pocket10_4zfa-A-rec-1smj-pam-lig-tt-min-0,100,1.0,0.0,0.0,0.01,1.0,0.0,0.47957395551638443,4.785836914156853,31.858367919921875,0.0,3699,True,False,False,coordinate_mismatch
5b08,A,5b08-A-rec-5b09-4mx-lig-tt-min-0-pocket10_5b08-A-rec-5b09-4mx-lig-tt-min-0,100,1.0,0.0,0.0,0.01,1.0,0.0,0.5344329508674361,4.041975271688285,23.397430419921875,0.0,855,True,False,False,coordinate_mismatch
5bur,A,5bur-A-rec-5x8f-amp-lig-tt-docked-7-pocket10_5bur-A-rec-5x8f-amp-lig-tt-docked-7,100,1.0,0.0,0.0,0.0,1.0,0.0,0.38338299823076105,4.462195775496693,157.3171844482422,0.0,3514,True,False,False,coordinate_mismatch
5d7n,D,5d7n-D-rec-4jt9-1ns-lig-tt-min-0-pocket10_5d7n-D-rec-4jt9-1ns-lig-tt-min-0,100,1.0,0.0,0.0,0.01,1.0,0.0,0.5223629444525005,4.13045529891669,14.854326248168945,0.0,2157,True,False,False,coordinate_mismatch
5mgl,A,5mgl-A-rec-5mgl-7mu-lig-tt-min-0-pocket10_5mgl-A-rec-5mgl-7mu-lig-tt-min-0,100,1.0,0.0,0.02,0.03,1.0,0.0,0.6091599317578867,3.2681565497113447,68.29058456420898,0.0,834,True,False,False,coordinate_mismatch
5i0b,A,5i0b-A-rec-5vef-m77-lig-tt-min-0-pocket10_5i0b-A-rec-5vef-m77-lig-tt-min-0,100,1.0,0.0,0.0,0.0,1.0,0.0,0.5889045381667606,3.73314178236644,16.494953155517578,0.0,2279,True,False,False,coordinate_mismatch
5l1v,A,5l1v-A-rec-5l1v-7pf-lig-tt-docked-0-pocket10_5l1v-A-rec-5l1v-7pf-lig-tt-docked-0,100,1.0,0.95,0.0,0.01,0.0,0.04,0.5261139031708457,3.919487425685106,2.5710924863815308,22.0,3119,False,False,True,usable_public_pdb_alignment
5ngz,A,5ngz-A-rec-5ngz-2bg-lig-tt-min-0-pocket10_5ngz-A-rec-5ngz-2bg-lig-tt-min-0,100,1.0,0.79,0.0,0.03,0.0,0.19,0.6559644190596206,3.5335323068215296,2.601921558380127,21.0,1217,False,False,True,usable_public_pdb_alignment
5mma,A,5mma-A-rec-4ztf-x2p-lig-tt-min-0-pocket10_5mma-A-rec-4ztf-x2p-lig-tt-min-0,100,1.0,0.82,0.0,0.0,0.0,0.18,0.5181295622147802,3.3640976232952777,2.328520178794861,12.0,2940,False,False,True,usable_public_pdb_alignment
5liu,X,5liu-X-rec-4gq0-qap-lig-tt-min-0-pocket10_5liu-X-rec-4gq0-qap-lig-tt-min-0,100,1.0,0.94,0.0,0.01,0.0,0.05,0.5671862797984244,4.179961145224711,2.7180062532424927,25.0,2451,False,False,True,usable_public_pdb_alignment
5q0k,A,5q0k-A-rec-5q0q-9ld-lig-tt-docked-0-pocket10_5q0k-A-rec-5q0q-9ld-lig-tt-docked-0,100,1.0,0.43,0.0,0.0,0.01,0.56,0.458842084647642,5.080280039478419,1.1519649624824524,11.0,1840,False,True,False,high_clash_alignment
5tjn,A,5tjn-A-rec-1zj1-nlc-lig-tt-docked-4-pocket10_5tjn-A-rec-1zj1-nlc-lig-tt-docked-4,100,1.0,0.94,0.0,0.0,0.03,0.03,0.5775370753713298,3.2572773044961245,3.3978183269500732,3.5,2290,False,False,True,usable_public_pdb_alignment
5w2g,A,5w2g-A-rec-5w2i-adp-lig-tt-min-0-pocket10_5w2g-A-rec-5w2i-adp-lig-tt-min-0,100,1.0,0.95,0.0,0.01,0.0,0.04,0.4216548298850121,4.289543118478706,2.506166696548462,24.0,2034,False,False,True,usable_public_pdb_alignment
