method,feature_group,n_features,uses_vina_or_gnina,uses_failure_label_columns,uses_generator_identity,roc_auc_mean,roc_auc_std,pr_auc_mean,pr_auc_std,f1_mean,f1_std,mcc_mean,mcc_std,ece_mean,ece_std,topk_frac,reliable_proxy_rate_mean,reliable_proxy_rate_std,chemical_pass_rate_mean,chemical_pass_rate_std,geometry_pass_rate_mean,geometry_pass_rate_std,pocket_pass_rate_mean,pocket_pass_rate_std,clash_free_rate_mean,clash_free_rate_std,synthetic_pass_rate_mean,synthetic_pass_rate_std,diversity_proxy_mean,diversity_proxy_std,delta_top10_reliable_vs_qed_sa
qed,QED scalar baseline,1,False,False,False,0.6226440734920589,0.0,0.9507849410887784,0.0,0.9642653389347026,0.0,0.10991968996872666,0.0,0.43075822417758225,0.0,0.1,0.955,0.0,1.0,0.0,0.992,0.0,1.0,0.0,0.963,0.0,1.0,0.0,10.0,0.0,-0.010999999999999899
qed_sa,QED and SA scalar baseline,2,False,False,False,0.6454985372747849,0.0,0.9547756154433339,0.0,0.9673958333333333,0.0,0.30896399612613973,0.0,0.4303999999999999,0.0,0.1,0.9659999999999999,0.0,0.999,0.0,0.992,0.0,1.0,0.0,0.973,0.0,1.0,0.0,10.0,0.0,0.0
rf_ligand_descriptor,Ligand descriptors only,22,False,False,False,0.649645653581206,0.001847064903631922,0.9526169744668994,0.0015551636762766372,0.9681146330862763,0.00010894240558380592,0.334624906830733,0.004407549476460114,0.06131897462739041,0.00033196770017776463,0.1,0.9726666666666667,0.003055050463303881,1.0,0.0,0.9926666666666666,0.001527525231651936,1.0,0.0,0.979,0.002645751311064593,1.0,0.0,10.0,0.0,0.006666666666666821
rf_internal_geometry,Internal 3D geometry only,8,False,False,False,0.7275795511261997,0.008816424094628853,0.9656835886341315,0.0022179506242060013,0.9691560690144655,0.00010243821391508547,0.388288305933832,0.014398163222398386,0.04826438164237117,0.0005761494797364497,0.1,0.9806666666666667,0.004163331998932265,1.0,0.0,1.0,0.0,1.0,0.0,0.9806666666666667,0.004163331998932265,1.0,0.0,10.0,0.0,0.014666666666666828
rf_pocket_geometry,Ligand-pocket geometry only,11,False,False,False,0.8845076881611501,0.001345439731176336,0.9839878674810617,0.0005275634297226687,0.9786405106314011,0.0003587059050600123,0.6479525371726641,0.005707941698867496,0.03205301770807486,0.0011600979040541483,0.1,0.984,0.0020000000000000018,0.9993333333333334,0.0005773502691896423,0.9866666666666667,0.0025166114784235635,1.0,0.0,0.9993333333333334,0.0011547005383792366,0.9986666666666667,0.0005773502691896744,10.0,0.0,0.018000000000000127
rf_geometry_only,Internal + pocket geometry,19,False,False,False,0.9795653437074812,0.0010171476741568568,0.9983679959430468,0.0001024001308250039,0.9822253328929057,0.0004518817631097174,0.7322915172019031,0.009460602166238827,0.01732254313420847,0.0009839671858317817,0.1,0.999,0.0,1.0,0.0,1.0,0.0,1.0,0.0,0.999,0.0,1.0,0.0,10.0,0.0,0.03300000000000014
rf_ligand_internal,Ligand + internal geometry,30,False,False,False,0.7300793256639092,0.003437681658442465,0.9641143566679041,0.0009939082017270022,0.9716977640505112,0.0002154448998569429,0.45972265270057705,0.005411179694724617,0.044353704470486345,0.001023503356177461,0.1,0.9803333333333333,0.002309401076758497,1.0,0.0,0.9996666666666667,0.0005773502691896423,1.0,0.0,0.9806666666666667,0.002081665999466139,1.0,0.0,10.0,0.0,0.01433333333333342
rf_ligand_pocket,Ligand + pocket geometry,33,False,False,False,0.9303788404772965,0.0007225534368181758,0.9910669518831675,0.00027804692735906633,0.981385923419594,0.0002705985801973667,0.707858429780979,0.008790875518330002,0.02625698223448728,0.0008505593610018906,0.1,0.9936666666666666,0.0030550504633039084,1.0,0.0,0.9940000000000001,0.002645751311064593,1.0,0.0,0.9996666666666667,0.0005773502691896423,1.0,0.0,10.0,0.0,0.027666666666666728
rf_full_reliamol_novinascore,Full ReliaMol without Vina,41,False,False,False,0.9815865513699871,0.0008487750363809169,0.9984709132614903,7.117999997818285e-05,0.983475203704561,0.00028785217310152303,0.7542701448714332,0.002857686296017467,0.019345998256904282,0.00056733946233587,0.1,0.999,0.0,1.0,0.0,1.0,0.0,1.0,0.0,0.999,0.0,1.0,0.0,10.0,0.0,0.03300000000000014
