roc_auc,pr_auc,f1,best_f1,mcc,ece,threshold,positive_rate,seed,method,n_folds
0.6226440734920589,0.9507849410887784,0.9642653389347026,0.9642653389347026,0.10991968996872666,0.43075822417758225,0.0023997600239976003,0.9304,11,qed,5
0.6454985372747849,0.954775615443334,0.9673958333333333,0.9673958333333333,0.30896399612613973,0.4303999999999999,0.010498950104989501,0.9304,11,qed_sa,5
0.6499461670175231,0.9532828236597177,0.9679937548790009,0.9679937548790009,0.32973410391176744,0.06099233941277623,0.2986469186973278,0.9304,11,rf_ligand_descriptor,5
0.7376473689477274,0.968026655438921,0.9692743288590604,0.9692743288590604,0.40423393937632185,0.047600987399758654,0.4330523025337686,0.9304,11,rf_internal_geometry,5
0.883629105884504,0.983463775596995,0.978883701188455,0.978883701188455,0.6503725123741404,0.03240704731880482,0.29495199651372245,0.9304,11,rf_pocket_geometry,5
0.979806531735207,0.9983263428558165,0.9820166987797045,0.9820166987797045,0.7281537389040853,0.017025367017432028,0.43825892471882066,0.9304,11,rf_geometry_only,5
0.727616150141825,0.9640602797966027,0.9717395855139209,0.9717395855139209,0.4602625138694214,0.04522217551510657,0.41789035952702797,0.9304,11,rf_ligand_internal,5
0.9295566237732381,0.9910101155993162,0.9811561801341424,0.9811561801341424,0.6985277954742597,0.02683896704556801,0.34612178611046246,0.9304,11,rf_ligand_pocket,5
0.9818512893972188,0.9984921345831763,0.9831617331617332,0.9831617331617332,0.751307290638566,0.01870146098850422,0.4631751849373922,0.9304,11,rf_full_reliamol_novinascore,5
0.6226440734920589,0.9507849410887784,0.9642653389347026,0.9642653389347026,0.10991968996872666,0.43075822417758225,0.0023997600239976003,0.9304,22,qed,5
0.6454985372747849,0.954775615443334,0.9673958333333333,0.9673958333333333,0.30896399612613973,0.4303999999999999,0.010498950104989501,0.9304,22,qed_sa,5
0.6476667587046975,0.9508397446052059,0.9682052349482229,0.9682052349482229,0.33828954062792765,0.061308554986556005,0.29699946588492704,0.9304,22,rf_ligand_descriptor,5
0.7212385014231921,0.9636166037072889,0.9690948073001099,0.9690948073001099,0.3843909873130821,0.04863942945169973,0.35897770412726765,0.9304,22,rf_internal_geometry,5
0.8838373496506261,0.9839809916032807,0.9788092835519677,0.9788092835519677,0.6520518233881695,0.032994852500750474,0.3167158990456783,0.9304,22,rf_pocket_geometry,5
0.980440219754697,0.9984846585552172,0.982743837084673,0.982743837084673,0.7431160951538944,0.018420844933419143,0.47504716097674055,0.9304,22,rf_geometry_only,5
0.7286151333995513,0.9631485908517243,0.971889232057792,0.971889232057792,0.46484366620113476,0.04461364302835981,0.40565385072760424,0.9304,22,rf_ligand_internal,5
0.930667257192556,0.9913690255045603,0.9816841992844556,0.9816841992844556,0.7159855297054666,0.02665113323462301,0.4433386737495636,0.9304,22,rf_ligand_pocket,5
0.9822714059457803,0.9985290691188544,0.9837276522856225,0.9837276522856225,0.7544936005801902,0.019769769835672902,0.44962240911495677,0.9304,22,rf_full_reliamol_novinascore,5
0.6226440734920589,0.9507849410887784,0.9642653389347026,0.9642653389347026,0.10991968996872666,0.43075822417758225,0.0023997600239976003,0.9304,33,qed,5
0.6454985372747849,0.954775615443334,0.9673958333333333,0.9673958333333333,0.30896399612613973,0.4303999999999999,0.010498950104989501,0.9304,33,qed_sa,5
0.6513240350213974,0.9537283551357743,0.9681449094316052,0.9681449094316052,0.33585107595250385,0.06165602948283898,0.32627118606122035,0.9304,33,rf_ligand_descriptor,5
0.7238527830076792,0.9654075067561848,0.9690990708842259,0.9690990708842259,0.3762399911120921,0.048552728075655124,0.32395465932138473,0.9304,33,rf_internal_geometry,5
0.8860566089483203,0.9845188352429095,0.9782285471537807,0.9782285471537807,0.6414332757556822,0.03075715330466927,0.3099729770717743,0.9304,33,rf_pocket_geometry,5
0.9784492796325396,0.9982929864181068,0.9819154628143393,0.9819154628143393,0.7256047175477295,0.016521417451774243,0.4422921415517927,0.9304,33,rf_geometry_only,5
0.7340066934503514,0.9651341993553855,0.971464474579821,0.971464474579821,0.45406177803117487,0.043225294867992654,0.42148848263994176,0.9304,33,rf_ligand_internal,5
0.9309126404660953,0.9908217145456264,0.9813173908401837,0.9813173908401837,0.7090619641632104,0.02528084642327082,0.41615096856453054,0.9304,33,rf_ligand_pocket,5
0.9806369587669623,0.9983915360824404,0.983536225666327,0.983536225666327,0.7570095433955435,0.019566763946535726,0.4672736805900738,0.9304,33,rf_full_reliamol_novinascore,5
