split_name,method,topk_frac,reliable_proxy_rate_mean,reliable_proxy_rate_std,clash_free_rate_mean,clash_free_rate_std,geometry_pass_rate_mean,geometry_pass_rate_std,synthetic_pass_rate_mean,synthetic_pass_rate_std
fold_1,qed,0.1,0.95615230504308,0.0074356828639216745,0.9995676610462603,0.0007488330339683836,0.9677672684317945,0.004042769533586254,1.0,0.0
fold_1,qed,0.2,0.9595520069810419,0.001798239529217456,0.9997828447339847,0.0003761239538694808,0.97015701425671,0.0020735916364455426,1.0,0.0
fold_1,qed,0.5,0.9513137985449119,0.0022326443284161495,0.9997389412092706,0.00026206018234482,0.9667112843551516,0.00347879463554683,1.0,0.0
fold_1,qed_sa,0.1,0.94499945856509,0.006304383829160895,1.0,0.0,0.9677821188877035,0.0002583863874994367,1.0,0.0
fold_1,qed_sa,0.2,0.9439715209376747,0.004496409649497338,0.9997828447339847,0.0003761239538694808,0.9686422554204324,0.001903150474232802,1.0,0.0
fold_1,qed_sa,0.5,0.9451424897089761,0.0035405585259817057,0.999652585423433,0.00030088467736409213,0.9673235031078073,0.0041348796959691,1.0,0.0
fold_1,vina_score_only,0.1,0.9480572078854649,0.00797427912587863,1.0,0.0,0.9540667694218058,0.006299348957505375,0.9987162349074779,0.001277190770435152
fold_1,vina_score_only,0.2,0.9483182384572645,0.005921957968885116,1.0,0.0,0.956096877240919,0.004204089176255844,0.9987063116041286,0.001113096389045113
fold_1,vina_score_only,0.5,0.9455885877884463,0.005909419674626345,1.0,0.0,0.9584531494569565,0.0045400371270763245,0.9983540879012232,0.0015139011207321467
fold_1,vina_minimize,0.1,0.9488953052103836,0.0022634647544946215,1.0,0.0,0.9574822972357081,0.0023370608713620387,0.9982905218380865,0.0019487261215472191
fold_1,vina_minimize,0.2,0.9489747293060337,0.006587145555518836,1.0,0.0,0.9571910286555344,0.0053984695158620834,0.9987063116041286,0.001113096389045113
fold_1,vina_minimize,0.5,0.9486340195151935,0.005579828357703733,0.9998262927117164,0.0001504423386820264,0.960715642292589,0.004483349531843513,0.9981803806129398,0.0015705605663052498
fold_1,qed_sa_vina,0.1,0.9522978123910896,0.009182160975276523,1.0,0.0,0.9656453289691869,0.00280175320839321,1.0,0.0
fold_1,qed_sa_vina,0.2,0.955219860687501,0.0029164298284665804,0.9997828447339847,0.0003761239538694808,0.9675590018181272,0.001538100522956245,1.0,0.0
fold_1,qed_sa_vina,0.5,0.9500975003572866,0.0031109780333018963,0.9999126484975541,0.00015129724035367815,0.965061389389942,0.0038405447905223863,1.0,0.0
fold_1,mlp_ligand_descriptor,0.1,0.9686930238952889,0.010994848617395888,1.0,0.0,0.9703958761728537,0.008227501485165172,1.0,0.0
fold_1,mlp_ligand_descriptor,0.2,0.9660747370709322,0.009973601092416729,0.9997831273042724,0.0003756345277746257,0.9701712825076534,0.006076234981757575,1.0,0.0
fold_1,mlp_ligand_descriptor,0.5,0.9593380103260604,0.007977866373261604,0.9993907364490425,0.0004012282245757418,0.9661089908204513,0.0050177415502447595,1.0,0.0
fold_1,mlp_pose_shape,0.1,0.9965810436761732,0.003897452243094408,1.0,0.0,1.0,0.0,1.0,0.0
fold_1,mlp_pose_shape,0.2,0.9948241161353643,0.005158056004628433,1.0,0.0,0.9997850848914679,0.00037224388729187406,1.0,0.0
fold_1,mlp_pose_shape,0.5,0.9892363918552723,0.007237371068728085,0.9999126484975541,0.00015129724035367815,0.9957457289082198,0.001823265402537115,0.9999128540305011,0.0001509412468469332
fold_1,mlp_reliamol_novinascore,0.1,0.9965876695605216,0.0048308073315641254,1.0,0.0,0.9995742869306087,0.0007373566656317496,1.0,0.0
fold_1,mlp_reliamol_novinascore,0.2,0.9946117237546028,0.005625259780786617,1.0,0.0,0.999138381978676,0.0009842296137752213,1.0,0.0
fold_1,mlp_reliamol_novinascore,0.5,0.9893239488906652,0.007047231796923049,1.0,0.0,0.9957457289082198,0.001823265402537115,0.9999128540305011,0.0001509412468469332
fold_1,rf_reliamol_novinascore,0.1,0.9987162349074779,0.001277190770435152,0.9995676610462603,0.0007488330339683836,0.9995742869306087,0.0007373566656317496,1.0,0.0
fold_1,rf_reliamol_novinascore,0.2,0.9965591181060028,0.005405419660320065,0.9997828447339847,0.0003761239538694808,0.9991403395658714,0.0014889755491672878,1.0,0.0
fold_1,rf_reliamol_novinascore,0.5,0.9888891828116524,0.007350410999624895,0.9999126484975541,0.00015129724035367815,0.9949649550351419,0.0022447911333930135,0.9999128540305011,0.0001509412468469332
fold_1,hgb_reliamol_novinascore,0.1,0.9995742869306087,0.0007373566656317496,1.0,0.0,1.0,0.0,1.0,0.0
fold_1,hgb_reliamol_novinascore,0.2,0.9972061035890823,0.004839170534793786,1.0,0.0,0.9991403395658714,0.0014889755491672878,1.0,0.0
fold_1,hgb_reliamol_novinascore,0.5,0.9894974506460018,0.007070583348867368,1.0,0.0,0.9953985198645996,0.0019621400530986078,1.0,0.0
fold_2,qed,0.1,0.9636649855321977,0.010330925420774597,1.0,0.0,0.9663000316455047,0.009587516735998688,1.0,0.0
fold_2,qed,0.2,0.9604444304545164,0.008863353736521157,1.0,0.0,0.9635330474363482,0.008809017504427108,1.0,0.0
fold_2,qed,0.5,0.9556474599026942,0.00860036959676025,0.9998220798861311,0.00030816667690931616,0.9608635152974245,0.007145915429716219,1.0,0.0
fold_2,qed_sa,0.1,0.9602263338281932,0.005765396370937844,1.0,0.0,0.966732580464574,0.005879367052394653,1.0,0.0
fold_2,qed_sa,0.2,0.9554247874134392,0.007753940930201446,1.0,0.0,0.9650452490426383,0.007355986158464444,1.0,0.0
fold_2,qed_sa,0.5,0.9523320089293001,0.007625568504457574,0.9998220798861311,0.00030816667690931616,0.9619187793093151,0.006935065087987137,1.0,0.0
fold_2,vina_score_only,0.1,0.9450993374412294,0.005663312796523872,1.0,0.0,0.9468469680247645,0.006479754548917666,1.0,0.0
fold_2,vina_score_only,0.2,0.9482434633170049,0.00949704796503038,1.0,0.0,0.9515539593244816,0.008309440208593984,0.9995579133510168,0.0007657165373867614
fold_2,vina_score_only,0.5,0.9474105540329879,0.007673299911307158,1.0,0.0,0.9517564031930773,0.005052487047501947,0.9996461784277013,0.0004083413894562334
fold_2,vina_minimize,0.1,0.9524408071664148,0.010405779124804016,1.0,0.0,0.9541975045752861,0.010214095372467544,1.0,0.0
fold_2,vina_minimize,0.2,0.9512901533714815,0.006927519987184917,1.0,0.0,0.9541585627299748,0.005729209565323874,0.9993420238864227,0.0006631900546119477
fold_2,vina_minimize,0.5,0.9489082035642681,0.007376984919321731,0.9999135994470364,0.00014965014753489885,0.9529002311520589,0.005629668940124852,0.9996461784277013,0.0004083413894562334
fold_2,qed_sa_vina,0.1,0.9623950051132741,0.00764385811502588,1.0,0.0,0.9641517025221454,0.008031671240636758,1.0,0.0
fold_2,qed_sa_vina,0.2,0.9617450607549566,0.006359863163741197,1.0,0.0,0.9648336777367882,0.006431705593772361,1.0,0.0
fold_2,qed_sa_vina,0.5,0.9546881488724305,0.007850904784276084,1.0,0.0,0.9606859912933992,0.0062372888469931125,1.0,0.0
fold_2,mlp_ligand_descriptor,0.1,0.9645975024075116,0.011944827808410484,0.9995608256477823,0.0007606722914224061,0.9667933741686007,0.013492904186071677,1.0,0.0
fold_2,mlp_ligand_descriptor,0.2,0.9619369919753478,0.006714815162646403,0.9995579133510168,0.0007657165373867614,0.9650315985182302,0.005198458761311143,1.0,0.0
fold_2,mlp_ligand_descriptor,0.5,0.9572125117620781,0.00825361440700899,0.9994713586663352,0.0005338339769993269,0.9613885154300547,0.006308672613751915,1.0,0.0
fold_2,mlp_pose_shape,0.1,0.9973762292230787,0.003492279625159646,1.0,0.0,0.9995721009841677,0.0007411428359301644,1.0,0.0
fold_2,mlp_pose_shape,0.2,0.9960391888423034,0.005273700272158574,1.0,0.0,0.9993548387096775,0.00111745213391543,1.0,0.0
fold_2,mlp_pose_shape,0.5,0.9910226497563613,0.00763307727331853,1.0,0.0,0.9948479322045422,0.003498046994580943,0.9999110399430656,0.00015408333845468212
fold_2,mlp_reliamol_novinascore,0.1,0.9978041282389108,0.0038033614571121427,1.0,0.0,1.0,0.0,1.0,0.0
fold_2,mlp_reliamol_novinascore,0.2,0.9960391888423034,0.005273700272158574,1.0,0.0,0.9993548387096775,0.00111745213391543,1.0,0.0
fold_2,mlp_reliamol_novinascore,0.5,0.9913744526732211,0.007618451213943979,1.0,0.0,0.995021815007533,0.0037680572241531353,0.9998220798861311,0.00030816667690931616
fold_2,rf_reliamol_novinascore,0.1,0.9995608256477823,0.0007606722914224061,1.0,0.0,1.0,0.0,1.0,0.0
fold_2,rf_reliamol_novinascore,0.2,0.9971384159037107,0.003892791190772918,1.0,0.0,0.9995698924731182,0.000744968089276948,1.0,0.0
fold_2,rf_reliamol_novinascore,0.5,0.9914628718816236,0.007357346876701155,1.0,0.0,0.9947543939881979,0.0035796350962367194,0.9999110399430656,0.00015408333845468212
fold_2,hgb_reliamol_novinascore,0.1,0.9995608256477823,0.0007606722914224061,1.0,0.0,1.0,0.0,1.0,0.0
fold_2,hgb_reliamol_novinascore,0.2,0.9967023188157782,0.004149984959264598,1.0,0.0,0.9989067624996434,0.0010092323620087993,1.0,0.0
fold_2,hgb_reliamol_novinascore,0.5,0.9917328524049296,0.006967043789254768,1.0,0.0,0.9945744552188899,0.0038551867003931467,1.0,0.0
fold_3,qed,0.1,0.946744619004727,0.004420036310665826,1.0,0.0,0.9531250195471581,0.005981619860896992,0.9957482370639842,0.003682215585154133
fold_3,qed,0.2,0.9494207378966367,0.005852192966595839,1.0,0.0,0.956050165055306,0.005542369952214297,0.9952930158082766,0.0040764913148179215
fold_3,qed,0.5,0.945528325136976,0.006696367378028455,0.9998283556470993,0.0002972967400563794,0.954315677271393,0.006868571003564744,0.993964345792358,0.005227199837664709
fold_3,qed_sa,0.1,0.9420443044633376,0.0064267264480051545,1.0,0.0,0.9522681591595425,0.008604842805622712,1.0,0.0
fold_3,qed_sa,0.2,0.9459894890657385,0.004291390534506432,1.0,0.0,0.9577667507523907,0.00602703729859773,0.9982883693848278,0.0014823604781156296
fold_3,qed_sa,0.5,0.941121025642138,0.005899705384491236,0.9997425334706488,0.0004459451100846693,0.9548305203300055,0.007708453675396726,0.9949990293708111,0.00433110843692215
fold_3,vina_score_only,0.1,0.9373799164889226,0.0165890575883141,1.0,0.0,0.9390773677631229,0.01608910995655712,0.9914964741279683,0.007364431170308313
fold_3,vina_score_only,0.2,0.9397706863500478,0.011581462056332573,1.0,0.0,0.9440382275083511,0.011327792828731892,0.9920846696864642,0.006860097617872529
fold_3,vina_score_only,0.5,0.9374886173753322,0.00885374694149314,1.0,0.0,0.9435147645703773,0.010744667160027697,0.99258338686763,0.0052988794664697025
fold_3,vina_minimize,0.1,0.9420660528250063,0.008403849610728308,1.0,0.0,0.9454664008178683,0.008960811628757412,0.9931971793023746,0.005891544936246663
fold_3,vina_minimize,0.2,0.9382717707912941,0.012242899910349603,1.0,0.0,0.9419030893436132,0.012834445161824398,0.9929382849419367,0.00555672944287037
fold_3,vina_minimize,0.5,0.9394765748164305,0.008892272109143104,1.0,0.0,0.9454161869249408,0.010163410422436243,0.992670011954255,0.005227487307916866
fold_3,qed_sa_vina,0.1,0.9497181637538841,0.006366289848469541,1.0,0.0,0.9531239571912072,0.009312960075953761,0.9974489422383904,0.002209329351092531
fold_3,qed_sa_vina,0.2,0.9483500074805185,0.006820892991660378,1.0,0.0,0.9539065041709559,0.007121470141446962,0.9970046464234487,0.00259413083670234
fold_3,qed_sa_vina,0.5,0.9445692059028824,0.007428619599011686,1.0,0.0,0.9532732795915083,0.007933496235067809,0.9948265821077356,0.004480457003712608
fold_3,mlp_ligand_descriptor,0.1,0.954844219183027,0.0076517294246239735,0.9995764506565014,0.0007336089824518975,0.9569619659005196,0.008262607417545989,0.9995731967562954,0.0007392449029316756
fold_3,mlp_ligand_descriptor,0.2,0.9524290341556544,0.010005411584931324,0.999787007454739,0.00036891391002539045,0.955623922334568,0.009518752680678514,0.9976455466225026,0.0020666438506620954
fold_3,mlp_ligand_descriptor,0.5,0.9492523867704094,0.011582566947530112,0.9996567112941984,0.0005945934801129351,0.9544088535489154,0.008987210262724433,0.994912449284231,0.004181152378995043
fold_3,mlp_pose_shape,0.1,0.9889508283946435,0.00901701587235305,1.0,0.0,0.9974413386658506,0.002219613291886897,0.994050785789784,0.0052996079298264515
fold_3,mlp_pose_shape,0.2,0.9882428361298404,0.010336263350019735,1.0,0.0,0.9965726161542707,0.0026024831428880686,0.9935813851931043,0.0055588517929335505
fold_3,mlp_pose_shape,0.5,0.9815439174810957,0.009249127312842978,1.0,0.0,0.9882539704475852,0.005005090803565297,0.9933589530963373,0.004854642685839582
fold_3,mlp_reliamol_novinascore,0.1,0.9893787274104757,0.009715543155318003,1.0,0.0,0.9961685325072765,0.003841266404218604,0.9944743351332824,0.004823589154250561
fold_3,mlp_reliamol_novinascore,0.2,0.988458028727215,0.010684131074173025,1.0,0.0,0.996143063426049,0.0038685235491814495,0.9940131379734399,0.0053317731346660254
fold_3,mlp_reliamol_novinascore,0.5,0.9824021392455996,0.00830573363525778,1.0,0.0,0.9889405928592335,0.005087863980999691,0.9935329611797171,0.004930498510296626
fold_3,rf_reliamol_novinascore,0.1,0.9923500806153775,0.006738530368580527,1.0,0.0,0.997025392894892,0.002649803964913229,0.994897884476781,0.004418658702184982
fold_3,rf_reliamol_novinascore,0.2,0.9890967288741552,0.009421109224328757,1.0,0.0,0.9957168008466847,0.003302225103096109,0.9935833077563755,0.0055891663984803976
fold_3,rf_reliamol_novinascore,0.5,0.9827477466818353,0.008455736648691573,1.0,0.0,0.9890279758559881,0.004978184388288183,0.9934454881828723,0.005235279550008826
fold_3,hgb_reliamol_novinascore,0.1,0.9919189276993392,0.005886863544190928,1.0,0.0,0.996170690635355,0.0022046513817627392,0.9957482370639842,0.003682215585154133
fold_3,hgb_reliamol_novinascore,0.2,0.9884495060076026,0.008604657141680043,1.0,0.0,0.9935767076000342,0.0039021032826607816,0.9957209234620695,0.00370590119528905
fold_3,hgb_reliamol_novinascore,0.5,0.9828343267684153,0.00860503284658448,1.0,0.0,0.9889421536795377,0.0049294627137404365,0.9937052734426576,0.0054541468539397965
fold_4,qed,0.1,0.9492590956117485,0.015838831835239528,0.9987100272147265,1.997876300854431e-05,0.9561049490777137,0.01424731960891233,0.9927453401252082,0.007068352052298376
fold_4,qed,0.2,0.950176529750963,0.012293674627909174,0.9993499610535341,1.1114119948299352e-05,0.9579288769792332,0.010927452508201598,0.9911957498495171,0.008422756824782824
fold_4,qed,0.5,0.9481988202077293,0.009538403771414074,0.9994742550209758,0.0002702550974108032,0.9556640347951734,0.008450862213148844,0.9893606397366043,0.010295035530472865
fold_4,qed_sa,0.1,0.9470751395807993,0.014288224180288057,0.9991474725340616,0.0007383267416834446,0.9543933530143848,0.016822635642824324,0.9982949450681232,0.0014766534833669297
fold_4,qed_sa,0.2,0.9473535021484992,0.009910188244677006,0.9993499610535341,1.1114119948299352e-05,0.9573086023412284,0.011740139192483937,0.993989524347012,0.005368400821501597
fold_4,qed_sa,0.5,0.9442683453648031,0.006775973766817775,0.9995631913425695,0.0001532293317281796,0.955483941057586,0.008335566405416725,0.9902265823412044,0.009282107648927614
fold_4,vina_score_only,0.1,0.9316112881987967,0.01693643705397121,1.0,0.0,0.9354716602511144,0.01623379318085649,0.9888784269414383,0.009787081406023957
fold_4,vina_score_only,0.2,0.93322886078546,0.016655601349926316,1.0,0.0,0.9384075984714441,0.015062634844022439,0.987517144897863,0.01070466690997817
fold_4,vina_score_only,0.5,0.9353577606732554,0.013368651361545575,1.0,0.0,0.9414409751286218,0.012403388087251463,0.9871663041642366,0.009589440646238038
fold_4,vina_minimize,0.1,0.9337507832779579,0.013692625314527947,1.0,0.0,0.9406061830474259,0.013376714870982482,0.9892967796537677,0.00781384152502147
fold_4,vina_minimize,0.2,0.9321603563353378,0.014362027581854933,1.0,0.0,0.9371226583344887,0.013581409464309269,0.988162722689987,0.009682697026576356
fold_4,vina_minimize,0.5,0.9362168417543781,0.013160138835831428,0.9998221273568125,0.0003080844552773021,0.9425652489137953,0.012002091129963996,0.9873397346186245,0.00932465990874354
fold_4,qed_sa_vina,0.1,0.9492367324390166,0.015561022419409837,1.0,0.0,0.9500892599049552,0.015536865004760371,0.9970112480206264,0.003231885912605398
fold_4,qed_sa_vina,0.2,0.9497461445562138,0.013001820359465661,0.9997791031588248,0.0003826045521469142,0.9540514602756396,0.012043561798676066,0.9933439465548881,0.006199543817504009
fold_4,qed_sa_vina,0.5,0.9465272054460385,0.011137980646803648,0.9997382380576879,4.4640150458921995e-06,0.9532139957300236,0.009632566080656293,0.9901398671140106,0.009404389861695986
fold_4,mlp_ligand_descriptor,0.1,0.9491120997061291,0.019898728374878556,0.9995721009841677,0.0007411428359301644,0.9525254801356088,0.020811723678977382,0.9965866195705203,0.0032286614754830677
fold_4,mlp_ligand_descriptor,0.2,0.9483550194449478,0.014917756217981484,0.9995639105614501,0.00037776144616017657,0.9509368194099516,0.015278216217079706,0.9942047169443867,0.0051157159394288115
fold_4,mlp_ligand_descriptor,0.5,0.9467770588424044,0.011724186794682965,0.999295777544119,0.0005609482558705352,0.9516315155302045,0.010489846161557912,0.9902265823412044,0.009282107648927614
fold_4,mlp_pose_shape,0.1,0.9884761616640638,0.01155338591771911,1.0,0.0,0.9978637754865648,0.002673805165525622,0.9897565881458346,0.010269676371305934
fold_4,mlp_pose_shape,0.2,0.9879728332467314,0.01194407484431564,1.0,0.0,0.996992275994589,0.0032503361310174156,0.9888323605467715,0.010979902701487798
fold_4,mlp_pose_shape,0.5,0.9822464445374525,0.01010916481646274,1.0,0.0,0.9894276862385859,0.006647888256649088,0.9890149884951676,0.010564577329624252
fold_4,mlp_reliamol_novinascore,0.1,0.9880387163447288,0.010905579029262388,0.9995625546806649,0.0007576775186216081,0.9965866195705203,0.0032286614754830677,0.990609115611773,0.009636463467400795
fold_4,mlp_reliamol_novinascore,0.2,0.9868683490408555,0.010318388091578973,0.9997791031588248,0.0003826045521469142,0.995894739121972,0.00205467099602877,0.9901197868626439,0.010008844531132606
fold_4,mlp_reliamol_novinascore,0.5,0.9820707929886647,0.010173507929351202,0.9999110636784062,0.0001540422276386751,0.9887319415669126,0.006391033109091322,0.9893600349029349,0.010413726643647127
fold_4,rf_reliamol_novinascore,0.1,0.9880387163447288,0.010905579029262388,1.0,0.0,0.9948687477694144,0.0038368963274336533,0.990609115611773,0.009636463467400795
fold_4,rf_reliamol_novinascore,0.2,0.9870949501258313,0.011288697031492902,1.0,0.0,0.995471301260482,0.002938619869599242,0.9894766952494369,0.010334712065412234
fold_4,rf_reliamol_novinascore,0.5,0.9822486656318522,0.010346035081474598,0.9999110636784062,0.0001540422276386751,0.9896906578482367,0.006128505913644916,0.9884946971320042,0.011321069322041803
fold_4,hgb_reliamol_novinascore,0.1,0.9867454729937292,0.011628374409904246,1.0,0.0,0.9931669634032637,0.004828647206818504,0.9905993039145947,0.012139970944390005
fold_4,hgb_reliamol_novinascore,0.2,0.9866588606872814,0.011307027848319811,1.0,0.0,0.9944047717857848,0.004182094846708113,0.9899021080863522,0.011079429125369291
fold_4,hgb_reliamol_novinascore,0.5,0.9825088113134339,0.009897077997965036,1.0,0.0,0.9897791875764389,0.005222602456895483,0.9886663130853838,0.011448074996469004
fold_5,qed,0.1,0.9515224172982215,0.010969103895197943,0.9991191446976467,0.0007630846435216996,0.9655826112281374,0.01471484331326615,0.9973958333333334,0.004510548978043943
fold_5,qed,0.2,0.9507478874930979,0.014196006173426402,0.999556347616254,0.00038433769365580896,0.9637960539582883,0.01617706136265543,0.9967213114754099,0.005678855106783158
fold_5,qed,0.5,0.9399514989380929,0.008934433528211957,0.9995492545870052,0.0005680039415525731,0.9572313057289202,0.013098518973090377,0.996135265700483,0.006693916164517412
fold_5,qed_sa,0.1,0.9431975647416331,0.010043218512749206,0.9995659722222222,0.0007517581630073787,0.9638604272087014,0.017483083758254855,0.9991319444444445,0.001503516326014581
fold_5,qed_sa,0.2,0.9403139754971047,0.0073062060896077275,0.999556347616254,0.00038433769365580896,0.962689740808111,0.015953830148770755,0.9973770491803279,0.0045430840854265775
fold_5,qed_sa,0.5,0.9360262409724177,0.006862644081758251,0.9996399822226429,0.00041674218258770266,0.958658766721533,0.013776865950169965,0.9963109354413703,0.006389647247948407
fold_5,vina_score_only,0.1,0.9313865628711473,0.010823378557085851,1.0,0.0,0.941475380722197,0.012387255077514762,0.9952151493874014,0.004917618939753601
fold_5,vina_score_only,0.2,0.935516017718633,0.0119881826077451,1.0,0.0,0.94634377652653,0.013734126297749777,0.9949679002726782,0.005943909001021083
fold_5,vina_score_only,0.5,0.9307565975516455,0.010508736783366265,1.0,0.0,0.9458752586222924,0.013158627809617855,0.9935771234221789,0.006271500752523331
fold_5,vina_minimize,0.1,0.934484246670071,0.01393632885176906,1.0,0.0,0.9463080482873546,0.014140225656833824,0.994782248954501,0.00468020756087403
fold_5,vina_minimize,0.2,0.9370365744156525,0.010289199183445027,1.0,0.0,0.948082054163097,0.01186621524322989,0.9949679002726782,0.005943909001021083
fold_5,vina_minimize,0.5,0.9338756475818246,0.011362999158242173,0.9999123729407641,0.00015177451871441973,0.9486344986863221,0.013704467037164087,0.9937525853518583,0.006166015203277925
fold_5,qed_sa_vina,0.1,0.9432126191781856,0.011752848653769262,1.0,0.0,0.9603682422172705,0.01807909168560261,0.9991319444444445,0.001503516326014581
fold_5,qed_sa_vina,0.2,0.9447414305344886,0.008697029858169468,0.9997749268512267,0.00038983812909496187,0.960684422505978,0.014171485996547764,0.9973770491803279,0.0045430840854265775
fold_5,qed_sa_vina,0.5,0.9384572836762272,0.009742350975210144,0.9998214374939186,0.00015470053211644218,0.956005549363943,0.014476581617007973,0.9963109354413703,0.006389647247948407
fold_5,mlp_ligand_descriptor,0.1,0.959055613826894,0.018143558532239753,0.9995531724754244,0.0007739279747850377,0.9616853799871561,0.018638241625902677,0.9982638888888888,0.003007032652029362
fold_5,mlp_ligand_descriptor,0.2,0.9542971065630662,0.015155115781176693,0.9997749268512267,0.00038983812909496187,0.9587206425729251,0.015982455291964816,0.9973770491803279,0.0045430840854265775
fold_5,mlp_ligand_descriptor,0.5,0.9494865715093755,0.013244263565721849,0.9998214374939186,0.00015470053211644218,0.9572234586781683,0.012296732004379777,0.9962233083821342,0.006315128013107464
fold_5,mlp_pose_shape,0.1,0.9956469224754244,0.006413974714951366,1.0,0.0,0.9995659722222222,0.0007517581630073787,0.9965277777777778,0.006014065304058548
fold_5,mlp_pose_shape,0.2,0.9918748922663448,0.008925510215082925,1.0,0.0,0.9978154950934112,0.0023030595075325118,0.9960655737704918,0.00681462612813989
fold_5,mlp_pose_shape,0.5,0.9819767654128283,0.013376693611577306,1.0,0.0,0.9911245882278991,0.00750982758779978,0.9954332101705576,0.007237676344163684
fold_5,mlp_reliamol_novinascore,0.1,0.9947811216096237,0.0056640277358672225,1.0,0.0,0.9987001713564213,0.0012987027665974592,0.9965277777777778,0.006014065304058548
fold_5,mlp_reliamol_novinascore,0.2,0.9923133381794281,0.00640482541666575,0.9997818499127399,0.00037784703480997695,0.9971606156839184,0.002649604003907499,0.9962841530054645,0.006436035787687654
fold_5,mlp_reliamol_novinascore,0.5,0.9814386007518054,0.012920646429187348,0.9999123729407641,0.00015177451871441973,0.9904954881200306,0.006946483133915944,0.9959595959595959,0.006998185081086394
fold_5,rf_reliamol_novinascore,0.1,0.9947939213564213,0.006891256649482086,1.0,0.0,0.9969640602453103,0.0032772881200992653,0.9969618055555555,0.005262307141051346
fold_5,rf_reliamol_novinascore,0.2,0.9932270477498354,0.008094555628634249,1.0,0.0,0.9956314193345349,0.0042662687727733194,0.9962841530054645,0.006436035787687654
fold_5,rf_reliamol_novinascore,0.5,0.9825302251446534,0.014129478101970709,0.9999123729407641,0.00015177451871441973,0.9910485322294402,0.008590169241061542,0.9955210450410011,0.007085772689401446
fold_5,hgb_reliamol_novinascore,0.1,0.9956608495670997,0.006423824685797684,1.0,0.0,0.9969629329004329,0.004186314107387868,0.9982638888888888,0.003007032652029362
fold_5,hgb_reliamol_novinascore,0.2,0.9930084685148627,0.008458350182542854,0.9997818499127399,0.00037784703480997695,0.9954124109518497,0.004951224665301044,0.9969398907103825,0.00530026476633101
fold_5,hgb_reliamol_novinascore,0.5,0.9827061026967482,0.013611088437121279,0.9999123729407641,0.00015177451871441973,0.9899922444525462,0.009492007236007956,0.996135265700483,0.006693916164517412
AR,qed,0.1,0.9968085106382979,0.0,0.9989361702127658,0.0,0.997872340425532,0.0,1.0,0.0
AR,qed,0.2,0.9951974386339381,0.0,0.9994663820704376,0.0,0.9983991462113128,0.0,1.0,0.0
AR,qed,0.5,0.9912054912054912,0.0,0.9995709995709996,0.0,0.9984984984984985,0.0,1.0,0.0
AR,qed_sa,0.1,0.975531914893617,0.0,1.0,0.0,0.9968085106382979,0.0,1.0,0.0
AR,qed_sa,0.2,0.9765208110992529,0.0,0.9994663820704376,0.0,0.9978655282817502,0.0,1.0,0.0
AR,qed_sa,0.5,0.9802659802659802,0.0,0.9997854997854998,0.0,0.9987129987129987,0.0,1.0,0.0
AR,vina_score_only,0.1,0.9968085106382979,0.0,1.0,0.0,0.9989361702127658,0.0,0.9989361702127658,0.0
AR,vina_score_only,0.2,0.9962646744930629,0.0,1.0,0.0,0.9989327641408753,0.0,0.9978655282817502,0.0
AR,vina_score_only,0.5,0.9937794937794938,0.0,1.0,0.0,0.9993564993564994,0.0,0.9963534963534965,0.0
AR,vina_minimize,0.1,0.9968085106382979,0.0,1.0,0.0,0.9989361702127658,0.0,0.997872340425532,0.0
AR,vina_minimize,0.2,0.9973319103521878,0.0,1.0,0.0,0.9994663820704376,0.0,0.9978655282817502,0.0
AR,vina_minimize,0.5,0.9948519948519948,0.0,1.0,0.0,0.9995709995709996,0.0,0.9963534963534965,0.0
AR,qed_sa_vina,0.1,0.9968085106382979,0.0,1.0,0.0,0.997872340425532,0.0,1.0,0.0
AR,qed_sa_vina,0.2,0.9941302027748132,0.0,0.9994663820704376,0.0,0.9983991462113128,0.0,1.0,0.0
AR,qed_sa_vina,0.5,0.9903474903474904,0.0,0.9997854997854998,0.0,0.9991419991419992,0.0,1.0,0.0
AR,mlp_ligand_descriptor,0.1,1.0,0.0,1.0,0.0,1.0,0.0,1.0,0.0
AR,mlp_ligand_descriptor,0.2,1.0,0.0,1.0,0.0,1.0,0.0,1.0,0.0
AR,mlp_ligand_descriptor,0.5,0.9994279994279994,0.00012384175658291591,1.0,0.0,0.9995709995709996,0.0,1.0,0.0
AR,mlp_pose_shape,0.1,1.0,0.0,1.0,0.0,1.0,0.0,1.0,0.0
AR,mlp_pose_shape,0.2,1.0,0.0,1.0,0.0,1.0,0.0,1.0,0.0
AR,mlp_pose_shape,0.5,1.0,0.0,1.0,0.0,1.0,0.0,1.0,0.0
AR,mlp_reliamol_novinascore,0.1,1.0,0.0,1.0,0.0,1.0,0.0,1.0,0.0
AR,mlp_reliamol_novinascore,0.2,1.0,0.0,1.0,0.0,1.0,0.0,1.0,0.0
AR,mlp_reliamol_novinascore,0.5,1.0,0.0,1.0,0.0,1.0,0.0,1.0,0.0
AR,rf_reliamol_novinascore,0.1,1.0,0.0,1.0,0.0,1.0,0.0,1.0,0.0
AR,rf_reliamol_novinascore,0.2,1.0,0.0,1.0,0.0,1.0,0.0,1.0,0.0
AR,rf_reliamol_novinascore,0.5,0.9997139997139998,0.00012384175658291591,1.0,0.0,1.0,0.0,1.0,0.0
AR,hgb_reliamol_novinascore,0.1,0.9992907801418439,0.0006142024140315497,1.0,0.0,1.0,0.0,1.0,0.0
AR,hgb_reliamol_novinascore,0.2,0.9991106367840626,0.00030808445527727007,1.0,0.0,1.0,0.0,1.0,0.0
AR,hgb_reliamol_novinascore,0.5,0.9995709995709996,0.0,1.0,0.0,1.0,0.0,1.0,0.0
CVAE,qed,0.1,0.8268268268268267,0.0,1.0,0.0,0.8538538538538538,0.0,0.988988988988989,0.0
CVAE,qed,0.2,0.8302360622802611,0.0,1.0,0.0,0.8558513309894525,0.0,0.9869412355600201,0.0
CVAE,qed,0.5,0.8163676678089095,0.0,1.0,0.0,0.8433783511388833,0.0,0.984075791171135,0.0
CVAE,qed_sa,0.1,0.8268268268268267,0.0,1.0,0.0,0.8518518518518517,0.0,0.9979979979979982,0.0
CVAE,qed_sa,0.2,0.8287292817679558,0.0,1.0,0.0,0.856353591160221,0.0,0.9919638372677047,0.0
CVAE,qed_sa,0.5,0.8179802459181617,0.0,1.0,0.0,0.8457972183027614,0.0,0.985688369280387,0.0
CVAE,vina_score_only,0.1,0.7737737737737738,0.0,1.0,0.0,0.7817817817817817,0.0,0.9829829829829831,0.0
CVAE,vina_score_only,0.2,0.7820190858864892,0.0,1.0,0.0,0.7975891511803114,0.0,0.982420894023104,0.0
CVAE,vina_score_only,0.5,0.7810925216690183,0.0,1.0,0.0,0.801451320298327,0.0,0.9822616407982262,0.0
CVAE,vina_minimize,0.1,0.7867867867867867,0.0,1.0,0.0,0.8028028028028028,0.0,0.984984984984985,0.0
CVAE,vina_minimize,0.2,0.784028126569563,0.0,1.0,0.0,0.7985936715218483,0.0,0.9839276745354093,0.0
CVAE,vina_minimize,0.5,0.7871396895787139,0.0,1.0,0.0,0.8083047772626487,0.0,0.9830679298528523,0.0
CVAE,qed_sa_vina,0.1,0.8218218218218217,0.0,1.0,0.0,0.8418418418418417,0.0,0.994994994994995,0.0
CVAE,qed_sa_vina,0.2,0.8257157207433451,0.0,1.0,0.0,0.8478151682571572,0.0,0.9904570567553993,0.0
CVAE,qed_sa_vina,0.5,0.8121346502721224,0.0,1.0,0.0,0.8377343277565007,0.0,0.9854867970167304,0.0
CVAE,mlp_ligand_descriptor,0.1,0.8224891558224892,0.004937820682999224,1.0,0.0,0.8284951618284951,0.0032177680216860355,0.9976643309976643,0.0005779281973870799
CVAE,mlp_ligand_descriptor,0.2,0.8215302193202746,0.002766233323599216,1.0,0.0,0.8329147831910263,0.0039012825038443246,0.9933031977230872,0.0002899800447963493
CVAE,mlp_ligand_descriptor,0.5,0.8109252166901834,0.0028577800602213196,1.0,0.0,0.8300073909830008,0.003410882253980299,0.9855539877712828,0.00023275560136650498
CVAE,mlp_pose_shape,0.1,0.9422756089422756,0.011026167261834011,1.0,0.0,0.9696363029696363,0.013664060880509324,0.9826493159826493,0.00152905428593795
CVAE,mlp_pose_shape,0.2,0.936045538255483,0.008989381388688331,1.0,0.0,0.9609911267369831,0.008933079907553366,0.983257994307718,0.0011599201791855735
CVAE,mlp_pose_shape,0.5,0.9095612443727742,0.009345072176692207,1.0,0.0,0.9341530605388698,0.0100166069494506,0.9824632130618828,0.0005333100808435273
CVAE,mlp_reliamol_novinascore,0.1,0.9572906239572907,0.0015290542859379076,1.0,0.0,0.9713046379713046,0.0015290542859378682,0.9913246579913246,0.0025191306090326326
CVAE,mlp_reliamol_novinascore,0.2,0.9477649422400803,0.0023016452511079354,1.0,0.0,0.9651766281600537,0.0020298603135747795,0.9879457559015569,0.0
CVAE,mlp_reliamol_novinascore,0.5,0.920311765101122,0.002463253749892328,1.0,0.0,0.9422159510851307,0.0013421342710097468,0.9840086004165828,0.0006479641712687392
CVAE,rf_reliamol_novinascore,0.1,0.97997997997998,0.0010010010010009784,1.0,0.0,0.9829829829829829,0.00200200200200204,0.9966633299966633,0.0015290542859379016
CVAE,rf_reliamol_novinascore,0.2,0.9670182487862046,0.0010455379203747352,1.0,0.0,0.9763937719738824,0.001506780512305378,0.9921312573246275,0.0002899800447964134
CVAE,rf_reliamol_novinascore,0.5,0.9383860780756569,0.0005072790724498927,1.0,0.0,0.9589464489686219,0.0008392122553784143,0.9854196062621784,0.00011637780068320842
CVAE,hgb_reliamol_novinascore,0.1,0.9392726059392725,0.0032177680216859852,1.0,0.0,0.9446112779446113,0.002083749749215388,0.988988988988989,0.0010010010010009507
CVAE,hgb_reliamol_novinascore,0.2,0.9085886489201407,0.0020090406830737956,1.0,0.0,0.9179641721078186,0.0020298603135747886,0.9877783358446343,0.00028998004479633327
CVAE,hgb_reliamol_novinascore,0.5,0.8508365248941745,0.003667285909828695,1.0,0.0,0.8689780286232613,0.0038877850276125706,0.985285224753074,0.00020157226365651038
Pocket2Mol,qed,0.1,0.9969512195121951,0.0,1.0,0.0,1.0,0.0,1.0,0.0
Pocket2Mol,qed,0.2,0.9974580579562785,0.0,1.0,0.0,1.0,0.0,1.0,0.0
Pocket2Mol,qed,0.5,0.9947122229001423,0.0,1.0,0.0,1.0,0.0,1.0,0.0
Pocket2Mol,qed_sa,0.1,0.9939024390243901,0.0,1.0,0.0,1.0,0.0,1.0,0.0
Pocket2Mol,qed_sa,0.2,0.9898322318251144,0.0,1.0,0.0,1.0,0.0,1.0,0.0
Pocket2Mol,qed_sa,0.5,0.9877974374618669,0.0,0.9997966239576977,0.0,1.0,0.0,1.0,0.0
Pocket2Mol,vina_score_only,0.1,0.9939024390243901,0.0,1.0,0.0,1.0,0.0,1.0,0.0
Pocket2Mol,vina_score_only,0.2,0.9954245043213015,0.0,1.0,0.0,1.0,0.0,1.0,0.0
Pocket2Mol,vina_score_only,0.5,0.9934919666463292,0.0,1.0,0.0,1.0,0.0,1.0,0.0
Pocket2Mol,vina_minimize,0.1,0.9949186991869917,0.0,1.0,0.0,1.0,0.0,1.0,0.0
Pocket2Mol,vina_minimize,0.2,0.9949161159125572,0.0,1.0,0.0,1.0,0.0,1.0,0.0
Pocket2Mol,vina_minimize,0.5,0.9951189749847468,0.0,0.9997966239576977,0.0,1.0,0.0,1.0,0.0
Pocket2Mol,qed_sa_vina,0.1,0.9928861788617885,0.0,1.0,0.0,1.0,0.0,1.0,0.0
Pocket2Mol,qed_sa_vina,0.2,0.9954245043213015,0.0,1.0,0.0,1.0,0.0,1.0,0.0
Pocket2Mol,qed_sa_vina,0.5,0.9941020947732357,0.0,1.0,0.0,1.0,0.0,1.0,0.0
Pocket2Mol,mlp_ligand_descriptor,0.1,1.0,0.0,1.0,0.0,1.0,0.0,1.0,0.0
Pocket2Mol,mlp_ligand_descriptor,0.2,0.9996610743941705,0.0002935181846413675,0.9996610743941705,0.0002935181846413675,1.0,0.0,1.0,0.0
Pocket2Mol,mlp_ligand_descriptor,0.5,0.9995254559012948,0.00011741921276991683,0.9996610399294963,0.00011741921276987677,1.0,0.0,1.0,0.0
Pocket2Mol,mlp_pose_shape,0.1,1.0,0.0,1.0,0.0,1.0,0.0,1.0,0.0
Pocket2Mol,mlp_pose_shape,0.2,1.0,0.0,1.0,0.0,1.0,0.0,1.0,0.0
Pocket2Mol,mlp_pose_shape,0.5,0.999728831943597,0.00011741921276985273,1.0,0.0,1.0,0.0,1.0,0.0
Pocket2Mol,mlp_reliamol_novinascore,0.1,1.0,0.0,1.0,0.0,1.0,0.0,1.0,0.0
Pocket2Mol,mlp_reliamol_novinascore,0.2,1.0,0.0,1.0,0.0,1.0,0.0,1.0,0.0
Pocket2Mol,mlp_reliamol_novinascore,0.5,1.0,0.0,1.0,0.0,1.0,0.0,1.0,0.0
Pocket2Mol,rf_reliamol_novinascore,0.1,1.0,0.0,1.0,0.0,1.0,0.0,1.0,0.0
Pocket2Mol,rf_reliamol_novinascore,0.2,1.0,0.0,1.0,0.0,1.0,0.0,1.0,0.0
Pocket2Mol,rf_reliamol_novinascore,0.5,1.0,0.0,1.0,0.0,1.0,0.0,1.0,0.0
Pocket2Mol,hgb_reliamol_novinascore,0.1,1.0,0.0,1.0,0.0,1.0,0.0,1.0,0.0
Pocket2Mol,hgb_reliamol_novinascore,0.2,1.0,0.0,1.0,0.0,1.0,0.0,1.0,0.0
Pocket2Mol,hgb_reliamol_novinascore,0.5,1.0,0.0,1.0,0.0,1.0,0.0,1.0,0.0
TargetDiff,qed,0.1,0.9989395546129375,0.0,0.9989395546129375,0.0,1.0,0.0,1.0,0.0
TargetDiff,qed,0.2,0.9994588744588745,0.0,0.9994588744588745,0.0,1.0,0.0,1.0,0.0
TargetDiff,qed,0.5,0.9973603167619886,0.0,0.9991201055873296,0.0,1.0,0.0,1.0,0.0
TargetDiff,qed_sa,0.1,0.9989395546129375,0.0,0.9989395546129375,0.0,1.0,0.0,1.0,0.0
TargetDiff,qed_sa,0.2,0.9972943722943723,0.0,0.9994588744588745,0.0,1.0,0.0,1.0,0.0
TargetDiff,qed_sa,0.5,0.9960404751429829,0.0,0.9991201055873296,0.0,1.0,0.0,1.0,0.0
TargetDiff,vina_score_only,0.1,0.9978791092258749,0.0,1.0,0.0,1.0,0.0,0.9978791092258749,0.0
TargetDiff,vina_score_only,0.2,0.9983766233766233,0.0,1.0,0.0,1.0,0.0,0.9983766233766233,0.0
TargetDiff,vina_score_only,0.5,0.9975802903651562,0.0,1.0,0.0,0.9997800263968323,0.0,0.9989001319841618,0.0
TargetDiff,vina_minimize,0.1,0.9978791092258749,0.0,1.0,0.0,1.0,0.0,0.9978791092258749,0.0
TargetDiff,vina_minimize,0.2,0.9978354978354979,0.0,1.0,0.0,1.0,0.0,0.9978354978354979,0.0
TargetDiff,vina_minimize,0.5,0.9969203695556533,0.0,0.9997800263968323,0.0,0.9997800263968323,0.0,0.998240211174659,0.0
TargetDiff,qed_sa_vina,0.1,1.0,0.0,1.0,0.0,1.0,0.0,1.0,0.0
TargetDiff,qed_sa_vina,0.2,0.9989177489177489,0.0,1.0,0.0,1.0,0.0,1.0,0.0
TargetDiff,qed_sa_vina,0.5,0.998240211174659,0.0,0.9997800263968323,0.0,1.0,0.0,1.0,0.0
TargetDiff,mlp_ligand_descriptor,0.1,0.9978791092258749,0.0,0.9978791092258749,0.0,1.0,0.0,1.0,0.0
TargetDiff,mlp_ligand_descriptor,0.2,0.9985569985569985,0.000624837953668389,0.9985569985569985,0.000624837953668389,1.0,0.0,1.0,0.0
TargetDiff,mlp_ligand_descriptor,0.5,0.9984601847778266,0.00021997360316768078,0.9986068338466051,0.00012700181900348042,1.0,0.0,0.9998533509312216,0.00012700181900341631
TargetDiff,mlp_pose_shape,0.1,1.0,0.0,1.0,0.0,1.0,0.0,1.0,0.0
TargetDiff,mlp_pose_shape,0.2,1.0,0.0,1.0,0.0,1.0,0.0,1.0,0.0
TargetDiff,mlp_pose_shape,0.5,0.9999266754656109,0.00012700181900344036,1.0,0.0,1.0,0.0,0.9999266754656109,0.00012700181900344036
TargetDiff,mlp_reliamol_novinascore,0.1,0.9996465182043125,0.0006122484296814394,0.9996465182043125,0.0006122484296814394,1.0,0.0,1.0,0.0
TargetDiff,mlp_reliamol_novinascore,0.2,0.9996392496392495,0.00031241897683421054,0.9996392496392495,0.00031241897683421054,1.0,0.0,1.0,0.0
TargetDiff,mlp_reliamol_novinascore,0.5,0.9995600527936648,0.000381005457010297,0.9997067018624431,0.00012700181900341631,1.0,0.0,0.9998533509312216,0.0002540036380068807
TargetDiff,rf_reliamol_novinascore,0.1,1.0,0.0,1.0,0.0,1.0,0.0,1.0,0.0
TargetDiff,rf_reliamol_novinascore,0.2,1.0,0.0,1.0,0.0,1.0,0.0,1.0,0.0
TargetDiff,rf_reliamol_novinascore,0.5,0.9999266754656109,0.00012700181900344036,0.9999266754656109,0.00012700181900344036,1.0,0.0,1.0,0.0
TargetDiff,hgb_reliamol_novinascore,0.1,1.0,0.0,1.0,0.0,1.0,0.0,1.0,0.0
TargetDiff,hgb_reliamol_novinascore,0.2,1.0,0.0,1.0,0.0,1.0,0.0,1.0,0.0
TargetDiff,hgb_reliamol_novinascore,0.5,1.0,0.0,1.0,0.0,1.0,0.0,1.0,0.0
