pdb_id,chain_id,pocket_id,tar_member,crossdocked_domain,sequence_length,sequence_cluster_30,sequence_cluster_40,sequence_cluster_50
2gns,A,2gns-A-rec-4qer-stl-lig-tt-min-0-pocket10_2gns-A-rec-4qer-stl-lig-tt-min-0,PA2B8_DABRR_1_121_0/2gns_A_rec_0.gninatypes,PA2B8_DABRR_1_121_0,121,seq30_008,seq40_007,seq50_027
1jn2,P,1jn2-P-rec-1val-png-lig-tt-docked-11-pocket10_1jn2-P-rec-1val-png-lig-tt-docked-11,CONA_CANCT_1_237_0/1jn2_P_rec_0.gninatypes,CONA_CANCT_1_237_0,237,seq30_021,seq40_020,seq50_018
1dxo,C,1dxo-C-rec-1gg5-e09-lig-tt-min-0-pocket10_1dxo-C-rec-1gg5-e09-lig-tt-min-0,NQO1_HUMAN_2_274_0/1dxo_C_rec_0.gninatypes,NQO1_HUMAN_2_274_0,273,seq30_006,seq40_003,seq50_002
14gs,A,14gs-A-rec-20gs-cbd-lig-tt-min-0-pocket10_14gs-A-rec-20gs-cbd-lig-tt-min-0,GSTP1_HUMAN_2_210_0/14gs_A_rec_0.gninatypes,GSTP1_HUMAN_2_210_0,210,seq30_012,seq40_011,seq50_008
2pqw,A,2pqw-A-rec-2rhy-mlz-lig-tt-min-0-pocket10_2pqw-A-rec-2rhy-mlz-lig-tt-min-0,LMBL1_HUMAN_198_526_0/2pqw_A_rec_0.gninatypes,LMBL1_HUMAN_198_526_0,323,seq30_009,seq40_008,seq50_006
1a2g,A,1a2g-A-rec-4jmv-1ly-lig-tt-min-0-pocket10_1a2g-A-rec-4jmv-1ly-lig-tt-min-0,CCPR_YEAST_69_361_0/1a2g_A_rec_0.gninatypes,CCPR_YEAST_69_361_0,291,seq30_013,seq40_012,seq50_009
2rhy,A,2rhy-A-rec-2rhy-mlz-lig-tt-min-0-pocket10_2rhy-A-rec-2rhy-mlz-lig-tt-min-0,LMBL1_HUMAN_198_526_0/2rhy_A_rec_0.gninatypes,LMBL1_HUMAN_198_526_0,319,seq30_009,seq40_008,seq50_006
1d7j,A,1d7j-A-rec-1tco-fk5-lig-tt-docked-0-pocket10_1d7j-A-rec-1tco-fk5-lig-tt-docked-0,FKB1A_HUMAN_2_108_0/1d7j_A_rec_0.gninatypes,FKB1A_HUMAN_2_108_0,107,seq30_016,seq40_015,seq50_013
2e6d,A,2e6d-A-rec-2e6d-fum-lig-tt-min-0-pocket10_2e6d-A-rec-2e6d-fum-lig-tt-min-0,PYRD_TRYCC_2_314_catalytic_0/2e6d_A_rec_0.gninatypes,PYRD_TRYCC_2_314_catalytic_0,314,seq30_007,seq40_005,seq50_004
2azy,A,2azy-A-rec-2azy-chd-lig-tt-docked-0-pocket10_2azy-A-rec-2azy-chd-lig-tt-docked-0,PA21B_PIG_23_146_0/2azy_A_rec_0.gninatypes,PA21B_PIG_23_146_0,124,seq30_008,seq40_007,seq50_024
2hcj,B,2hcj-B-rec-2hcj-gdp-lig-tt-docked-0-pocket10_2hcj-B-rec-2hcj-gdp-lig-tt-docked-0,EFTU1_ECOLI_2_178_0/2hcj_B_rec_0.gninatypes,EFTU1_ECOLI_2_178_0,335,seq30_027,seq40_028,seq50_028
2e24,A,2e24-A-rec-1j0n-ceg-lig-tt-docked-14-pocket10_2e24-A-rec-1j0n-ceg-lig-tt-docked-14,XANLY_BACGL_26_777_0/2e24_A_rec_0.gninatypes,XANLY_BACGL_26_777_0,752,seq30_026,seq40_027,seq50_026
2f2c,B,2f2c-B-rec-1xo2-fse-lig-tt-min-0-pocket10_2f2c-B-rec-1xo2-fse-lig-tt-min-0,CDK6_HUMAN_1_312_0/2f2c_B_rec_0.gninatypes,CDK6_HUMAN_1_312_0,308,seq30_001,seq40_006,seq50_005
2cy0,A,2cy0-A-rec-2d5c-skm-lig-tt-min-0-pocket10_2cy0-A-rec-2d5c-skm-lig-tt-min-0,AROE_THET8_1_263_0/2cy0_A_rec_0.gninatypes,AROE_THET8_1_263_0,263,seq30_025,seq40_026,seq50_025
1afs,A,1afs-A-rec-1afs-tes-lig-tt-min-0-pocket10_1afs-A-rec-1afs-tes-lig-tt-min-0,DIDH_RAT_1_319_0/1afs_A_rec_0.gninatypes,DIDH_RAT_1_319_0,323,seq30_005,seq40_002,seq50_010
1rs9,A,1rs9-A-rec-1dmk-itu-lig-tt-min-0-pocket10_1rs9-A-rec-1dmk-itu-lig-tt-min-0,NOS3_HUMAN_65_480_0/1rs9_A_rec_0.gninatypes,NOS3_HUMAN_65_480_0,416,seq30_002,seq40_001,seq50_001
2pc8,A,2pc8-A-rec-1eqc-cts-lig-tt-docked-6-pocket10_2pc8-A-rec-1eqc-cts-lig-tt-docked-6,EXG1_CANAL_41_438_0/2pc8_A_rec_0.gninatypes,EXG1_CANAL_41_438_0,400,seq30_029,seq40_030,seq50_030
1k9t,A,1k9t-A-rec-2wlz-dio-lig-tt-min-0-pocket10_1k9t-A-rec-2wlz-dio-lig-tt-min-0,CHIA_SERMA_19_563_0/1k9t_A_rec_0.gninatypes,CHIA_SERMA_19_563_0,540,seq30_003,seq40_021,seq50_019
1gg5,A,1gg5-A-rec-1kbo-340-lig-tt-min-0-pocket10_1gg5-A-rec-1kbo-340-lig-tt-min-0,NQO1_HUMAN_2_274_0/1gg5_A_rec_0.gninatypes,NQO1_HUMAN_2_274_0,273,seq30_006,seq40_003,seq50_002
1h0i,A,1h0i-A-rec-1e6z-ngo-lig-it2-tt-docked-15-pocket10_1h0i-A-rec-1e6z-ngo-lig-it2-tt-docked-15,CHIB_SERMA_1_499_0/1h0i_A_rec_0.gninatypes,CHIB_SERMA_1_499_0,499,seq30_003,seq40_004,seq50_003
1ai4,A,1ai4-A-rec-1ai5-mnp-lig-tt-docked-0-pocket10_1ai4-A-rec-1ai5-mnp-lig-tt-docked-0,PAC_ECOLX_27_846_0/1ai4_A_rec_0.gninatypes,PAC_ECOLX_27_846_0,209,seq30_014,seq40_013,seq50_011
1djy,A,1djy-A-rec-1djz-ip2-lig-tt-min-0-pocket10_1djy-A-rec-1djz-ip2-lig-tt-min-0,PLCD1_RAT_134_756_0/1djy_A_rec_0.gninatypes,PLCD1_RAT_134_756_0,624,seq30_017,seq40_016,seq50_014
1coy,A,1coy-A-rec-1coy-and-lig-tt-docked-0-pocket10_1coy-A-rec-1coy-and-lig-tt-docked-0,CHOD_BREST_46_552_0/1coy_A_rec_0.gninatypes,CHOD_BREST_46_552_0,507,seq30_015,seq40_014,seq50_012
2jjg,A,2jjg-A-rec-2jjg-plp-lig-tt-min-0-pocket10_2jjg-A-rec-2jjg-plp-lig-tt-min-0,LAT_MYCTU_1_449_0/2jjg_A_rec_0.gninatypes,LAT_MYCTU_1_449_0,449,seq30_028,seq40_029,seq50_029
1r1h,A,1r1h-A-rec-1r1h-bir-lig-tt-docked-1-pocket10_1r1h-A-rec-1r1h-bir-lig-tt-docked-1,NEP_HUMAN_54_750_0/1r1h_A_rec_0.gninatypes,NEP_HUMAN_54_750_0,696,seq30_023,seq40_024,seq50_022
1l3l,A,1l3l-A-rec-1l3l-lae-lig-tt-min-0-pocket10_1l3l-A-rec-1l3l-lae-lig-tt-min-0,TRAR_RHIRD_1_234_0/1l3l_A_rec_0.gninatypes,TRAR_RHIRD_1_234_0,234,seq30_022,seq40_022,seq50_020
1phk,A,1phk-A-rec-1phk-atp-lig-tt-min-0-pocket10_1phk-A-rec-1phk-atp-lig-tt-min-0,PHKG1_RABIT_6_296_ATPsite_0/1phk_A_rec_0.gninatypes,PHKG1_RABIT_6_296_ATPsite_0,298,seq30_001,seq40_023,seq50_021
1umd,B,1umd-B-rec-1umb-tdp-lig-tt-docked-1-pocket10_1umd-B-rec-1umb-tdp-lig-tt-docked-1,ODBB_THET8_1_324_0/1umd_B_rec_0.gninatypes,ODBB_THET8_1_324_0,324,seq30_024,seq40_025,seq50_023
1fmc,B,1fmc-B-rec-1fmc-cho-lig-tt-docked-1-pocket10_1fmc-B-rec-1fmc-cho-lig-tt-docked-1,HDHA_ECOLI_1_255_0/1fmc_B_rec_0.gninatypes,HDHA_ECOLI_1_255_0,255,seq30_019,seq40_018,seq50_016
1h36,A,1h36-A-rec-1o79-r23-lig-tt-docked-5-pocket10_1h36-A-rec-1o79-r23-lig-tt-docked-5,SQHC_ALIAD_1_631_0/1h36_A_rec_0.gninatypes,SQHC_ALIAD_1_631_0,631,seq30_020,seq40_019,seq50_017
2rma,A,2rma-A-rec-3rdd-ea4-lig-tt-docked-0-pocket10_2rma-A-rec-3rdd-ea4-lig-tt-docked-0,PPIA_HUMAN_1_165_0/2rma_A_rec_0.gninatypes,PPIA_HUMAN_1_165_0,165,seq30_030,seq40_031,seq50_031
1e8h,A,1e8h-A-rec-1e8h-adp-lig-tt-min-0-pocket10_1e8h-A-rec-1e8h-adp-lig-tt-min-0,VAOX_PENSI_1_560_0/1e8h_A_rec_0.gninatypes,VAOX_PENSI_1_560_0,560,seq30_018,seq40_017,seq50_015
2v3r,A,2v3r-A-rec-1dy4-snp-lig-tt-docked-1-pocket10_2v3r-A-rec-1dy4-snp-lig-tt-docked-1,GUX1_HYPJE_18_451_0/2v3r_A_rec_0.gninatypes,GUX1_HYPJE_18_451_0,434,seq30_031,seq40_032,seq50_032
3chc,B,3chc-B-rec-3ch9-xrg-lig-tt-min-0-pocket10_3chc-B-rec-3ch9-xrg-lig-tt-min-0,CHIB1_ASPFM_39_433_0/3chc_B_rec_0.gninatypes,CHIB1_ASPFM_39_433_0,433,seq30_003,seq40_037,seq50_037
2zen,A,2zen-A-rec-2afx-1bn-lig-tt-docked-7-pocket10_2zen-A-rec-2afx-1bn-lig-tt-docked-7,QPCT_HUMAN_33_361_0/2zen_A_rec_0.gninatypes,QPCT_HUMAN_33_361_0,329,seq30_033,seq40_034,seq50_034
3ej8,A,3ej8-A-rec-2nsi-itu-lig-tt-min-0-pocket10_3ej8-A-rec-2nsi-itu-lig-tt-min-0,NOS2_HUMAN_78_505_0/3ej8_A_rec_0.gninatypes,NOS2_HUMAN_78_505_0,424,seq30_002,seq40_001,seq50_001
2z3h,A,2z3h-A-rec-1wn6-bst-lig-tt-docked-3-pocket10_2z3h-A-rec-1wn6-bst-lig-tt-docked-3,BSD_ASPTE_1_130_0/2z3h_A_rec_0.gninatypes,BSD_ASPTE_1_130_0,130,seq30_032,seq40_033,seq50_033
3gs6,A,3gs6-A-rec-2oxn-oan-lig-tt-docked-4-pocket10_3gs6-A-rec-2oxn-oan-lig-tt-docked-4,NAGZ_VIBCH_1_330_0/3gs6_A_rec_0.gninatypes,NAGZ_VIBCH_1_330_0,340,seq30_038,seq40_041,seq50_041
3g51,A,3g51-A-rec-3g51-anp-lig-tt-min-0-pocket10_3g51-A-rec-3g51-anp-lig-tt-min-0,KS6A3_HUMAN_41_357_0/3g51_A_rec_0.gninatypes,KS6A3_HUMAN_41_357_0,325,seq30_001,seq40_040,seq50_040
3l3n,A,3l3n-A-rec-2iux-nxa-lig-tt-docked-2-pocket10_3l3n-A-rec-2iux-nxa-lig-tt-docked-2,ACE_HUMAN_650_1230_0/3l3n_A_rec_0.gninatypes,ACE_HUMAN_650_1230_0,591,seq30_042,seq40_045,seq50_045
3hy9,B,3hy9-B-rec-3hyg-099-lig-tt-min-0-pocket10_3hy9-B-rec-3hyg-099-lig-tt-min-0,ATS5_HUMAN_262_480_0/3hy9_B_rec_0.gninatypes,ATS5_HUMAN_262_480_0,221,seq30_039,seq40_042,seq50_042
3b6h,A,3b6h-A-rec-3b6h-mxd-lig-tt-min-0-pocket10_3b6h-A-rec-3b6h-mxd-lig-tt-min-0,PTGIS_HUMAN_20_500_0/3b6h_A_rec_0.gninatypes,PTGIS_HUMAN_20_500_0,498,seq30_035,seq40_036,seq50_036
3af2,A,3af2-A-rec-3af4-gcp-lig-tt-min-0-pocket10_3af2-A-rec-3af4-gcp-lig-tt-min-0,COAA_MYCTU_1_312_0/3af2_A_rec_0.gninatypes,COAA_MYCTU_1_312_0,312,seq30_034,seq40_035,seq50_035
3li4,A,3li4-A-rec-2gvv-di9-lig-tt-min-0-pocket10_3li4-A-rec-2gvv-di9-lig-tt-min-0,DFPA_LOLVU_2_314_0/3li4_A_rec_0.gninatypes,DFPA_LOLVU_2_314_0,314,seq30_043,seq40_046,seq50_046
3pnm,A,3pnm-A-rec-3pnq-2ha-lig-tt-docked-10-pocket10_3pnm-A-rec-3pnq-2ha-lig-tt-docked-10,DHAK_ECOLI_1_356_0/3pnm_A_rec_0.gninatypes,DHAK_ECOLI_1_356_0,357,seq30_045,seq40_050,seq50_050
3kc1,A,3kc1-A-rec-3kc1-2t6-lig-tt-min-0-pocket10_3kc1-A-rec-3kc1-2t6-lig-tt-min-0,F16P1_HUMAN_1_338_0/3kc1_A_rec_0.gninatypes,F16P1_HUMAN_1_338_0,337,seq30_041,seq40_044,seq50_044
3pdh,A,3pdh-A-rec-4buz-ocz-lig-tt-min-0-pocket10_3pdh-A-rec-4buz-ocz-lig-tt-min-0,NPD_THEMA_1_246_0/3pdh_A_rec_0.gninatypes,NPD_THEMA_1_246_0,246,seq30_010,seq40_049,seq50_049
3dzh,A,3dzh-A-rec-3u4i-cvr-lig-tt-docked-0-pocket10_3dzh-A-rec-3u4i-cvr-lig-tt-docked-0,CD38_HUMAN_44_300_0/3dzh_A_rec_0.gninatypes,CD38_HUMAN_44_300_0,262,seq30_037,seq40_039,seq50_039
4aua,A,4aua-A-rec-4aua-4au-lig-it2-tt-docked-7-pocket10_4aua-A-rec-4aua-4au-lig-it2-tt-docked-7,CDK6_HUMAN_1_312_0/4aua_A_rec_0.gninatypes,CDK6_HUMAN_1_312_0,307,seq30_001,seq40_006,seq50_005
3daf,A,3daf-A-rec-3daf-feg-lig-tt-docked-0-pocket10_3daf-A-rec-3daf-feg-lig-tt-docked-0,HMD_METJA_1_358_0/3daf_A_rec_0.gninatypes,HMD_METJA_1_358_0,358,seq30_036,seq40_038,seq50_038
3jyh,A,3jyh-A-rec-3n0t-opy-lig-tt-min-0-pocket10_3jyh-A-rec-3n0t-opy-lig-tt-min-0,DPP2_HUMAN_27_492_0/3jyh_A_rec_0.gninatypes,DPP2_HUMAN_27_492_0,469,seq30_040,seq40_043,seq50_043
3w83,B,3w83-B-rec-2e6d-fum-lig-tt-min-0-pocket10_3w83-B-rec-2e6d-fum-lig-tt-min-0,PYRD_TRYCC_2_314_catalytic_0/3w83_B_rec_0.gninatypes,PYRD_TRYCC_2_314_catalytic_0,313,seq30_007,seq40_005,seq50_004
3tym,A,3tym-A-rec-3n5v-xfh-lig-tt-min-0-pocket10_3tym-A-rec-3n5v-xfh-lig-tt-min-0,NOS1_HUMAN_302_723_0/3tym_A_rec_0.gninatypes,NOS1_HUMAN_302_723_0,422,seq30_002,seq40_001,seq50_001
3o96,A,3o96-A-rec-3o96-iqo-lig-tt-docked-2-pocket10_3o96-A-rec-3o96-iqo-lig-tt-docked-2,AKT1_HUMAN_1_137_0/3o96_A_rec_0.gninatypes,AKT1_HUMAN_1_137_0,446,seq30_001,seq40_048,seq50_048
3nfb,A,3nfb-A-rec-3nfb-oae-lig-tt-docked-2-pocket10_3nfb-A-rec-3nfb-oae-lig-tt-docked-2,BAPA_SPHXN_30_402_0/3nfb_A_rec_0.gninatypes,BAPA_SPHXN_30_402_0,373,seq30_044,seq40_047,seq50_047
3u9f,C,3u9f-C-rec-3u9f-clm-lig-tt-min-0-pocket10_3u9f-C-rec-3u9f-clm-lig-tt-min-0,CAT_ECOLX_1_219_0/3u9f_C_rec_0.gninatypes,CAT_ECOLX_1_219_0,219,seq30_046,seq40_051,seq50_052
4azf,A,4azf-A-rec-5lxc-7aa-lig-tt-min-0-pocket10_4azf-A-rec-5lxc-7aa-lig-tt-min-0,DYRK2_HUMAN_145_550_0/4azf_A_rec_0.gninatypes,DYRK2_HUMAN_145_550_0,417,seq30_049,seq40_054,seq50_055
4d7o,A,4d7o-A-rec-3n5z-xfm-lig-tt-min-0-pocket10_4d7o-A-rec-3n5z-xfm-lig-tt-min-0,NOS1_HUMAN_302_723_0/4d7o_A_rec_0.gninatypes,NOS1_HUMAN_302_723_0,422,seq30_002,seq40_001,seq50_001
4bel,A,4bel-A-rec-2ewy-dbo-lig-tt-min-0-pocket10_4bel-A-rec-2ewy-dbo-lig-tt-min-0,BACE2_HUMAN_76_460_0/4bel_A_rec_0.gninatypes,BACE2_HUMAN_76_460_0,386,seq30_050,seq40_055,seq50_056
4aaw,A,4aaw-A-rec-4ac3-r83-lig-tt-min-0-pocket10_4aaw-A-rec-4ac3-r83-lig-tt-min-0,GLMU_STRPN_2_459_0/4aaw_A_rec_0.gninatypes,GLMU_STRPN_2_459_0,459,seq30_048,seq40_053,seq50_054
3v4t,A,3v4t-A-rec-4e7f-udp-lig-tt-min-0-pocket10_3v4t-A-rec-4e7f-udp-lig-tt-min-0,MURA_ECOLI_1_419_catalytic_0/3v4t_A_rec_0.gninatypes,MURA_ECOLI_1_419_catalytic_0,419,seq30_047,seq40_052,seq50_053
4f1m,A,4f1m-A-rec-4f1m-acp-lig-tt-min-0-pocket10_4f1m-A-rec-4f1m-acp-lig-tt-min-0,ROCO4_DICDI_1009_1292_0/4f1m_A_rec_0.gninatypes,ROCO4_DICDI_1009_1292_0,287,seq30_001,seq40_056,seq50_057
3u5y,B,3u5y-B-rec-3u57-dh8-lig-tt-min-0-pocket10_3u5y-B-rec-3u57-dh8-lig-tt-min-0,RG1_RAUSE_1_513_0/3u5y_B_rec_0.gninatypes,RG1_RAUSE_1_513_0,513,seq30_011,seq40_009,seq50_051
4g3d,B,4g3d-B-rec-4idv-13v-lig-tt-min-0-pocket10_4g3d-B-rec-4idv-13v-lig-tt-min-0,M3K14_HUMAN_321_678_0/4g3d_B_rec_0.gninatypes,M3K14_HUMAN_321_678_0,371,seq30_051,seq40_057,seq50_058
4gvd,A,4gvd-A-rec-4nxr-ans-lig-tt-min-0-pocket10_4gvd-A-rec-4nxr-ans-lig-tt-min-0,TIAM1_HUMAN_840_931_0/4gvd_A_rec_0.gninatypes,TIAM1_HUMAN_840_931_0,94,seq30_052,seq40_058,seq50_059
4h3c,A,4h3c-A-rec-5cqj-53q-lig-tt-docked-2-pocket10_4h3c-A-rec-5cqj-53q-lig-tt-docked-2,UPPS_ECOLI_1_253_0/4h3c_A_rec_0.gninatypes,UPPS_ECOLI_1_253_0,253,seq30_053,seq40_059,seq50_060
4q8b,B,4q8b-B-rec-4q8b-sxx-lig-tt-min-0-pocket10_4q8b-B-rec-4q8b-sxx-lig-tt-min-0,COTA_BACSU_1_513_0/4q8b_B_rec_0.gninatypes,COTA_BACSU_1_513_0,513,seq30_062,seq40_068,seq50_069
4u5s,A,4u5s-A-rec-4u54-3c5-lig-tt-min-0-pocket10_4u5s-A-rec-4u54-3c5-lig-tt-min-0,IMA1_HUMAN_68_497_0/4u5s_A_rec_0.gninatypes,IMA1_HUMAN_68_497_0,426,seq30_066,seq40_073,seq50_075
4rn0,B,4rn0-B-rec-4rn1-l8g-lig-tt-min-0-pocket10_4rn0-B-rec-4rn1-l8g-lig-tt-min-0,HDAC8_HUMAN_1_377_0/4rn0_B_rec_0.gninatypes,HDAC8_HUMAN_1_377_0,389,seq30_064,seq40_070,seq50_072
4iiy,A,4iiy-A-rec-3tle-gsu-lig-tt-docked-12-pocket10_4iiy-A-rec-3tle-gsu-lig-tt-docked-12,MCCF_ECOLX_1_344_0/4iiy_A_rec_0.gninatypes,MCCF_ECOLX_1_344_0,371,seq30_054,seq40_060,seq50_061
4tqr,A,4tqr-A-rec-2xca-doc-lig-tt-min-0-pocket10_4tqr-A-rec-2xca-doc-lig-tt-min-0,DPO4_SULSO_1_347_0/4tqr_A_rec_0.gninatypes,DPO4_SULSO_1_347_0,342,seq30_065,seq40_072,seq50_074
4rv4,A,4rv4-A-rec-4rv4-prp-lig-tt-docked-2-pocket10_4rv4-A-rec-4rv4-prp-lig-tt-docked-2,PYRE_BACAN_1_210_0/4rv4_A_rec_0.gninatypes,PYRE_BACAN_1_210_0,234,seq30_004,seq40_071,seq50_073
4lfu,A,4lfu-A-rec-4y13-480-lig-tt-min-0-pocket10_4lfu-A-rec-4y13-480-lig-tt-min-0,SDIA_ECOLI_1_171_0/4lfu_A_rec_0.gninatypes,SDIA_ECOLI_1_171_0,248,seq30_058,seq40_064,seq50_065
4pxz,A,4pxz-A-rec-4pxz-6ad-lig-tt-min-0-pocket10_4pxz-A-rec-4pxz-6ad-lig-tt-min-0,P2Y12_HUMAN_1_342_0/4pxz_A_rec_0.gninatypes,P2Y12_HUMAN_1_342_0,466,seq30_061,seq40_067,seq50_068
4iwq,A,4iwq-A-rec-4jlc-su6-lig-tt-min-0-pocket10_4iwq-A-rec-4jlc-su6-lig-tt-min-0,TBK1_HUMAN_1_303_0/4iwq_A_rec_0.gninatypes,TBK1_HUMAN_1_303_0,659,seq30_055,seq40_061,seq50_062
4p6p,A,4p6p-A-rec-4p77-5rp-lig-tt-docked-0-pocket10_4p6p-A-rec-4p77-5rp-lig-tt-docked-0,RIBB_VIBCH_2_218_0/4p6p_A_rec_0.gninatypes,RIBB_VIBCH_2_218_0,237,seq30_060,seq40_066,seq50_067
4kcq,A,4kcq-A-rec-4cwv-hw8-lig-tt-min-0-pocket10_4kcq-A-rec-4cwv-hw8-lig-tt-min-0,NOS3_HUMAN_65_480_0/4kcq_A_rec_0.gninatypes,NOS3_HUMAN_65_480_0,443,seq30_002,seq40_001,seq50_001
4m7t,A,4m7t-A-rec-4m7t-sam-lig-tt-min-0-pocket10_4m7t-A-rec-4m7t-sam-lig-tt-min-0,BTRN_BACCI_2_250_0/4m7t_A_rec_0.gninatypes,BTRN_BACCI_2_250_0,270,seq30_059,seq40_065,seq50_066
4keu,A,4keu-A-rec-4ket-pg4-lig-tt-min-0-pocket10_4keu-A-rec-4ket-pg4-lig-tt-min-0,PHP_SULSO_1_314_0/4keu_A_rec_0.gninatypes,PHP_SULSO_1_314_0,314,seq30_057,seq40_063,seq50_064
4tos,A,4tos-A-rec-4tos-355-lig-tt-min-0-pocket10_4tos-A-rec-4tos-355-lig-tt-min-0,TNKS1_HUMAN_1099_1319_0/4tos_A_rec_0.gninatypes,TNKS1_HUMAN_1099_1319_0,236,seq30_004,seq40_010,seq50_007
4qlk,A,4qlk-A-rec-4qlk-ctt-lig-tt-docked-0-pocket10_4qlk-A-rec-4qlk-ctt-lig-tt-docked-0,BGL07_ORYSJ_25_504_0/4qlk_A_rec_0.gninatypes,BGL07_ORYSJ_25_504_0,481,seq30_011,seq40_009,seq50_070
4xli,B,4xli-B-rec-4xli-1n1-lig-tt-min-0-pocket10_4xli-B-rec-4xli-1n1-lig-tt-min-0,ABL2_HUMAN_274_551_0/4xli_B_rec_0.gninatypes,ABL2_HUMAN_274_551_0,268,seq30_001,seq40_074,seq50_076
4ja8,B,4ja8-B-rec-4ja8-1k9-lig-tt-docked-0-pocket10_4ja8-B-rec-4ja8-1k9-lig-tt-docked-0,IDHP_HUMAN_40_452_0/4ja8_B_rec_0.gninatypes,IDHP_HUMAN_40_452_0,416,seq30_056,seq40_062,seq50_063
4rlu,A,4rlu-A-rec-4rlu-hcc-lig-tt-min-0-pocket10_4rlu-A-rec-4rlu-hcc-lig-tt-min-0,Y635_MYCTU_1_158_0/4rlu_A_rec_0.gninatypes,Y635_MYCTU_1_158_0,158,seq30_063,seq40_069,seq50_071
5d7n,D,5d7n-D-rec-4jt9-1ns-lig-tt-min-0-pocket10_5d7n-D-rec-4jt9-1ns-lig-tt-min-0,SIR3_HUMAN_117_398_0/5d7n_D_rec_0.gninatypes,SIR3_HUMAN_117_398_0,281,seq30_010,seq40_079,seq50_081
5b08,A,5b08-A-rec-5b09-4mx-lig-tt-min-0-pocket10_5b08-A-rec-5b09-4mx-lig-tt-min-0,OLIAC_CANSA_1_101_0/5b08_A_rec_0.gninatypes,OLIAC_CANSA_1_101_0,104,seq30_069,seq40_077,seq50_079
5aeh,A,5aeh-A-rec-5aeh-8ir-lig-tt-docked-0-pocket10_5aeh-A-rec-5aeh-8ir-lig-tt-docked-0,TNKS2_HUMAN_948_1162_0/5aeh_A_rec_0.gninatypes,TNKS2_HUMAN_948_1162_0,240,seq30_004,seq40_010,seq50_007
4z2g,A,4z2g-A-rec-4z2g-m6v-lig-tt-docked-16-pocket10_4z2g-A-rec-4z2g-m6v-lig-tt-docked-16,CHIB_SERMA_1_499_0/4z2g_A_rec_0.gninatypes,CHIB_SERMA_1_499_0,503,seq30_003,seq40_004,seq50_003
5l1v,A,5l1v-A-rec-5l1v-7pf-lig-tt-docked-0-pocket10_5l1v-A-rec-5l1v-7pf-lig-tt-docked-0,PNTM_STRAE_2_398_0/5l1v_A_rec_0.gninatypes,PNTM_STRAE_2_398_0,401,seq30_071,seq40_081,seq50_083
5i0b,A,5i0b-A-rec-5vef-m77-lig-tt-min-0-pocket10_5i0b-A-rec-5vef-m77-lig-tt-min-0,PAK4_HUMAN_291_591_ATP_0/5i0b_A_rec_0.gninatypes,PAK4_HUMAN_291_591_ATP_0,296,seq30_001,seq40_080,seq50_082
4zfa,A,4zfa-A-rec-1smj-pam-lig-tt-min-0-pocket10_4zfa-A-rec-1smj-pam-lig-tt-min-0,CPXB_BACMB_2_464_0/4zfa_A_rec_0.gninatypes,CPXB_BACMB_2_464_0,468,seq30_068,seq40_076,seq50_078
5bur,A,5bur-A-rec-5x8f-amp-lig-tt-docked-7-pocket10_5bur-A-rec-5x8f-amp-lig-tt-docked-7,MENE_BACSU_2_486_0/5bur_A_rec_0.gninatypes,MENE_BACSU_2_486_0,494,seq30_070,seq40_078,seq50_080
5liu,X,5liu-X-rec-4gq0-qap-lig-tt-min-0-pocket10_5liu-X-rec-4gq0-qap-lig-tt-min-0,AK1BA_HUMAN_1_316_0/5liu_X_rec_0.gninatypes,AK1BA_HUMAN_1_316_0,316,seq30_005,seq40_002,seq50_084
4yhj,A,4yhj-A-rec-4yhj-an2-lig-tt-min-0-pocket10_4yhj-A-rec-4yhj-an2-lig-tt-min-0,GRK4_HUMAN_1_578_0/4yhj_A_rec_0.gninatypes,GRK4_HUMAN_1_578_0,584,seq30_067,seq40_075,seq50_077
5mgl,A,5mgl-A-rec-5mgl-7mu-lig-tt-min-0-pocket10_5mgl-A-rec-5mgl-7mu-lig-tt-min-0,BAZ2A_HUMAN_1795_1898_0/5mgl_A_rec_0.gninatypes,BAZ2A_HUMAN_1795_1898_0,105,seq30_072,seq40_082,seq50_085
5mma,A,5mma-A-rec-4ztf-x2p-lig-tt-min-0-pocket10_5mma-A-rec-4ztf-x2p-lig-tt-min-0,POL_FOAMV_861_1060_0/5mma_A_rec_0.gninatypes,POL_FOAMV_861_1060_0,395,seq30_073,seq40_083,seq50_086
5ngz,A,5ngz-A-rec-5ngz-2bg-lig-tt-min-0-pocket10_5ngz-A-rec-5ngz-2bg-lig-tt-min-0,UBE2T_HUMAN_1_156_0/5ngz_A_rec_0.gninatypes,UBE2T_HUMAN_1_156_0,197,seq30_074,seq40_084,seq50_087
5tjn,A,5tjn-A-rec-1zj1-nlc-lig-tt-docked-4-pocket10_5tjn-A-rec-1zj1-nlc-lig-tt-docked-4,BGAT_HUMAN_63_353_0/5tjn_A_rec_0.gninatypes,BGAT_HUMAN_63_353_0,297,seq30_076,seq40_086,seq50_089
5w2g,A,5w2g-A-rec-5w2i-adp-lig-tt-min-0-pocket10_5w2g-A-rec-5w2i-adp-lig-tt-min-0,IPMK_HUMAN_49_416_0/5w2g_A_rec_0.gninatypes,IPMK_HUMAN_49_416_0,257,seq30_077,seq40_087,seq50_090
5q0k,A,5q0k-A-rec-5q0q-9ld-lig-tt-docked-0-pocket10_5q0k-A-rec-5q0q-9ld-lig-tt-docked-0,NR1H4_HUMAN_258_486_0/5q0k_A_rec_0.gninatypes,NR1H4_HUMAN_258_486_0,233,seq30_075,seq40_085,seq50_088
