method,topk_frac,reliable_proxy_rate_mean,reliable_proxy_rate_std,chemical_pass_rate_mean,chemical_pass_rate_std,geometry_pass_rate_mean,geometry_pass_rate_std,pocket_pass_rate_mean,pocket_pass_rate_std,clash_free_rate_mean,clash_free_rate_std,synthetic_pass_rate_mean,synthetic_pass_rate_std,diversity_proxy_mean,diversity_proxy_std
qed,0.1,0.955,,1.0,,0.992,,1.0,,0.963,,1.0,,10.0,
qed,0.2,0.952,,1.0,,0.9915,,1.0,,0.9605,,1.0,,20.0,
qed,0.5,0.9526,,0.9998,,0.9894,,1.0,,0.9622,,1.0,,50.0,
qed_sa,0.1,0.966,,0.999,,0.992,,1.0,,0.973,,1.0,,10.0,
qed_sa,0.2,0.9615,,0.9995,,0.991,,1.0,,0.9695,,1.0,,20.0,
qed_sa,0.5,0.9628,,0.9992,,0.9896,,1.0,,0.973,,1.0,,50.0,
mlp_ligand_descriptor,0.1,0.968,,0.997,,0.993,,1.0,,0.975,,1.0,,10.0,
mlp_ligand_descriptor,0.2,0.97,,0.998,,0.9925,,1.0,,0.9775,,1.0,,20.0,
mlp_ligand_descriptor,0.5,0.9624,,0.9988,,0.9898,,1.0,,0.9728,,1.0,,50.0,
mlp_pose_shape,0.1,0.997,,0.998,,1.0,,1.0,,0.999,,1.0,,10.0,
mlp_pose_shape,0.2,0.9955,,0.9985,,1.0,,1.0,,0.9975,,0.9995,,20.0,
mlp_pose_shape,0.5,0.9926,,0.9994,,0.9994,,1.0,,0.9954,,0.9984,,50.0,
mlp_reliamol_novinascore,0.1,0.993,,0.998,,0.999,,1.0,,0.996,,1.0,,10.0,
mlp_reliamol_novinascore,0.2,0.9925,,0.9985,,0.9995,,1.0,,0.996,,0.9985,,20.0,
mlp_reliamol_novinascore,0.5,0.9908,,0.9994,,0.9982,,1.0,,0.9946,,0.9986,,50.0,
rf_reliamol_novinascore,0.1,0.996,,1.0,,0.998,,1.0,,0.998,,1.0,,10.0,
rf_reliamol_novinascore,0.2,0.997,,1.0,,0.999,,1.0,,0.998,,1.0,,20.0,
rf_reliamol_novinascore,0.5,0.9938,,1.0,,0.9982,,1.0,,0.9956,,1.0,,50.0,
hgb_reliamol_novinascore,0.1,0.998,,1.0,,0.998,,1.0,,1.0,,1.0,,10.0,
hgb_reliamol_novinascore,0.2,0.9975,,1.0,,0.9985,,1.0,,0.999,,1.0,,20.0,
hgb_reliamol_novinascore,0.5,0.9948,,1.0,,0.9982,,1.0,,0.9966,,1.0,,50.0,
