epsilon_kj_mol,method,n_pockets,endpoint_positive_rate,delta_vs_qed_sa,ci_low,ci_high,wins,ties,losses
0.1,qed_sa,100,0.9020000000000001,0.0,,,0,100,0
0.1,five_rule,100,0.9110000000000003,0.009000000000000005,0.002000000000000003,0.017000000000000005,8,91,1
0.1,logistic,100,0.9656666666666668,0.06366666666666666,0.04233333333333333,0.08499999999999996,56,29,15
0.1,rf,100,0.9650000000000002,0.06299999999999999,0.041999999999999996,0.08366666666666664,53,27,20
0.2,qed_sa,100,0.8700000000000003,0.0,,,0,100,0
0.2,five_rule,100,0.8840000000000002,0.014000000000000004,0.005,0.025,10,89,1
0.2,logistic,100,0.9343333333333333,0.06433333333333331,0.0436666666666666,0.0856666666666666,56,30,14
0.2,rf,100,0.9366666666666668,0.06666666666666665,0.0459999999999999,0.0883333333333333,53,29,18
0.4,qed_sa,100,0.8990000000000004,0.0,,,0,100,0
0.4,five_rule,100,0.9120000000000004,0.013000000000000006,0.004000000000000001,0.023000000000000007,9,90,1
0.4,logistic,100,0.9630000000000001,0.06399999999999997,0.04166666666666666,0.08633333333333332,55,27,18
0.4,rf,100,0.9663333333333333,0.06733333333333333,0.046999999999999986,0.0883333333333333,54,25,21
