dataset,method,n_seed_rows,endpoint_positive_mean,endpoint_positive_sd,selected_count_mean,nominal_count_mean,failures_per_1000_selected_mean,relaxation_success_mean,conditional_endpoint_rate_success_mean,effective_coverage_mean
DiffSBDD,qed_sa,3,0.87,0.0,1000.0,1000.0,129.99999999999997,0.9490000000000002,0.9174112256586483,1.0
DiffSBDD,contact_clash_rule,3,0.868,0.0,1000.0,1000.0,131.99999999999997,0.9470000000000001,0.9168384879725086,1.0
DiffSBDD,full_audit_gate_qedsa_fixed_budget,3,0.884,0.0,1000.0,1000.0,115.99999999999999,0.9490000000000002,0.9319587628865978,1.0
DiffSBDD,full_audit_gate_qedsa_no_backfill,3,0.884,0.0,1000.0,1000.0,115.99999999999999,0.9490000000000002,0.9319587628865978,1.0
DiffSBDD,audit_failure_count_qedsa,3,0.884,0.0,1000.0,1000.0,115.99999999999999,0.9490000000000002,0.9319587628865978,1.0
DiffSBDD,phys_logreg_full,3,0.9343333333333333,0.0015275252316519208,1000.0,1000.0,65.66666666666666,0.9673333333333334,0.9659793814432991,1.0
DiffSBDD,phys_hgb_full,3,0.93,0.0036055512754639926,1000.0,1000.0,69.99999999999999,0.9633333333333334,0.9654448262695686,1.0
DiffSBDD,phys_rf_direct_excluded,3,0.9366666666666666,0.003785938897200125,1000.0,1000.0,63.33333333333332,0.9646666666666667,0.9710194730813287,1.0
DiffSBDD,phys_rf_full,3,0.9343333333333333,0.006658328118479326,1000.0,1000.0,65.66666666666666,0.965,0.968270332187858,1.0
