analysis,value_col,method,reference,n_groups,method_mean,reference_mean,mean_delta,ci_low,ci_high,wins,ties,losses,generator
paired_delta,conditional_endpoint_rate_success,logreg_endpoint,qed_sa,388,0.9469644902634593,0.9298600883652431,0.017104401898216333,0.005175937857961054,0.02925308869252164,94,228,66,
paired_delta,conditional_endpoint_rate_success,logreg_endpoint,no_sp_element_qedsa,390,0.9463817663817664,0.9306400081400081,0.01574175824175824,0.003899928774928773,0.027854115791615792,92,233,65,
paired_delta,conditional_endpoint_rate_success,logreg_endpoint,qed_sa,97,0.9831615120274915,0.9599533627884145,0.02320814923907708,0.008160796105383736,0.03926178203240058,19,73,5,AR
paired_delta,conditional_endpoint_rate_success,logreg_endpoint,no_sp_element_qedsa,97,0.9831615120274915,0.9600679103256423,0.02309360170184913,0.008075192276223202,0.039139257077401395,19,73,5,AR
paired_delta,conditional_endpoint_rate_success,logreg_endpoint,qed_sa,91,0.8952947845804988,0.8426303854875282,0.05266439909297053,0.0155398569684284,0.09116322169893595,36,37,18,CVAE
paired_delta,conditional_endpoint_rate_success,logreg_endpoint,no_sp_element_qedsa,93,0.8939622802526028,0.8519585253456221,0.04200375490698071,0.004081434545144222,0.079852790578597,35,38,20,CVAE
paired_delta,conditional_endpoint_rate_success,logreg_endpoint,qed_sa,100,0.9778888888888888,0.9938888888888892,-0.015999999999999997,-0.027024999999999993,-0.005999999999999998,4,80,16,Pocket2Mol
paired_delta,conditional_endpoint_rate_success,logreg_endpoint,no_sp_element_qedsa,100,0.9778888888888888,0.994888888888889,-0.016999999999999994,-0.028999999999999998,-0.006,4,80,16,Pocket2Mol
paired_delta,conditional_endpoint_rate_success,logreg_endpoint,qed_sa,100,0.9279484126984127,0.9160198412698413,0.011928571428571426,-0.010840079365079363,0.03476230158730158,35,38,27,TargetDiff
paired_delta,conditional_endpoint_rate_success,logreg_endpoint,no_sp_element_qedsa,100,0.9279484126984127,0.9110198412698413,0.016928571428571425,-0.004599503968253969,0.03874672619047618,34,42,24,TargetDiff
