dataset,method,n_groups,selected_count,nominal_count,endpoint_positive_mean,endpoint_positive_sd,failures_per_1000_selected,failures_per_1000_nominal,relaxation_success_mean,conditional_endpoint_rate_success_mean,conditional_pb_pass_success_mean,effective_coverage_mean
TargetDiff-family,qed_sa,397,3866,3866,0.8525378833313342,0.24247639202638566,147.4621166686658,147.4621166686658,0.9142737195633921,0.9252831567409572,0.9596029716234319,1.0
TargetDiff-family,contact_clash_rule,397,3866,3866,0.7782175842629243,0.27052646246202766,221.7824157370757,221.7824157370757,0.883746151693255,0.8718355718355718,0.9109228734228735,1.0
TargetDiff-family,full_audit_gate_qedsa_fixed_budget,397,3866,3866,0.8527897725001,0.2394343518751074,147.21022749990004,147.21022749990004,0.9145256087321578,0.9272540900418138,0.9570525311573904,1.0
TargetDiff-family,full_audit_gate_qedsa_no_backfill,397,3848,3866,0.854804885850226,0.238556965334635,145.1951141497741,145.1951141497741,0.9145256087321578,0.9293001258474404,0.9573082856330939,0.9954659949622165
TargetDiff-family,audit_failure_count_qedsa,397,3866,3866,0.8527897725001,0.2394343518751074,147.21022749990004,147.21022749990004,0.9145256087321578,0.9272540900418138,0.9570525311573904,1.0
TargetDiff-family,radical_precheck_qedsa,397,3866,3866,0.8525378833313342,0.24247639202638566,147.4621166686658,147.4621166686658,0.9142737195633921,0.9252831567409572,0.9596029716234319,1.0
TargetDiff-family,no_sp_element_qedsa,397,3866,3866,0.8575756667066491,0.235380703733211,142.42433329335094,142.42433329335094,0.9213266162888328,0.9260804152025526,0.9601831657175168,1.0
TargetDiff-family,processability_oracle_qedsa,397,3866,3866,0.9152023109831674,0.1553749514112541,84.79768901683259,84.79768901683259,0.9921914357682619,0.9220865983524211,0.9534890496282902,1.0
TargetDiff-family,logreg_endpoint,397,3866,3866,0.890807044900244,0.19978569266415816,109.1929550997561,109.1929550997561,0.9400503778337531,0.9434665532879819,0.9680575801749272,1.0
TargetDiff-family,hgb_endpoint,397,3866,3866,0.875071968333933,0.2159925245848227,124.92803166606693,124.92803166606693,0.9296879373075847,0.9360594833171363,0.9663548752834468,1.0
