generator,method,reference,n_groups,mean_delta,ci_low,ci_high,wins,ties,losses
CVAE,audit_failure_count_qedsa,qed_sa,100,-3.0531133177191805e-18,-0.018000000000000006,0.016000000000000004,13,75,12
CVAE,audit_failure_count_qedsa,contact_clash_rule,100,0.02244444444444444,-0.023555555555555552,0.06944444444444443,42,24,34
CVAE,audit_failure_count_qedsa,full_audit_gate_qedsa_fixed_budget,100,0.0,0.0,0.0,0,100,0
CVAE,audit_failure_count_qedsa,radical_precheck_qedsa,100,-3.0531133177191805e-18,-0.018000000000000002,0.016,13,75,12
CVAE,audit_failure_count_qedsa,no_sp_element_qedsa,100,-0.019000000000000003,-0.042,0.002999999999999996,12,70,18
CVAE,contact_clash_rule,qed_sa,100,-0.022444444444444444,-0.07045555555555556,0.025,35,25,40
CVAE,contact_clash_rule,full_audit_gate_qedsa_fixed_budget,100,-0.02244444444444444,-0.06844444444444445,0.024000000000000004,34,24,42
CVAE,contact_clash_rule,radical_precheck_qedsa,100,-0.022444444444444444,-0.07244444444444444,0.023,35,25,40
CVAE,contact_clash_rule,no_sp_element_qedsa,100,-0.04144444444444444,-0.09045833333333335,0.007999999999999997,33,25,42
CVAE,full_audit_gate_qedsa_fixed_budget,qed_sa,100,-3.0531133177191805e-18,-0.018000000000000002,0.016000000000000004,13,75,12
CVAE,full_audit_gate_qedsa_fixed_budget,contact_clash_rule,100,0.02244444444444444,-0.024555555555555553,0.06690277777777782,42,24,34
CVAE,full_audit_gate_qedsa_fixed_budget,radical_precheck_qedsa,100,-3.0531133177191805e-18,-0.018000000000000002,0.015999999999999997,13,75,12
CVAE,full_audit_gate_qedsa_fixed_budget,no_sp_element_qedsa,100,-0.019000000000000003,-0.042025,0.002999999999999994,12,70,18
CVAE,full_audit_gate_qedsa_no_backfill,qed_sa,100,0.007999999999999997,-0.012000000000000005,0.028999999999999998,15,73,12
CVAE,full_audit_gate_qedsa_no_backfill,contact_clash_rule,100,0.030444444444444437,-0.017999999999999995,0.07800833333333336,43,24,33
CVAE,full_audit_gate_qedsa_no_backfill,full_audit_gate_qedsa_fixed_budget,100,0.008,0.0,0.023999999999999994,2,98,0
CVAE,full_audit_gate_qedsa_no_backfill,radical_precheck_qedsa,100,0.007999999999999997,-0.013000000000000005,0.02902500000000009,15,73,12
CVAE,full_audit_gate_qedsa_no_backfill,no_sp_element_qedsa,100,-0.011000000000000005,-0.037000000000000005,0.014999999999999993,14,68,18
CVAE,hgb_endpoint,qed_sa,100,0.058888888888888886,0.018999999999999996,0.09888888888888889,46,28,26
CVAE,hgb_endpoint,contact_clash_rule,100,0.08133333333333333,0.037333333333333336,0.12633333333333333,43,30,27
CVAE,hgb_endpoint,full_audit_gate_qedsa_fixed_budget,100,0.05888888888888887,0.021888888888888895,0.0938888888888889,45,30,25
CVAE,hgb_endpoint,radical_precheck_qedsa,100,0.058888888888888886,0.017666666666666667,0.0978888888888889,46,28,26
CVAE,hgb_endpoint,no_sp_element_qedsa,100,0.03988888888888888,0.002000000000000004,0.07801944444444453,43,30,27
CVAE,logreg_endpoint,qed_sa,100,0.0971111111111111,0.05521944444444444,0.1390027777777778,55,29,16
CVAE,logreg_endpoint,contact_clash_rule,100,0.11955555555555554,0.077,0.1645555555555555,52,26,22
CVAE,logreg_endpoint,full_audit_gate_qedsa_fixed_budget,100,0.09711111111111109,0.05910833333333332,0.135,53,34,13
CVAE,logreg_endpoint,radical_precheck_qedsa,100,0.0971111111111111,0.05698333333333334,0.13811111111111113,55,29,16
CVAE,logreg_endpoint,no_sp_element_qedsa,100,0.0781111111111111,0.037108333333333327,0.11700277777777779,51,30,19
CVAE,no_sp_element_qedsa,qed_sa,100,0.019,0.0019999999999999996,0.03900000000000001,7,92,1
CVAE,no_sp_element_qedsa,contact_clash_rule,100,0.04144444444444444,-0.006013888888888887,0.09245277777777783,42,25,33
CVAE,no_sp_element_qedsa,full_audit_gate_qedsa_fixed_budget,100,0.019000000000000003,-0.0019999999999999974,0.04300000000000001,18,70,12
CVAE,no_sp_element_qedsa,radical_precheck_qedsa,100,0.019,0.0009999999999999998,0.03900000000000001,7,92,1
CVAE,processability_oracle_qedsa,qed_sa,100,0.18600000000000005,0.13699999999999998,0.24000000000000005,49,51,0
CVAE,processability_oracle_qedsa,contact_clash_rule,100,0.2084444444444444,0.15400000000000003,0.2618888888888889,66,21,13
CVAE,processability_oracle_qedsa,full_audit_gate_qedsa_fixed_budget,100,0.18600000000000005,0.138,0.23699999999999996,54,40,6
CVAE,processability_oracle_qedsa,radical_precheck_qedsa,100,0.18600000000000005,0.13899999999999998,0.24100000000000005,49,51,0
CVAE,processability_oracle_qedsa,no_sp_element_qedsa,100,0.16700000000000007,0.11900000000000002,0.21800000000000005,46,54,0
CVAE,qed_sa,contact_clash_rule,100,0.022444444444444444,-0.025555555555555557,0.0694555555555556,40,25,35
CVAE,qed_sa,full_audit_gate_qedsa_fixed_budget,100,3.0531133177191805e-18,-0.015999999999999997,0.018000000000000002,12,75,13
CVAE,qed_sa,radical_precheck_qedsa,100,0.0,0.0,0.0,0,100,0
CVAE,qed_sa,no_sp_element_qedsa,100,-0.019,-0.03899999999999999,-0.0009999999999999998,1,92,7
CVAE,radical_precheck_qedsa,qed_sa,100,0.0,0.0,0.0,0,100,0
CVAE,radical_precheck_qedsa,contact_clash_rule,100,0.022444444444444444,-0.024,0.07100000000000001,40,25,35
CVAE,radical_precheck_qedsa,full_audit_gate_qedsa_fixed_budget,100,3.0531133177191805e-18,-0.016,0.018,12,75,13
CVAE,radical_precheck_qedsa,no_sp_element_qedsa,100,-0.019,-0.039,-0.001999999999999999,1,92,7
AR,audit_failure_count_qedsa,qed_sa,97,0.0010309278350515462,0.0,0.0030927835051546386,1,96,0
AR,audit_failure_count_qedsa,contact_clash_rule,97,0.17305269186712485,0.11758089919816725,0.2321635166093929,56,30,11
AR,audit_failure_count_qedsa,full_audit_gate_qedsa_fixed_budget,97,0.0,0.0,0.0,0,97,0
AR,audit_failure_count_qedsa,radical_precheck_qedsa,97,0.0010309278350515462,0.0,0.0030927835051546386,1,96,0
AR,audit_failure_count_qedsa,no_sp_element_qedsa,97,-0.004123711340206186,-0.012371134020618558,0.0010309278350515462,1,93,3
AR,contact_clash_rule,qed_sa,97,-0.1720217640320733,-0.22770618556701033,-0.11877935280641463,11,30,56
AR,contact_clash_rule,full_audit_gate_qedsa_fixed_budget,97,-0.17305269186712485,-0.22993485108820158,-0.11889891179839632,11,30,56
AR,contact_clash_rule,radical_precheck_qedsa,97,-0.1720217640320733,-0.2279359965635739,-0.11775486827033219,11,30,56
AR,contact_clash_rule,no_sp_element_qedsa,97,-0.17717640320733102,-0.23562643184421533,-0.12268041237113403,12,28,57
AR,full_audit_gate_qedsa_fixed_budget,qed_sa,97,0.0010309278350515462,0.0,0.0030927835051546386,1,96,0
AR,full_audit_gate_qedsa_fixed_budget,contact_clash_rule,97,0.17305269186712485,0.11772121993127148,0.23150916380297829,56,30,11
AR,full_audit_gate_qedsa_fixed_budget,radical_precheck_qedsa,97,0.0010309278350515462,0.0,0.0030927835051546386,1,96,0
AR,full_audit_gate_qedsa_fixed_budget,no_sp_element_qedsa,97,-0.004123711340206186,-0.012371134020618558,0.0010309278350515462,1,93,3
AR,full_audit_gate_qedsa_no_backfill,qed_sa,97,0.0010309278350515462,0.0,0.0030927835051546386,1,96,0
AR,full_audit_gate_qedsa_no_backfill,contact_clash_rule,97,0.17305269186712485,0.11892826460481101,0.2314733676975945,56,30,11
AR,full_audit_gate_qedsa_no_backfill,full_audit_gate_qedsa_fixed_budget,97,0.0,0.0,0.0,0,97,0
AR,full_audit_gate_qedsa_no_backfill,radical_precheck_qedsa,97,0.0010309278350515462,0.0,0.0030927835051546386,1,96,0
AR,full_audit_gate_qedsa_no_backfill,no_sp_element_qedsa,97,-0.004123711340206186,-0.012371134020618556,0.0020618556701030924,1,93,3
AR,hgb_endpoint,qed_sa,97,0.033734249713631155,0.010538373424971362,0.05705040091638032,36,45,16
AR,hgb_endpoint,contact_clash_rule,97,0.20575601374570449,0.14861827033218786,0.2660187571592212,62,24,11
AR,hgb_endpoint,full_audit_gate_qedsa_fixed_budget,97,0.03270332187857961,0.008760022909507443,0.05601517754868271,35,46,16
AR,hgb_endpoint,radical_precheck_qedsa,97,0.033734249713631155,0.009620561282932415,0.056815578465063,36,45,16
AR,hgb_endpoint,no_sp_element_qedsa,97,0.02857961053837342,0.005037227949599082,0.05257731958762886,33,49,15
AR,logreg_endpoint,qed_sa,97,0.060710194730813294,0.040091638029782356,0.0829324169530355,38,53,6
AR,logreg_endpoint,contact_clash_rule,97,0.2327319587628866,0.17682774914089347,0.28894687857961054,64,29,4
AR,logreg_endpoint,full_audit_gate_qedsa_fixed_budget,97,0.05967926689576174,0.03871420389461626,0.08144329896907217,38,52,7
AR,logreg_endpoint,radical_precheck_qedsa,97,0.060710194730813294,0.04054696449026345,0.08339347079037802,38,53,6
AR,logreg_endpoint,no_sp_element_qedsa,97,0.05555555555555555,0.034361397479954175,0.07789232531500573,37,54,6
AR,no_sp_element_qedsa,qed_sa,97,0.005154639175257732,-0.0010309278350515462,0.013402061855670104,4,92,1
AR,no_sp_element_qedsa,contact_clash_rule,97,0.17717640320733102,0.12218571019473082,0.23559779495990843,57,28,12
AR,no_sp_element_qedsa,full_audit_gate_qedsa_fixed_budget,97,0.004123711340206186,-0.0010309278350515462,0.012371134020618558,3,93,1
AR,no_sp_element_qedsa,radical_precheck_qedsa,97,0.005154639175257732,-0.0010309278350515462,0.013402061855670104,4,92,1
AR,processability_oracle_qedsa,qed_sa,97,0.06471935853379152,0.04501718213058418,0.08797250859106531,37,60,0
AR,processability_oracle_qedsa,contact_clash_rule,97,0.23674112256586483,0.1784364261168385,0.2965356529209622,68,25,4
AR,processability_oracle_qedsa,full_audit_gate_qedsa_fixed_budget,97,0.06368843069873997,0.043757159221076744,0.08648339060710193,36,61,0
AR,processability_oracle_qedsa,radical_precheck_qedsa,97,0.06471935853379152,0.04421248568155784,0.08808705612829323,37,60,0
AR,processability_oracle_qedsa,no_sp_element_qedsa,97,0.05956471935853378,0.03883161512027491,0.08236540664375717,34,62,1
AR,qed_sa,contact_clash_rule,97,0.1720217640320733,0.12072880870561283,0.2327097651775487,56,30,11
AR,qed_sa,full_audit_gate_qedsa_fixed_budget,97,-0.0010309278350515462,-0.0030927835051546386,0.0,0,96,1
AR,qed_sa,radical_precheck_qedsa,97,0.0,0.0,0.0,0,97,0
AR,qed_sa,no_sp_element_qedsa,97,-0.005154639175257732,-0.013402061855670104,0.0010309278350515462,1,92,4
AR,radical_precheck_qedsa,qed_sa,97,0.0,0.0,0.0,0,97,0
AR,radical_precheck_qedsa,contact_clash_rule,97,0.1720217640320733,0.11717067583046965,0.22858319014891182,56,30,11
AR,radical_precheck_qedsa,full_audit_gate_qedsa_fixed_budget,97,-0.0010309278350515462,-0.0030927835051546386,0.0,0,96,1
AR,radical_precheck_qedsa,no_sp_element_qedsa,97,-0.005154639175257732,-0.013402061855670104,0.0010309278350515462,1,92,4
Pocket2Mol,audit_failure_count_qedsa,qed_sa,100,0.0,0.0,0.0,0,100,0
Pocket2Mol,audit_failure_count_qedsa,contact_clash_rule,100,0.013111111111111105,0.00311111111111111,0.024113888888888903,13,83,4
Pocket2Mol,audit_failure_count_qedsa,full_audit_gate_qedsa_fixed_budget,100,0.0,0.0,0.0,0,100,0
Pocket2Mol,audit_failure_count_qedsa,radical_precheck_qedsa,100,0.0,0.0,0.0,0,100,0
Pocket2Mol,audit_failure_count_qedsa,no_sp_element_qedsa,100,-0.0009999999999999998,-0.002999999999999999,0.0,0,99,1
Pocket2Mol,contact_clash_rule,qed_sa,100,-0.013111111111111105,-0.023999999999999994,-0.002999999999999999,4,83,13
Pocket2Mol,contact_clash_rule,full_audit_gate_qedsa_fixed_budget,100,-0.013111111111111105,-0.024224999999999997,-0.00311111111111111,4,83,13
Pocket2Mol,contact_clash_rule,radical_precheck_qedsa,100,-0.013111111111111105,-0.024225,-0.0030000000000000005,4,83,13
Pocket2Mol,contact_clash_rule,no_sp_element_qedsa,100,-0.014111111111111106,-0.025111111111111105,-0.004000000000000001,3,84,13
Pocket2Mol,full_audit_gate_qedsa_fixed_budget,qed_sa,100,0.0,0.0,0.0,0,100,0
Pocket2Mol,full_audit_gate_qedsa_fixed_budget,contact_clash_rule,100,0.013111111111111105,0.002999999999999999,0.024111111111111104,13,83,4
Pocket2Mol,full_audit_gate_qedsa_fixed_budget,radical_precheck_qedsa,100,0.0,0.0,0.0,0,100,0
Pocket2Mol,full_audit_gate_qedsa_fixed_budget,no_sp_element_qedsa,100,-0.0009999999999999998,-0.002999999999999999,0.0,0,99,1
Pocket2Mol,full_audit_gate_qedsa_no_backfill,qed_sa,100,0.0,0.0,0.0,0,100,0
Pocket2Mol,full_audit_gate_qedsa_no_backfill,contact_clash_rule,100,0.013111111111111105,0.002999999999999999,0.02422222222222222,13,83,4
Pocket2Mol,full_audit_gate_qedsa_no_backfill,full_audit_gate_qedsa_fixed_budget,100,0.0,0.0,0.0,0,100,0
Pocket2Mol,full_audit_gate_qedsa_no_backfill,radical_precheck_qedsa,100,0.0,0.0,0.0,0,100,0
Pocket2Mol,full_audit_gate_qedsa_no_backfill,no_sp_element_qedsa,100,-0.0009999999999999998,-0.002999999999999999,0.0,0,99,1
Pocket2Mol,hgb_endpoint,qed_sa,100,-0.0028888888888888875,-0.009888888888888886,0.003222222222222223,3,92,5
Pocket2Mol,hgb_endpoint,contact_clash_rule,100,0.010222222222222221,-0.0007777777777777761,0.021666666666666664,12,82,6
Pocket2Mol,hgb_endpoint,full_audit_gate_qedsa_fixed_budget,100,-0.0028888888888888875,-0.009888888888888886,0.003225000000000011,3,92,5
Pocket2Mol,hgb_endpoint,radical_precheck_qedsa,100,-0.0028888888888888875,-0.009888888888888886,0.003222222222222223,3,92,5
Pocket2Mol,hgb_endpoint,no_sp_element_qedsa,100,-0.0038888888888888875,-0.010999999999999996,0.002222222222222223,3,91,6
Pocket2Mol,logreg_endpoint,qed_sa,100,-0.015999999999999997,-0.026999999999999996,-0.005999999999999998,4,80,16
Pocket2Mol,logreg_endpoint,contact_clash_rule,100,-0.0028888888888888888,-0.016999999999999998,0.011999999999999997,12,74,14
Pocket2Mol,logreg_endpoint,full_audit_gate_qedsa_fixed_budget,100,-0.015999999999999997,-0.027999999999999997,-0.005999999999999998,4,80,16
Pocket2Mol,logreg_endpoint,radical_precheck_qedsa,100,-0.015999999999999997,-0.027999999999999997,-0.005999999999999998,4,80,16
Pocket2Mol,logreg_endpoint,no_sp_element_qedsa,100,-0.016999999999999994,-0.028999999999999995,-0.006,4,80,16
Pocket2Mol,no_sp_element_qedsa,qed_sa,100,0.0009999999999999998,0.0,0.003999999999999999,1,99,0
Pocket2Mol,no_sp_element_qedsa,contact_clash_rule,100,0.014111111111111106,0.0041111111111111105,0.025111111111111112,13,84,3
Pocket2Mol,no_sp_element_qedsa,full_audit_gate_qedsa_fixed_budget,100,0.0009999999999999998,0.0,0.002999999999999999,1,99,0
Pocket2Mol,no_sp_element_qedsa,radical_precheck_qedsa,100,0.0009999999999999998,0.0,0.002999999999999999,1,99,0
Pocket2Mol,processability_oracle_qedsa,qed_sa,100,0.0,0.0,0.0,0,100,0
Pocket2Mol,processability_oracle_qedsa,contact_clash_rule,100,0.013111111111111105,0.002999999999999999,0.024222222222222214,13,83,4
Pocket2Mol,processability_oracle_qedsa,full_audit_gate_qedsa_fixed_budget,100,0.0,0.0,0.0,0,100,0
Pocket2Mol,processability_oracle_qedsa,radical_precheck_qedsa,100,0.0,0.0,0.0,0,100,0
Pocket2Mol,processability_oracle_qedsa,no_sp_element_qedsa,100,-0.0009999999999999998,-0.002999999999999999,0.0,0,99,1
Pocket2Mol,qed_sa,contact_clash_rule,100,0.013111111111111105,0.002999999999999999,0.025111111111111112,13,83,4
Pocket2Mol,qed_sa,full_audit_gate_qedsa_fixed_budget,100,0.0,0.0,0.0,0,100,0
Pocket2Mol,qed_sa,radical_precheck_qedsa,100,0.0,0.0,0.0,0,100,0
Pocket2Mol,qed_sa,no_sp_element_qedsa,100,-0.0009999999999999998,-0.002999999999999999,0.0,0,99,1
Pocket2Mol,radical_precheck_qedsa,qed_sa,100,0.0,0.0,0.0,0,100,0
Pocket2Mol,radical_precheck_qedsa,contact_clash_rule,100,0.013111111111111105,0.00311111111111111,0.025111111111111105,13,83,4
Pocket2Mol,radical_precheck_qedsa,full_audit_gate_qedsa_fixed_budget,100,0.0,0.0,0.0,0,100,0
Pocket2Mol,radical_precheck_qedsa,no_sp_element_qedsa,100,-0.0009999999999999998,-0.002999999999999999,0.0,0,99,1
TargetDiff,audit_failure_count_qedsa,qed_sa,100,0.0,0.0,0.0,0,100,0
TargetDiff,audit_failure_count_qedsa,contact_clash_rule,100,0.09263492063492063,0.06375555555555557,0.12023849206349206,62,25,13
TargetDiff,audit_failure_count_qedsa,full_audit_gate_qedsa_fixed_budget,100,0.0,0.0,0.0,0,100,0
TargetDiff,audit_failure_count_qedsa,radical_precheck_qedsa,100,0.0,0.0,0.0,0,100,0
TargetDiff,audit_failure_count_qedsa,no_sp_element_qedsa,100,0.005000000000000001,-0.004583333333333331,0.016250694444444443,7,88,5
TargetDiff,contact_clash_rule,qed_sa,100,-0.09263492063492063,-0.12128343253968255,-0.06218938492063491,13,25,62
TargetDiff,contact_clash_rule,full_audit_gate_qedsa_fixed_budget,100,-0.09263492063492063,-0.12020654761904762,-0.06359345238095238,13,25,62
TargetDiff,contact_clash_rule,radical_precheck_qedsa,100,-0.09263492063492063,-0.12254374999999998,-0.06099454365079363,13,25,62
TargetDiff,contact_clash_rule,no_sp_element_qedsa,100,-0.08763492063492062,-0.11954325396825395,-0.0563718253968254,12,28,60
TargetDiff,full_audit_gate_qedsa_fixed_budget,qed_sa,100,0.0,0.0,0.0,0,100,0
TargetDiff,full_audit_gate_qedsa_fixed_budget,contact_clash_rule,100,0.09263492063492063,0.06267371031746033,0.12148859126984125,62,25,13
TargetDiff,full_audit_gate_qedsa_fixed_budget,radical_precheck_qedsa,100,0.0,0.0,0.0,0,100,0
TargetDiff,full_audit_gate_qedsa_fixed_budget,no_sp_element_qedsa,100,0.005000000000000001,-0.004611805555555556,0.01669583333333334,7,88,5
TargetDiff,full_audit_gate_qedsa_no_backfill,qed_sa,100,0.0,0.0,0.0,0,100,0
TargetDiff,full_audit_gate_qedsa_no_backfill,contact_clash_rule,100,0.09263492063492063,0.06459751984126984,0.12115882936507937,62,25,13
TargetDiff,full_audit_gate_qedsa_no_backfill,full_audit_gate_qedsa_fixed_budget,100,0.0,0.0,0.0,0,100,0
TargetDiff,full_audit_gate_qedsa_no_backfill,radical_precheck_qedsa,100,0.0,0.0,0.0,0,100,0
TargetDiff,full_audit_gate_qedsa_no_backfill,no_sp_element_qedsa,100,0.005000000000000001,-0.004444444444444442,0.01722500000000001,7,88,5
TargetDiff,hgb_endpoint,qed_sa,100,0.0007380952380952366,-0.02314424603174604,0.026334722222222228,33,37,30
TargetDiff,hgb_endpoint,contact_clash_rule,100,0.09337301587301587,0.06674900793650794,0.11957688492063494,61,26,13
TargetDiff,hgb_endpoint,full_audit_gate_qedsa_fixed_budget,100,0.0007380952380952366,-0.025437896825396825,0.025948809523809534,33,37,30
TargetDiff,hgb_endpoint,radical_precheck_qedsa,100,0.0007380952380952366,-0.023147619047619045,0.025825595238095234,33,37,30
TargetDiff,hgb_endpoint,no_sp_element_qedsa,100,0.005738095238095237,-0.02036071428571428,0.032841170634920654,33,38,29
TargetDiff,logreg_endpoint,qed_sa,100,0.011928571428571426,-0.010139583333333332,0.03317886904761904,35,38,27
TargetDiff,logreg_endpoint,contact_clash_rule,100,0.10456349206349205,0.07704880952380952,0.13223859126984125,64,23,13
TargetDiff,logreg_endpoint,full_audit_gate_qedsa_fixed_budget,100,0.011928571428571426,-0.010461011904761907,0.034611706349206364,35,38,27
TargetDiff,logreg_endpoint,radical_precheck_qedsa,100,0.011928571428571426,-0.010055952380952386,0.03461240079365079,35,38,27
TargetDiff,logreg_endpoint,no_sp_element_qedsa,100,0.016928571428571425,-0.004418154761904763,0.03808045634920635,34,42,24
TargetDiff,no_sp_element_qedsa,qed_sa,100,-0.005000000000000001,-0.01650138888888889,0.004472222222222219,5,88,7
TargetDiff,no_sp_element_qedsa,contact_clash_rule,100,0.08763492063492062,0.05684801587301586,0.11831775793650798,60,28,12
TargetDiff,no_sp_element_qedsa,full_audit_gate_qedsa_fixed_budget,100,-0.005000000000000001,-0.016029861111111113,0.004583333333333332,5,88,7
TargetDiff,no_sp_element_qedsa,radical_precheck_qedsa,100,-0.005000000000000001,-0.016140972222222223,0.00461111111111111,5,88,7
TargetDiff,processability_oracle_qedsa,qed_sa,100,0.0,0.0,0.0,0,100,0
TargetDiff,processability_oracle_qedsa,contact_clash_rule,100,0.09263492063492063,0.0625077380952381,0.12105416666666673,62,25,13
TargetDiff,processability_oracle_qedsa,full_audit_gate_qedsa_fixed_budget,100,0.0,0.0,0.0,0,100,0
TargetDiff,processability_oracle_qedsa,radical_precheck_qedsa,100,0.0,0.0,0.0,0,100,0
TargetDiff,processability_oracle_qedsa,no_sp_element_qedsa,100,0.005000000000000001,-0.00416736111111111,0.016527777777777777,7,88,5
TargetDiff,qed_sa,contact_clash_rule,100,0.09263492063492063,0.06197132936507937,0.12190089285714285,62,25,13
TargetDiff,qed_sa,full_audit_gate_qedsa_fixed_budget,100,0.0,0.0,0.0,0,100,0
TargetDiff,qed_sa,radical_precheck_qedsa,100,0.0,0.0,0.0,0,100,0
TargetDiff,qed_sa,no_sp_element_qedsa,100,0.005000000000000001,-0.004722222222222221,0.016111111111111107,7,88,5
TargetDiff,radical_precheck_qedsa,qed_sa,100,0.0,0.0,0.0,0,100,0
TargetDiff,radical_precheck_qedsa,contact_clash_rule,100,0.09263492063492063,0.06300456349206351,0.12105575396825394,62,25,13
TargetDiff,radical_precheck_qedsa,full_audit_gate_qedsa_fixed_budget,100,0.0,0.0,0.0,0,100,0
TargetDiff,radical_precheck_qedsa,no_sp_element_qedsa,100,0.005000000000000001,-0.004472916666666667,0.01619513888888889,7,88,5
