dataset,generator,method,n_groups,selected_count,nominal_count,endpoint_positive_mean,endpoint_positive_sd,failures_per_1000_selected,failures_per_1000_nominal,relaxation_success_mean,conditional_endpoint_rate_success_mean,conditional_pb_pass_success_mean,effective_coverage_mean
TargetDiff-family,CVAE,qed_sa,100,999,999,0.6127777777777778,0.339715831600736,387.2222222222222,387.2222222222222,0.7340000000000001,0.8263762242485647,0.9300827423167849,1.0
TargetDiff-family,CVAE,contact_clash_rule,100,999,999,0.5903333333333333,0.3154564860845226,409.66666666666663,409.66666666666663,0.7003333333333334,0.8387844611528822,0.919578111946533,1.0
TargetDiff-family,CVAE,full_audit_gate_qedsa_fixed_budget,100,999,999,0.6127777777777778,0.33067543026292945,387.2222222222222,387.2222222222222,0.7340000000000001,0.8345744680851064,0.9194739952718677,1.0
TargetDiff-family,CVAE,full_audit_gate_qedsa_no_backfill,100,981,999,0.6207777777777778,0.3339151488017975,379.2222222222222,379.2222222222222,0.7340000000000001,0.8430851063829787,0.9205378250591016,0.982
TargetDiff-family,CVAE,audit_failure_count_qedsa,100,999,999,0.6127777777777778,0.33067543026292945,387.2222222222222,387.2222222222222,0.7340000000000001,0.8345744680851064,0.9194739952718677,1.0
TargetDiff-family,CVAE,radical_precheck_qedsa,100,999,999,0.6127777777777778,0.339715831600736,387.2222222222222,387.2222222222222,0.7340000000000001,0.8263762242485647,0.9300827423167849,1.0
TargetDiff-family,CVAE,no_sp_element_qedsa,100,999,999,0.6317777777777778,0.3283048322074007,368.2222222222222,368.2222222222222,0.757,0.8357514880952381,0.9346643518518518,1.0
TargetDiff-family,CVAE,processability_oracle_qedsa,100,999,999,0.7987777777777778,0.23290749983466996,201.22222222222223,201.22222222222223,0.9690000000000001,0.8241496598639456,0.9121315192743764,1.0
TargetDiff-family,CVAE,logreg_endpoint,100,999,999,0.7098888888888889,0.29173635531092285,290.1111111111111,290.1111111111111,0.7978888888888889,0.8830367585630744,0.9675647451963242,1.0
TargetDiff-family,CVAE,hgb_endpoint,100,999,999,0.6716666666666667,0.3035286306588386,328.33333333333337,328.33333333333337,0.7787777777777778,0.8542773600668337,0.9568337510442774,1.0
TargetDiff-family,AR,qed_sa,97,940,940,0.888545246277205,0.16282180551274644,111.45475372279495,111.45475372279496,0.9233676975945017,0.9599533627884143,0.9651080019636721,1.0
TargetDiff-family,AR,contact_clash_rule,97,940,940,0.7165234822451317,0.3085491953586525,283.47651775486827,283.47651775486827,0.8418957617411226,0.8339891395154553,0.8472932330827068,1.0
TargetDiff-family,AR,full_audit_gate_qedsa_fixed_budget,97,940,940,0.8895761741122566,0.16321120428509672,110.42382588774339,110.42382588774342,0.9243986254295533,0.9599533627884143,0.9651080019636721,1.0
TargetDiff-family,AR,full_audit_gate_qedsa_no_backfill,97,940,940,0.8895761741122566,0.16321120428509672,110.42382588774339,110.42382588774342,0.9243986254295533,0.9599533627884143,0.9651080019636721,1.0
TargetDiff-family,AR,audit_failure_count_qedsa,97,940,940,0.8895761741122566,0.16321120428509672,110.42382588774339,110.42382588774342,0.9243986254295533,0.9599533627884143,0.9651080019636721,1.0
TargetDiff-family,AR,radical_precheck_qedsa,97,940,940,0.888545246277205,0.16282180551274644,111.45475372279495,111.45475372279496,0.9233676975945017,0.9599533627884143,0.9651080019636721,1.0
TargetDiff-family,AR,no_sp_element_qedsa,97,940,940,0.8936998854524627,0.16214473048074035,106.3001145475372,106.30011454753723,0.9285223367697594,0.9600679103256423,0.9652225495009,1.0
TargetDiff-family,AR,processability_oracle_qedsa,97,940,940,0.9532646048109966,0.10394653461497248,46.735395189003434,46.735395189003434,1.0,0.9532646048109966,0.9595647193585338,1.0
TargetDiff-family,AR,logreg_endpoint,97,940,940,0.9492554410080184,0.12384141276518143,50.74455899198167,50.74455899198168,0.9630011454753723,0.9831615120274915,0.988545246277205,1.0
TargetDiff-family,AR,hgb_endpoint,97,940,940,0.9222794959908361,0.14869220452177648,77.72050400916379,77.7205040091638,0.9402920962199313,0.9794141711667484,0.9848265423007692,1.0
TargetDiff-family,Pocket2Mol,qed_sa,100,984,984,0.9938888888888888,0.024331695899890725,6.11111111111111,6.111111111111111,1.0,0.9938888888888888,0.997,1.0
TargetDiff-family,Pocket2Mol,contact_clash_rule,100,984,984,0.9807777777777779,0.053412189178706666,19.222222222222218,19.22222222222222,1.0,0.9807777777777779,0.985,1.0
TargetDiff-family,Pocket2Mol,full_audit_gate_qedsa_fixed_budget,100,984,984,0.9938888888888888,0.024331695899890725,6.11111111111111,6.111111111111111,1.0,0.9938888888888888,0.997,1.0
TargetDiff-family,Pocket2Mol,full_audit_gate_qedsa_no_backfill,100,984,984,0.9938888888888888,0.024331695899890725,6.11111111111111,6.111111111111111,1.0,0.9938888888888888,0.997,1.0
TargetDiff-family,Pocket2Mol,audit_failure_count_qedsa,100,984,984,0.9938888888888888,0.024331695899890725,6.11111111111111,6.111111111111111,1.0,0.9938888888888888,0.997,1.0
TargetDiff-family,Pocket2Mol,radical_precheck_qedsa,100,984,984,0.9938888888888888,0.024331695899890725,6.11111111111111,6.111111111111111,1.0,0.9938888888888888,0.997,1.0
TargetDiff-family,Pocket2Mol,no_sp_element_qedsa,100,984,984,0.9948888888888889,0.02241331975314908,5.111111111111111,5.111111111111111,1.0,0.9948888888888889,0.998,1.0
TargetDiff-family,Pocket2Mol,processability_oracle_qedsa,100,984,984,0.9938888888888888,0.024331695899890725,6.11111111111111,6.111111111111111,1.0,0.9938888888888888,0.997,1.0
TargetDiff-family,Pocket2Mol,logreg_endpoint,100,984,984,0.9778888888888889,0.054444444444444455,22.111111111111107,22.111111111111114,1.0,0.9778888888888889,0.9778888888888889,1.0
TargetDiff-family,Pocket2Mol,hgb_endpoint,100,984,984,0.991,0.03208259542638232,8.999999999999998,9.0,1.0,0.991,0.992,1.0
TargetDiff-family,TargetDiff,qed_sa,100,943,943,0.9160198412698413,0.09941958252732784,83.98015873015873,83.98015873015873,1.0,0.9160198412698413,0.9446150793650794,1.0
TargetDiff-family,TargetDiff,contact_clash_rule,100,943,943,0.8233849206349206,0.12313741112678096,176.61507936507937,176.61507936507937,0.9915,0.8302460317460317,0.8890714285714286,1.0
TargetDiff-family,TargetDiff,full_audit_gate_qedsa_fixed_budget,100,943,943,0.9160198412698413,0.09941958252732784,83.98015873015873,83.98015873015873,1.0,0.9160198412698413,0.9446150793650794,1.0
TargetDiff-family,TargetDiff,full_audit_gate_qedsa_no_backfill,100,943,943,0.9160198412698413,0.09941958252732784,83.98015873015873,83.98015873015873,1.0,0.9160198412698413,0.9446150793650794,1.0
TargetDiff-family,TargetDiff,audit_failure_count_qedsa,100,943,943,0.9160198412698413,0.09941958252732784,83.98015873015873,83.98015873015873,1.0,0.9160198412698413,0.9446150793650794,1.0
TargetDiff-family,TargetDiff,radical_precheck_qedsa,100,943,943,0.9160198412698413,0.09941958252732784,83.98015873015873,83.98015873015873,1.0,0.9160198412698413,0.9446150793650794,1.0
TargetDiff-family,TargetDiff,no_sp_element_qedsa,100,943,943,0.9110198412698413,0.11457258855939091,88.98015873015873,88.98015873015873,1.0,0.9110198412698413,0.9419761904761904,1.0
TargetDiff-family,TargetDiff,processability_oracle_qedsa,100,943,943,0.9160198412698413,0.09941958252732784,83.98015873015873,83.98015873015873,1.0,0.9160198412698413,0.9446150793650794,1.0
TargetDiff-family,TargetDiff,logreg_endpoint,100,943,943,0.9279484126984127,0.10605934738749383,72.05158730158729,72.05158730158729,1.0,0.9279484126984127,0.9388214285714285,1.0
TargetDiff-family,TargetDiff,hgb_endpoint,100,943,943,0.9167579365079365,0.1127265501839253,83.24206349206348,83.2420634920635,1.0,0.9167579365079365,0.9318373015873016,1.0
