method,reference,n_groups,mean_delta,ci_low,ci_high,wins,ties,losses
audit_failure_count_qedsa,qed_sa,100,0.014000000000000007,0.004999999999999999,0.02500000000000001,10,89,1
audit_failure_count_qedsa,contact_clash_rule,100,0.016,0.001000000000000002,0.030999999999999996,21,67,12
audit_failure_count_qedsa,full_audit_gate_qedsa_fixed_budget,100,0.0,0.0,0.0,0,100,0
contact_clash_rule,qed_sa,100,-0.001999999999999993,-0.016999999999999994,0.013000000000000006,16,70,14
contact_clash_rule,full_audit_gate_qedsa_fixed_budget,100,-0.016,-0.03199999999999999,-0.0009999999999999976,12,67,21
full_audit_gate_qedsa_fixed_budget,qed_sa,100,0.014000000000000007,0.005000000000000002,0.02500000000000001,10,89,1
full_audit_gate_qedsa_fixed_budget,contact_clash_rule,100,0.016,0.0009999999999999898,0.03299999999999999,21,67,12
full_audit_gate_qedsa_no_backfill,qed_sa,100,0.014000000000000007,0.005000000000000001,0.02500000000000001,10,89,1
full_audit_gate_qedsa_no_backfill,contact_clash_rule,100,0.016,0.0010000000000000065,0.031025000000000105,21,67,12
full_audit_gate_qedsa_no_backfill,full_audit_gate_qedsa_fixed_budget,100,0.0,0.0,0.0,0,100,0
phys_hgb_full,qed_sa,100,0.05999999999999996,0.04066666666666662,0.0803333333333333,53,27,20
phys_hgb_full,contact_clash_rule,100,0.06199999999999996,0.041666666666666616,0.08334166666666665,55,28,17
phys_hgb_full,full_audit_gate_qedsa_fixed_budget,100,0.04599999999999996,0.027999999999999962,0.06299999999999994,51,29,20
phys_logreg_full,qed_sa,100,0.0643333333333333,0.04366666666666666,0.08566666666666663,56,30,14
phys_logreg_full,contact_clash_rule,100,0.0663333333333333,0.045333333333333295,0.08766666666666664,54,31,15
phys_logreg_full,full_audit_gate_qedsa_fixed_budget,100,0.0503333333333333,0.03233333333333332,0.06799999999999995,52,34,14
phys_rf_direct_excluded,qed_sa,100,0.06666666666666662,0.04599999999999998,0.0883333333333333,53,29,18
phys_rf_direct_excluded,contact_clash_rule,100,0.06866666666666664,0.04699999999999997,0.09134166666666665,55,26,19
phys_rf_direct_excluded,full_audit_gate_qedsa_fixed_budget,100,0.05266666666666663,0.03499999999999997,0.07166666666666661,51,29,20
phys_rf_full,qed_sa,100,0.0643333333333333,0.043999999999999956,0.08633333333333329,52,28,20
phys_rf_full,contact_clash_rule,100,0.0663333333333333,0.045666666666666626,0.08866666666666662,52,31,17
phys_rf_full,full_audit_gate_qedsa_fixed_budget,100,0.0503333333333333,0.03299166666666663,0.06799999999999995,50,31,19
qed_sa,contact_clash_rule,100,0.001999999999999993,-0.012000000000000016,0.01799999999999998,14,70,16
qed_sa,full_audit_gate_qedsa_fixed_budget,100,-0.014000000000000007,-0.025,-0.005000000000000001,1,89,10
