target,controlled_variant,reliable,chemical_failure,geometric_failure,pocket_failure,synthetic_failure,scoring_failure
adrb2,chemical_alert,0.0,1.0,0.016666666666666666,0.08333333333333333,0.0,0.0
adrb2,clash_inject,0.0,0.0,1.0,0.5166666666666667,0.0,1.0
adrb2,collapse,0.0,0.0,1.0,0.08333333333333333,0.0,0.0
adrb2,docked,0.9,0.0,0.016666666666666666,0.08333333333333333,0.0,0.0
adrb2,pocket_shift,0.0,0.0,0.45,1.0,0.0,0.0
adrb2,synthetic_alert,0.0,0.0,0.016666666666666666,0.08333333333333333,1.0,0.0
bace1,chemical_alert,0.0,1.0,0.23333333333333334,0.0,0.05,0.0
bace1,clash_inject,0.0,0.0,1.0,0.6666666666666666,0.05,1.0
bace1,collapse,0.0,0.0,1.0,0.1,0.05,0.0
bace1,docked,0.7166666666666667,0.0,0.23333333333333334,0.0,0.05,0.0
bace1,pocket_shift,0.0,0.0,0.48333333333333334,1.0,0.05,0.0
bace1,synthetic_alert,0.0,0.0,0.23333333333333334,0.0,1.0,0.0
cp3a4,chemical_alert,0.0,1.0,0.0,0.0,0.0,0.0
cp3a4,clash_inject,0.0,0.0,1.0,0.9,0.0,1.0
cp3a4,collapse,0.0,0.0,1.0,0.13333333333333333,0.0,0.0
cp3a4,docked,1.0,0.0,0.0,0.0,0.0,0.0
cp3a4,pocket_shift,0.0,0.0,0.7666666666666667,1.0,0.0,0.0
cp3a4,synthetic_alert,0.0,0.0,0.0,0.0,1.0,0.0
pparg,chemical_alert,0.0,1.0,0.11666666666666667,0.06666666666666667,0.0,0.0
pparg,clash_inject,0.0,0.0,1.0,0.6333333333333333,0.0,1.0
pparg,collapse,0.0,0.0,1.0,0.06666666666666667,0.0,0.0
pparg,docked,0.8166666666666667,0.0,0.11666666666666667,0.06666666666666667,0.0,0.0
pparg,pocket_shift,0.0,0.0,0.6333333333333333,1.0,0.0,0.0
pparg,synthetic_alert,0.0,0.0,0.11666666666666667,0.06666666666666667,1.0,0.0
src,chemical_alert,0.0,1.0,0.05,0.0,0.0,0.0
src,clash_inject,0.0,0.016666666666666666,1.0,0.7,0.0,1.0
src,collapse,0.0,0.016666666666666666,1.0,0.0,0.0,0.0
src,docked,0.9333333333333333,0.016666666666666666,0.05,0.0,0.0,0.0
src,pocket_shift,0.0,0.016666666666666666,0.4,1.0,0.0,0.0
src,synthetic_alert,0.0,0.016666666666666666,0.05,0.0,1.0,0.0
try1,chemical_alert,0.0,1.0,0.06779661016949153,0.0,0.0,0.0
try1,clash_inject,0.0,0.0,1.0,0.7627118644067796,0.0,1.0
try1,collapse,0.0,0.0,1.0,0.0,0.0,0.0
try1,docked,0.9322033898305084,0.0,0.06779661016949153,0.0,0.0,0.0
try1,pocket_shift,0.0,0.0,0.06779661016949153,1.0,0.0,0.0
try1,synthetic_alert,0.0,0.0,0.06779661016949153,0.0,1.0,0.0
