metric,mean
chemical_failure.roc_auc,0.9949587136027814
chemical_failure.pr_auc,0.9936096531515614
chemical_failure.f1,0.9938607932406384
chemical_failure.best_f1,0.9938607932406384
chemical_failure.mcc,0.9926551446401446
chemical_failure.ece,0.017809061551492186
chemical_failure.threshold,0.8400888654092947
chemical_failure.positive_rate,0.16898148148148148
geometric_failure.roc_auc,0.9946213493534857
geometric_failure.pr_auc,0.9937933410880946
geometric_failure.f1,0.963903292577659
geometric_failure.best_f1,0.963903292577659
geometric_failure.mcc,0.9336848907773823
geometric_failure.ece,0.042561464488993464
geometric_failure.threshold,0.42571963576806915
geometric_failure.positive_rate,0.45151443816698056
pocket_failure.roc_auc,0.9616619531385173
pocket_failure.pr_auc,0.9416252209751337
pocket_failure.f1,0.8822057604785324
pocket_failure.best_f1,0.8822057604785324
pocket_failure.mcc,0.8319484123476927
pocket_failure.ece,0.07032942683373018
pocket_failure.threshold,0.42898859414789414
pocket_failure.positive_rate,0.30590866290018837
synthetic_failure.roc_auc,0.9915457953404905
synthetic_failure.pr_auc,0.9858530752211974
synthetic_failure.f1,0.9797757995062842
synthetic_failure.best_f1,0.9797757995062842
synthetic_failure.mcc,0.9763598338833466
synthetic_failure.ece,0.027143341344783595
synthetic_failure.threshold,0.7272468540403578
synthetic_failure.positive_rate,0.17361111111111108
scoring_failure.roc_auc,0.9999938271604939
scoring_failure.pr_auc,0.9999696417729204
scoring_failure.f1,0.9990817263544537
scoring_failure.best_f1,0.9990817263544537
scoring_failure.mcc,0.998901675398955
scoring_failure.ece,0.018555609643380013
scoring_failure.threshold,0.716395667857594
scoring_failure.positive_rate,0.16666666666666663
seed,20260523.0
