chemical_failure.roc_auc,chemical_failure.pr_auc,chemical_failure.f1,chemical_failure.best_f1,chemical_failure.mcc,chemical_failure.ece,chemical_failure.threshold,chemical_failure.positive_rate,geometric_failure.roc_auc,geometric_failure.pr_auc,geometric_failure.f1,geometric_failure.best_f1,geometric_failure.mcc,geometric_failure.ece,geometric_failure.threshold,geometric_failure.positive_rate,pocket_failure.roc_auc,pocket_failure.pr_auc,pocket_failure.f1,pocket_failure.best_f1,pocket_failure.mcc,pocket_failure.ece,pocket_failure.threshold,pocket_failure.positive_rate,synthetic_failure.roc_auc,synthetic_failure.pr_auc,synthetic_failure.f1,synthetic_failure.best_f1,synthetic_failure.mcc,synthetic_failure.ece,synthetic_failure.threshold,synthetic_failure.positive_rate,scoring_failure.roc_auc,scoring_failure.pr_auc,scoring_failure.f1,scoring_failure.best_f1,scoring_failure.mcc,scoring_failure.ece,scoring_failure.threshold,scoring_failure.positive_rate,heldout_target,seed
1.0,1.0,1.0,1.0,1.0,0.02072984507087515,0.9818512201309204,0.16666666666666666,0.9923492063492063,0.9901781117776648,0.9455782312925171,0.9455782312925171,0.9085863198007664,0.04031595709190394,0.22159162163734436,0.4166666666666667,0.9560403777271247,0.9235161400103208,0.8465116279069766,0.8465116279069766,0.782106132987249,0.07691844142003293,0.7287941575050354,0.30833333333333335,1.0,1.0,1.0,1.0,1.0,0.03614888154681669,0.9777310490608215,0.16666666666666666,1.0,1.0,1.0,1.0,1.0,0.021970448463010443,0.7423155903816223,0.16666666666666666,adrb2,20260522
1.0,1.0,1.0,1.0,1.0,0.0128949875885155,0.8705151677131653,0.16666666666666666,0.9973357291118065,0.997739987827603,0.9739583333333333,0.9739583333333333,0.9442569657767265,0.03738396150228155,0.1926855891942978,0.5305555555555556,0.9692467686822166,0.9449189729425591,0.8743718592964823,0.8743718592964823,0.8300481665768524,0.10345447783151433,0.796951413154602,0.29444444444444445,0.9492865497076023,0.9243998853753076,0.8905109489051095,0.8905109489051095,0.8710438713037394,0.027691868244437503,0.188902348279953,0.20833333333333334,1.0,1.0,1.0,1.0,1.0,0.01678086363357984,0.49105578660964966,0.16666666666666666,bace1,20260522
1.0,1.0,1.0,1.0,1.0,0.019289765661879857,0.9943199157714844,0.16666666666666666,0.9888833685256491,0.9873362645934878,0.9526627218934911,0.9526627218934911,0.9113127210201096,0.02942258693753199,0.3593456447124481,0.46111111111111114,0.9781650365064058,0.9638992169906859,0.9205020920502092,0.9205020920502092,0.8814590498842821,0.057997442353371294,0.38810431957244873,0.3388888888888889,1.0,1.0,1.0,1.0,1.0,0.019485908839204875,0.9697526693344116,0.16666666666666666,0.9999444444444445,0.9997267759562841,0.9917355371900827,0.9917355371900827,0.9901150785905944,0.02389283366161787,0.9182665944099426,0.16666666666666666,cp3a4,20260522
1.0,1.0,1.0,1.0,1.0,0.011386467708830927,0.9299770593643188,0.16666666666666666,0.9943825426710702,0.9944582528970528,0.9558011049723757,0.9558011049723757,0.9113443502101568,0.041593207266689414,0.7641769051551819,0.49722222222222223,0.9376337184424476,0.9129617006521382,0.8416666666666667,0.8416666666666667,0.764945564127811,0.07148280102386101,0.09352969378232956,0.31666666666666665,1.0,1.0,1.0,1.0,1.0,0.02914691909447558,0.8495252132415771,0.16666666666666666,1.0,1.0,1.0,1.0,1.0,0.015188432491979457,0.8429900407791138,0.16666666666666666,pparg,20260522
0.9595827900912646,0.9481894968554855,0.9600000000000001,0.9600000000000001,0.95272887417791,0.001394671912324453,0.7912748456001282,0.18055555555555555,0.9973477313630766,0.9965177108886156,0.9679487179487181,0.9679487179487181,0.943998354095591,0.03163899809032953,0.5156945586204529,0.425,0.97062623499012,0.9534236075978471,0.900990099009901,0.900990099009901,0.8624669911039933,0.035506683397377024,0.4755222499370575,0.2833333333333333,1.0,1.0,1.0,1.0,1.0,0.0233448488375062,0.6725722551345825,0.16666666666666666,1.0,1.0,1.0,1.0,1.0,0.011390687449218409,0.5344708561897278,0.16666666666666666,src,20260522
1.0,1.0,1.0,1.0,1.0,0.03787309420295059,0.9648030996322632,0.16666666666666666,0.9957598371777476,0.993429969435887,0.9578544061302682,0.9578544061302682,0.9341164275584699,0.030867866577283708,0.7021649479866028,0.3785310734463277,0.9886153846153847,0.9703570224692218,0.9351851851851851,0.9351851851851851,0.9080751349341518,0.07291409336065013,0.20035183429718018,0.2937853107344633,0.9987359954036197,0.9946950348622046,0.9827586206896551,0.9827586206896551,0.9795896894087643,0.021156494352600034,0.2195845991373062,0.16666666666666666,1.0,1.0,1.0,1.0,1.0,0.01915039496896621,0.21490201354026794,0.16666666666666666,try1,20260522
1.0,1.0,1.0,1.0,1.0,0.02849651713832928,0.9816962480545044,0.16666666666666666,0.9915873015873016,0.9904358153777348,0.9545454545454545,0.9545454545454545,0.9215538259778158,0.04351199160931478,0.047051526606082916,0.4166666666666667,0.9122978400086834,0.8954227256240461,0.8348623853211008,0.8348623853211008,0.7634482010895861,0.08786044717611126,0.7282282710075378,0.30833333333333335,1.0,1.0,1.0,1.0,1.0,0.030813829802597562,0.9662352204322815,0.16666666666666666,1.0,1.0,1.0,1.0,1.0,0.02134813650692296,0.9635498523712158,0.16666666666666666,adrb2,20260523
1.0,1.0,1.0,1.0,1.0,0.012118999578483954,0.741555392742157,0.16666666666666666,0.9969639703832214,0.9974651402321568,0.9765013054830288,0.9765013054830288,0.9498102408436663,0.04575281989608711,0.23336517810821533,0.5305555555555556,0.9729237854702124,0.9504640750052193,0.8803827751196173,0.8803827751196173,0.831643377190291,0.09393919873141889,0.6922369599342346,0.29444444444444445,0.9483040935672514,0.9171502578469353,0.888888888888889,0.888888888888889,0.8717797887081348,0.03388870782930301,0.8101300001144409,0.20833333333333334,1.0,1.0,1.0,1.0,1.0,0.015747115490436645,0.5009105801582336,0.16666666666666666,bace1,20260523
1.0,1.0,1.0,1.0,1.0,0.01902221557813593,0.9914708733558655,0.16666666666666666,0.9882002235747113,0.9868563733937293,0.9504373177842566,0.9504373177842566,0.9071328360118102,0.032645193617402896,0.11263500154018402,0.46111111111111114,0.9827455572392891,0.9732055712038556,0.9508196721311475,0.9508196721311475,0.9256095880975341,0.07856969299811886,0.2654152512550354,0.3388888888888889,1.0,1.0,1.0,1.0,1.0,0.015797743884710745,0.9450296759605408,0.16666666666666666,0.9999444444444445,0.9997267759562841,0.9917355371900827,0.9917355371900827,0.9901150785905944,0.018510343958688388,0.9076151847839355,0.16666666666666666,cp3a4,20260523
1.0,1.0,1.0,1.0,1.0,0.01744359549775254,0.806290328502655,0.16666666666666666,0.9940121608691626,0.9940843556395914,0.9577464788732395,0.9577464788732395,0.9167837487003712,0.032771659045890085,0.7494817972183228,0.49722222222222223,0.9461203822564541,0.920660460002755,0.8547717842323652,0.8547717842323652,0.7845977717008804,0.06294775535768873,0.07654682546854019,0.31666666666666665,1.0,1.0,1.0,1.0,1.0,0.031432458200773304,0.874342143535614,0.16666666666666666,1.0,1.0,1.0,1.0,1.0,0.019887376698089713,0.8454396724700928,0.16666666666666666,pparg,20260523
0.9695958279009126,0.9606408284653903,0.9682539682539683,0.9682539682539683,0.9622405463555783,0.006681580020166511,0.37491574883461,0.18055555555555555,0.997568753749487,0.9967968724553727,0.9712460063897763,0.9712460063897763,0.9498956733669913,0.035352193486808875,0.45116546750068665,0.425,0.989626082991336,0.9736161834419583,0.9142857142857143,0.9142857142857143,0.8797477445640501,0.038733590455942456,0.42479801177978516,0.2833333333333333,1.0,1.0,1.0,1.0,1.0,0.02449514433432745,0.7843980193138123,0.16666666666666666,1.0,1.0,1.0,1.0,1.0,0.01024016291937895,0.9500560164451599,0.16666666666666666,src,20260523
1.0,1.0,1.0,1.0,1.0,0.03083855702359582,0.9072789549827576,0.16666666666666666,0.9981004070556309,0.9972449708193873,0.9812734082397004,0.9812734082397004,0.9699533292171155,0.07076284994100257,0.7330021262168884,0.3785310734463277,0.9816538461538462,0.9567711871251809,0.8949771689497716,0.8949771689497716,0.8503605472213754,0.0805461654059492,0.11830724030733109,0.2937853107344633,0.9993105429474288,0.9971353544998807,0.9914529914529915,0.9914529914529915,0.989812977147567,0.03172782227030865,0.18012578785419464,0.16666666666666666,1.0,1.0,1.0,1.0,1.0,0.02717238377006826,0.3805001378059387,0.16666666666666666,try1,20260523
1.0,1.0,1.0,1.0,1.0,0.01841272933783734,0.9847352504730225,0.16666666666666666,0.9928253968253968,0.9908047942612295,0.9511400651465798,0.9511400651465798,0.9155764358880791,0.0439820425993983,0.08231854438781738,0.4166666666666667,0.8699663518940628,0.8642007066185674,0.803921568627451,0.803921568627451,0.7327825132296814,0.09282138766951295,0.7676512598991394,0.30833333333333335,1.0,1.0,1.0,1.0,1.0,0.03152249281233202,0.9656705260276794,0.16666666666666666,1.0,1.0,1.0,1.0,1.0,0.01881642582100338,0.8195556998252869,0.16666666666666666,adrb2,20260524
1.0,1.0,1.0,1.0,1.0,0.01787220865274625,0.8278861045837402,0.16666666666666666,0.9969329904891725,0.997364509914174,0.9736842105263157,0.9736842105263157,0.9443328229184699,0.05286100677848377,0.29907432198524475,0.5305555555555556,0.9657926013965236,0.939077045132003,0.8627450980392157,0.8627450980392157,0.8098097159541325,0.10871023081320648,0.7195326685905457,0.29444444444444445,0.9521871345029239,0.9119748213972242,0.8823529411764706,0.8823529411764706,0.8622506833320339,0.0398175713724211,0.7079097032546997,0.20833333333333334,1.0,1.0,1.0,1.0,1.0,0.015292153930648868,0.6636106967926025,0.16666666666666666,bace1,20260524
1.0,1.0,1.0,1.0,1.0,0.013677421355128495,0.9873422384262085,0.16666666666666666,0.9905601788597689,0.9886251603707721,0.9616519174041298,0.9616519174041298,0.928265128385475,0.03368751371130606,0.2847896218299866,0.46111111111111114,0.9794048767047803,0.9635099909252879,0.9198312236286921,0.9198312236286921,0.8813988701339424,0.053150570284924474,0.37977704405784607,0.3388888888888889,1.0,1.0,1.0,1.0,1.0,0.01430535978741115,0.9241811037063599,0.16666666666666666,1.0,1.0,1.0,1.0,1.0,0.0193390376998448,0.9717040061950684,0.16666666666666666,cp3a4,20260524
1.0,1.0,1.0,1.0,1.0,0.013781230752000629,0.9001432061195374,0.16666666666666666,0.9943825426710702,0.9944536561503611,0.9611111111111111,0.9611111111111111,0.92228155189975,0.03722919519138185,0.7015012502670288,0.49722222222222223,0.9397018970189702,0.9129813734101851,0.8416666666666667,0.8416666666666667,0.764945564127811,0.07141036700377298,0.09594132751226425,0.31666666666666665,1.0,1.0,1.0,1.0,1.0,0.029441603871802932,0.8291071653366089,0.16666666666666666,1.0,1.0,1.0,1.0,1.0,0.020779573338222695,0.8009710311889648,0.16666666666666666,pparg,20260524
0.9800782268578879,0.9761434314072276,0.9612403100775193,0.9612403100775193,0.9528231829891155,0.0051484182480231126,0.1155039593577385,0.18055555555555555,0.9977897761358971,0.9970811431370428,0.9683544303797469,0.9683544303797469,0.9451480737438342,0.029237493922280713,0.36593443155288696,0.425,0.9866621067031464,0.9682343483992841,0.8965517241379312,0.8965517241379312,0.8559542836300329,0.022364294749447962,0.5342647433280945,0.2833333333333333,1.0,1.0,1.0,1.0,1.0,0.020338736878814708,0.7828254699707031,0.16666666666666666,1.0,1.0,1.0,1.0,1.0,0.0107082617042882,0.7860199809074402,0.16666666666666666,src,20260524
1.0,1.0,1.0,1.0,1.0,0.033500802599283,0.970039963722229,0.16666666666666666,0.9982021709633649,0.9974070504138397,0.9887640449438201,0.9887640449438201,0.9819792285776807,0.09708982353650515,0.8469749093055725,0.3785310734463277,0.9826923076923078,0.96203365000129,0.9056603773584906,0.9056603773584906,0.8656722057048102,0.05660204297424251,0.23584142327308655,0.2937853107344633,1.0,1.0,1.0,1.0,1.0,0.028023752246261177,0.44242042303085327,0.16666666666666666,1.0,1.0,1.0,1.0,1.0,0.02778634107487518,0.561188280582428,0.16666666666666666,try1,20260524
