generator,feature,candidates,baseline_roc_auc,permutation_auc_drop_mean,permutation_auc_drop_sd
AR,ring_count,9295,0.8243633798450459,0.3158790293037238,0.003092903380807661
AR,lp_q90,9295,0.8243633798450459,0.05147666775162659,0.003361451030393132
AR,tpsa,9295,0.8243633798450459,0.04390684836154383,0.0021040318489099563
AR,atom_O_frac,9295,0.8243633798450459,0.04095392237248877,0.0018130197116379193
AR,sa_proxy,9295,0.8243633798450459,0.01613372185613678,0.001700892155634396
AR,nn_q25,9295,0.8243633798450459,0.01350997450192711,0.0005963036678737387
AR,nn_q75,9295,0.8243633798450459,0.012438538744138325,0.001092648046218174
AR,atom_C_frac,9295,0.8243633798450459,0.011525423197533394,0.0015845798063059907
AR,atom_P_frac,9295,0.8243633798450459,0.010726011037469322,0.0010587094838836752
AR,rot_bonds,9295,0.8243633798450459,0.007135304603232824,0.0005223103269831871
CVAE,ring_count,9911,0.7019553059028697,0.18542588777009938,0.0028874855788784963
CVAE,tpsa,9911,0.7019553059028697,0.10436879295501644,0.001971446619789601
CVAE,atom_P_frac,9911,0.7019553059028697,0.05564875875681904,0.00012283224074455593
CVAE,lp_q90,9911,0.7019553059028697,0.03743672987622848,0.0032815364180210486
CVAE,nn_q90,9911,0.7019553059028697,0.03650158555511592,0.0012387540718894142
CVAE,sa_proxy,9911,0.7019553059028697,0.02410866735116572,0.0015944279986680188
CVAE,atom_O_frac,9911,0.7019553059028697,0.011583580413145778,0.0009782866354306747
CVAE,nn_q10,9911,0.7019553059028697,0.010241639345484907,0.0005600272937802362
CVAE,atom_C_frac,9911,0.7019553059028697,0.007642871256010301,0.0011265651845274896
CVAE,lp_q75,9911,0.7019553059028697,0.005552567075205535,0.0006454668484469542
Pocket2Mol,lp_q05,9831,0.5028152746255385,0.015394291551481587,0.001995017474423537
Pocket2Mol,sa_proxy,9831,0.5028152746255385,0.011827378816217019,0.0009829712108566449
Pocket2Mol,tpsa,9831,0.5028152746255385,0.011744906845459443,0.0122337426157472
Pocket2Mol,atom_N_frac,9831,0.5028152746255385,0.010499457603895368,0.0012469119499054358
Pocket2Mol,lp_q90,9831,0.5028152746255385,0.010171611106279918,0.007949272923157029
Pocket2Mol,atom_P_frac,9831,0.5028152746255385,0.00812267256545405,0.003058668641434406
Pocket2Mol,nn_q75,9831,0.5028152746255385,0.006510998780476414,0.00318909092191502
Pocket2Mol,nn_q90,9831,0.5028152746255385,0.004198517382601019,0.0019747873674093356
Pocket2Mol,nn_q25,9831,0.5028152746255385,0.0036369322549919905,0.002837367081511489
Pocket2Mol,rot_bonds,9831,0.5028152746255385,0.0031084175711025654,0.0003954219931177124
TargetDiff,ring_count,9036,0.5848643520111758,0.09960497323816585,0.004542834395550101
TargetDiff,lp_q90,9036,0.5848643520111758,0.03471246857354696,0.00561919070131426
TargetDiff,atom_O_frac,9036,0.5848643520111758,0.023307068448532847,0.002929991237407149
TargetDiff,sa_proxy,9036,0.5848643520111758,0.019401834860042138,0.0014524816795647335
TargetDiff,atom_C_frac,9036,0.5848643520111758,0.01883601505021944,0.0026761543606910066
TargetDiff,nn_q75,9036,0.5848643520111758,0.014315415706022128,0.0023998229502092557
TargetDiff,tpsa,9036,0.5848643520111758,0.0081620986709214,0.0024497937796684856
TargetDiff,lp_q75,9036,0.5848643520111758,0.006277352160792726,0.0010905001525548584
TargetDiff,rot_bonds,9036,0.5848643520111758,0.004467137395717728,0.0011536448802687582
TargetDiff,nn_q25,9036,0.5848643520111758,0.003543854653307014,0.0003529664545877315
